Name,Platform,Year_of_Release,Genre,Publisher,NA_Sales,EU_Sales,JP_Sales,Other_Sales,Global_Sales,Critic_Score,Critic_Count,User_Score,User_Count,Rating,Global_Sales_norm
SOCOM 3: U.S. Navy SEALs,PS2,2005.0,Shooter,Sony Computer Entertainment,1.22,0.34,0.04,0.1,1.69,82.0,59.0,8.8,66.0,M,1.0
Sonic Colors,Wii,2010.0,Platform,Sega,0.93,0.6,0.01,0.15,1.69,78.0,58.0,8.5,303.0,E,1.0
Harry Potter and the Sorcerers Stone,GBA,2001.0,Action,Electronic Arts,0.87,0.66,0.08,0.08,1.69,64.0,8.0,7.1,8.0,E,1.0
Dragon Ball Z: The Legacy of Goku,GBA,2002.0,Role-Playing,Infogrames,1.52,0.12,0.0,0.05,1.69,53.0,15.0,6.9,28.0,E,1.0
Need For Speed: Undercover,X360,2008.0,Racing,Electronic Arts,0.8,0.7,0.01,0.18,1.69,64.0,62.0,5.9,104.0,T,1.0
Resident Evil 4,GC,2005.0,Action,Capcom,0.98,0.42,0.22,0.06,1.69,96.0,82.0,9.4,774.0,M,1.0
Sid Meiers Civilization V,PC,2010.0,Strategy,Take-Two Interactive,0.99,0.52,0.0,0.18,1.68,90.0,70.0,7.9,2298.0,E10+,0.9940476190476191
Saints Row 2,PS3,2008.0,Action,THQ,0.88,0.54,0.02,0.25,1.68,82.0,50.0,7.9,135.0,M,0.9940476190476191
StarCraft II: Heart of the Swarm,PC,2013.0,Strategy,Activision,0.84,0.66,0.0,0.18,1.68,86.0,68.0,7.9,1350.0,T,0.9940476190476191
The Sims: Superstar,PC,2003.0,Simulation,Electronic Arts,1.67,0.0,0.0,0.0,1.68,79.0,20.0,8.2,25.0,T,0.9940476190476191
Metroid Fusion,GBA,2002.0,Action,Nintendo,1.18,0.27,0.17,0.06,1.68,92.0,44.0,9.1,200.0,E,0.9940476190476191
We Ski,Wii,2008.0,Sports,Namco Bandai Games,0.97,0.4,0.14,0.15,1.67,67.0,32.0,8.5,12.0,E,0.9880952380952381
Star Wars Battlefront: Renegade Squadron,PSP,2007.0,Shooter,LucasArts,0.9,0.46,0.0,0.32,1.67,73.0,35.0,7.9,46.0,T,0.9880952380952381
SSX 3,PS2,2003.0,Sports,Electronic Arts,0.93,0.52,0.0,0.22,1.67,93.0,41.0,9.1,125.0,E,0.9880952380952381
Madden NFL 2001,PS,2000.0,Sports,Electronic Arts,1.58,0.05,0.0,0.04,1.67,90.0,14.0,6.8,4.0,E,0.9880952380952381
Star Wars: Battlefront II,X,2005.0,Shooter,Activision,1.22,0.39,0.0,0.06,1.67,83.0,40.0,8.9,107.0,T,0.9880952380952381
Tony Hawks Pro Skater 3,PS,2001.0,Sports,Activision,1.09,0.49,0.02,0.07,1.67,87.0,10.0,8.3,37.0,E,0.9880952380952381
Dragon Age: Origins,PS3,2009.0,Role-Playing,Electronic Arts,0.96,0.42,0.08,0.21,1.67,87.0,41.0,7.9,603.0,M,0.9880952380952381
Spy Hunter,PS2,2001.0,Racing,Midway Games,1.13,0.32,0.0,0.22,1.67,84.0,28.0,7.8,13.0,T,0.9880952380952381
Mario Party 10,WiiU,2015.0,Misc,Nintendo,0.75,0.55,0.24,0.12,1.67,66.0,66.0,6.5,280.0,E,0.9880952380952381
Fight Night Round 3,PS3,2006.0,Fighting,Electronic Arts,0.81,0.58,0.01,0.26,1.67,83.0,37.0,7.9,24.0,T,0.9880952380952381
NCAA Football 2004,PS2,2003.0,Sports,Electronic Arts,1.35,0.09,0.0,0.23,1.67,94.0,15.0,8.8,81.0,E,0.9880952380952381
LEGO Batman 2: DC Super Heroes,X360,2012.0,Action,Warner Bros. Interactive Entertainment,0.9,0.62,0.0,0.15,1.67,79.0,59.0,7.2,115.0,E10+,0.9880952380952381
SpongeBob SquarePants: Battle for Bikini Bottom,PS2,2003.0,Platform,THQ,1.08,0.45,0.0,0.14,1.67,71.0,9.0,9.0,89.0,E,0.9880952380952381
Big Beach Sports,Wii,2008.0,Sports,THQ,0.45,1.02,0.0,0.2,1.66,44.0,17.0,8.0,41.0,E,0.9821428571428571
SSX,PS2,2000.0,Sports,Electronic Arts,0.78,0.61,0.06,0.2,1.66,93.0,35.0,8.3,33.0,E,0.9821428571428571
Shaun White Snowboarding: Road Trip,Wii,2008.0,Sports,Ubisoft,0.93,0.56,0.0,0.16,1.66,78.0,28.0,8.7,22.0,E10+,0.9821428571428571
NBA Ballers,PS2,2004.0,Sports,Midway Games,0.81,0.63,0.0,0.21,1.66,83.0,44.0,9.2,19.0,E,0.9821428571428571
Saints Row IV,X360,2013.0,Action,Deep Silver,1.01,0.5,0.01,0.13,1.66,81.0,42.0,6.5,326.0,M,0.9821428571428571
NBA Live 2003,PS2,2002.0,Sports,Electronic Arts,1.25,0.15,0.03,0.22,1.66,83.0,22.0,8.3,28.0,E,0.9821428571428571
Far Cry 4,XOne,2014.0,Shooter,Ubisoft,0.82,0.69,0.01,0.14,1.66,82.0,15.0,7.5,387.0,M,0.9821428571428571
Dragon Ball Z: Budokai Tenkaichi,PS2,2005.0,Fighting,Atari,0.96,0.12,0.54,0.04,1.66,72.0,29.0,8.4,71.0,T,0.9821428571428571
Kirbys Return to Dreamland,Wii,2011.0,Platform,Nintendo,0.58,0.21,0.79,0.07,1.65,77.0,49.0,8.5,158.0,E10+,0.9761904761904762
Mario Party 6,GC,2004.0,Misc,Nintendo,0.9,0.11,0.6,0.05,1.65,71.0,33.0,7.9,53.0,E,0.9761904761904762
Star Wars The Clone Wars: Lightsaber Duels,Wii,2008.0,Action,LucasArts,1.21,0.3,0.0,0.14,1.65,56.0,24.0,7.1,20.0,T,0.9761904761904762
Need for Speed Carbon,X360,2006.0,Racing,Electronic Arts,0.76,0.69,0.02,0.18,1.65,77.0,52.0,6.3,82.0,E10+,0.9761904761904762
Heavenly Sword,PS3,2007.0,Action,Sony Computer Entertainment,0.57,0.72,0.06,0.29,1.65,79.0,64.0,8.3,545.0,T,0.9761904761904762
MySims,Wii,2007.0,Simulation,Electronic Arts,0.9,0.54,0.04,0.17,1.65,68.0,38.0,7.2,56.0,E,0.9761904761904762
Army of Two,X360,2008.0,Shooter,Electronic Arts,1.09,0.37,0.02,0.16,1.64,72.0,76.0,7.6,233.0,M,0.9702380952380952
Tiger Woods PGA Tour 2003,PS2,2002.0,Sports,Electronic Arts,0.8,0.63,0.0,0.21,1.64,88.0,18.0,8.9,18.0,E,0.9702380952380952
Prince of Persia: Warrior Within,PS2,2004.0,Action,Ubisoft,0.54,0.88,0.0,0.22,1.64,83.0,51.0,8.5,121.0,M,0.9702380952380952
ESPN NFL 2K5,X,2004.0,Sports,Sega,1.54,0.02,0.0,0.07,1.63,92.0,42.0,9.1,93.0,E,0.9642857142857143
Beyond: Two Souls,PS3,2013.0,Adventure,Sony Computer Entertainment,0.52,0.8,0.06,0.26,1.63,70.0,98.0,8.1,2659.0,M,0.9642857142857143
Pikmin,GC,2001.0,Strategy,Nintendo,0.78,0.25,0.56,0.04,1.63,89.0,39.0,8.7,123.0,E,0.9642857142857143
Tiger Woods PGA Tour 2004,PS2,2003.0,Sports,Electronic Arts,1.18,0.34,0.0,0.1,1.63,89.0,23.0,8.8,40.0,E,0.9642857142857143
Call of Duty: Black Ops,PC,2010.0,Shooter,Activision,0.58,0.81,0.0,0.23,1.63,81.0,29.0,5.2,1657.0,M,0.9642857142857143
Ape Escape,PS,1999.0,Platform,Sony Computer Entertainment,0.71,0.48,0.32,0.11,1.63,90.0,19.0,8.8,53.0,E,0.9642857142857143
Max Payne 3,X360,2012.0,Shooter,Take-Two Interactive,0.86,0.62,0.01,0.13,1.62,86.0,80.0,7.8,874.0,M,0.9583333333333335
NCAA Football 2005,PS2,2004.0,Sports,Electronic Arts,1.32,0.09,0.0,0.22,1.62,88.0,29.0,8.8,35.0,E,0.9583333333333335
Viva Pinata,X360,2006.0,Simulation,Microsoft Game Studios,0.45,0.95,0.02,0.2,1.62,84.0,65.0,8.0,131.0,E,0.9583333333333335
LEGO Marvel Super Heroes,PS4,2013.0,Action,Warner Bros. Interactive Entertainment,0.59,0.76,0.01,0.26,1.62,83.0,22.0,7.7,262.0,E10+,0.9583333333333335
Kinectimals,X360,2010.0,Simulation,Microsoft Game Studios,1.02,0.46,0.0,0.13,1.62,74.0,50.0,3.2,70.0,E,0.9583333333333335
Kirby Air Ride,GC,2003.0,Racing,Nintendo,1.01,0.11,0.45,0.04,1.62,61.0,28.0,7.8,70.0,E,0.9583333333333335
Rock Band,PS3,2007.0,Misc,Electronic Arts,0.99,0.41,0.0,0.22,1.62,92.0,35.0,8.4,107.0,T,0.9583333333333335
Dragon Quest IV: Chapters of the Chosen,DS,2007.0,Role-Playing,Square Enix,0.3,0.02,1.27,0.03,1.62,80.0,44.0,7.9,50.0,E10+,0.9583333333333335
NFL Street 2,PS2,2004.0,Sports,Electronic Arts,0.79,0.62,0.0,0.21,1.61,77.0,33.0,8.7,20.0,E,0.9523809523809524
Forza Horizon 3,XOne,2016.0,Racing,Microsoft Game Studios,0.62,0.85,0.01,0.13,1.61,91.0,91.0,7.4,619.0,E,0.9523809523809524
Super Mario Strikers,GC,2005.0,Sports,Nintendo,0.98,0.38,0.2,0.04,1.61,76.0,39.0,8.7,56.0,E,0.9523809523809524
Rage,X360,2011.0,Shooter,Bethesda Softworks,0.82,0.6,0.03,0.15,1.6,81.0,77.0,6.7,559.0,M,0.9464285714285715
Mario Hoops 3 on 3,DS,2006.0,Sports,Nintendo,0.98,0.04,0.49,0.09,1.6,69.0,40.0,8.0,37.0,E,0.9464285714285715
Just Cause 2,X360,2010.0,Action,Square Enix,0.59,0.83,0.02,0.17,1.6,81.0,74.0,8.0,269.0,M,0.9464285714285715
Silent Hill,PS,1999.0,Action,Konami Digital Entertainment,0.71,0.48,0.3,0.1,1.6,86.0,17.0,9.2,332.0,M,0.9464285714285715
Sonic Heroes,GC,2003.0,Platform,Sega,1.05,0.44,0.06,0.04,1.6,72.0,49.0,7.8,126.0,E,0.9464285714285715
ESPN NBA 2K5,PS2,2004.0,Sports,Global Star,1.26,0.12,0.0,0.21,1.59,83.0,24.0,7.5,36.0,E,0.9404761904761906
Diablo,PC,1996.0,Role-Playing,Activision,0.01,1.58,0.0,0.0,1.59,94.0,12.0,8.7,859.0,M,0.9404761904761906
Far Cry 2,X360,2008.0,Action,Ubisoft,0.72,0.69,0.02,0.18,1.59,85.0,75.0,6.7,288.0,M,0.9404761904761906
The Legend of Zelda: Twilight Princess,GC,2006.0,Action,Nintendo,1.15,0.36,0.04,0.04,1.59,96.0,16.0,9.2,572.0,T,0.9404761904761906
Pokemon Battle Revolution,Wii,2006.0,Role-Playing,Nintendo,0.78,0.37,0.3,0.13,1.59,53.0,34.0,6.7,106.0,E,0.9404761904761906
Pro Evolution Soccer 2008,PS3,2007.0,Sports,Konami Digital Entertainment,0.04,1.1,0.32,0.13,1.59,74.0,19.0,6.1,47.0,E,0.9404761904761906
Kingdom Hearts 3D: Dream Drop Distance,3DS,2012.0,Action,Square Enix,0.88,0.26,0.34,0.1,1.58,75.0,54.0,8.2,269.0,E10+,0.9345238095238096
Dance Dance Revolution: Hottest Party 2,Wii,2008.0,Simulation,Konami Digital Entertainment,0.94,0.48,0.01,0.15,1.58,69.0,8.0,6.8,6.0,E10+,0.9345238095238096
SoulCalibur IV,X360,2008.0,Fighting,Ubisoft,0.92,0.43,0.07,0.15,1.58,85.0,62.0,7.9,158.0,T,0.9345238095238096
Sonic Generations,PS3,2011.0,Platform,Sega,0.6,0.7,0.02,0.26,1.58,76.0,38.0,8.2,255.0,E,0.9345238095238096
Spyro 2: Season of Flame,GBA,2002.0,Platform,Vivendi Games,0.85,0.65,0.0,0.08,1.58,76.0,18.0,7.6,13.0,E,0.9345238095238096
Donkey Kong Country: Tropical Freeze,WiiU,2014.0,Platform,Nintendo,0.72,0.58,0.16,0.12,1.58,83.0,77.0,8.9,715.0,E,0.9345238095238096
Devil May Cry 4,PS3,2008.0,Action,Capcom,0.58,0.45,0.34,0.2,1.57,84.0,63.0,8.2,311.0,M,0.9285714285714286
Watch Dogs,XOne,2014.0,Action,Ubisoft,0.9,0.53,0.0,0.14,1.57,78.0,15.0,5.8,716.0,M,0.9285714285714286
Dead Rising 3,XOne,2013.0,Action,Microsoft Game Studios,1.06,0.35,0.01,0.15,1.57,78.0,69.0,6.8,910.0,M,0.9285714285714286
Madden NFL 15,XOne,2014.0,Sports,Electronic Arts,1.31,0.09,0.0,0.16,1.57,80.0,19.0,6.4,138.0,E,0.9285714285714286
NCAA Football 2002,PS2,2001.0,Sports,Electronic Arts,0.77,0.6,0.0,0.2,1.57,90.0,18.0,8.7,24.0,E,0.9285714285714286
Guitar Hero: On Tour Decades,DS,2008.0,Misc,Activision,0.84,0.57,0.0,0.16,1.57,72.0,40.0,8.0,5.0,E10+,0.9285714285714286
Gears of War: Judgment,X360,2013.0,Shooter,Microsoft Game Studios,0.92,0.5,0.03,0.12,1.57,79.0,81.0,5.5,784.0,M,0.9285714285714286
Conflict: Desert Storm,PS2,2002.0,Shooter,Gotham Games,0.98,0.53,0.0,0.06,1.57,55.0,10.0,8.6,45.0,T,0.9285714285714286
Mario Party 7,GC,2005.0,Misc,Nintendo,0.95,0.11,0.46,0.04,1.57,64.0,25.0,7.9,55.0,E,0.9285714285714286
Dragon Quest V: Hand of the Heavenly Bride,DS,2008.0,Role-Playing,Square Enix,0.17,0.02,1.36,0.02,1.57,84.0,46.0,8.5,57.0,E10+,0.9285714285714286
LEGO Harry Potter: Years 1-4,X360,2010.0,Action,Warner Bros. Interactive Entertainment,0.95,0.48,0.0,0.14,1.56,79.0,58.0,8.0,62.0,E10+,0.9226190476190477
Smugglers Run,PS2,2000.0,Racing,Take-Two Interactive,0.77,0.6,0.0,0.2,1.56,79.0,21.0,6.8,18.0,T,0.9226190476190477
Need for Speed: Most Wanted,X360,2012.0,Racing,Electronic Arts,0.62,0.78,0.01,0.15,1.56,83.0,54.0,8.4,135.0,T,0.9226190476190477
Fight Night Round 3,PS2,2006.0,Fighting,Electronic Arts,1.07,0.4,0.0,0.1,1.56,84.0,32.0,8.1,41.0,T,0.9226190476190477
Carnival Games: Mini Golf,Wii,2008.0,Sports,Take-Two Interactive,0.86,0.54,0.0,0.15,1.56,38.0,10.0,5.7,7.0,E,0.9226190476190477
Pokemon Mystery Dungeon: Explorers of Sky,DS,2009.0,Role-Playing,Nintendo,0.57,0.43,0.44,0.12,1.56,54.0,26.0,9.0,134.0,E,0.9226190476190477
LEGO Pirates of the Caribbean: The Video Game,Wii,2011.0,Action,Disney Interactive Studios,0.73,0.67,0.0,0.15,1.56,73.0,14.0,7.0,13.0,E10+,0.9226190476190477
Stuntman,PS2,2002.0,Racing,Atari,0.76,0.59,0.0,0.2,1.55,71.0,37.0,5.7,36.0,T,0.9166666666666667
Wolfenstein: The New Order,PS4,2014.0,Shooter,Bethesda Softworks,0.48,0.8,0.03,0.24,1.55,79.0,73.0,8.1,1124.0,M,0.9166666666666667
Tom Clancys Rainbow Six 3,X,2003.0,Shooter,Ubisoft,0.91,0.57,0.0,0.07,1.55,86.0,39.0,8.5,31.0,M,0.9166666666666667
Spider-Man 2: Enter: Electro,PS,2001.0,Action,Activision,0.57,0.87,0.02,0.09,1.55,74.0,15.0,8.7,35.0,E,0.9166666666666667
Mafia II,X360,2010.0,Action,Take-Two Interactive,0.85,0.55,0.0,0.15,1.55,74.0,79.0,7.8,461.0,M,0.9166666666666667
Guitar Hero 5,Wii,2009.0,Misc,Activision,0.92,0.48,0.0,0.15,1.55,89.0,25.0,6.9,49.0,T,0.9166666666666667
BioShock 2,PS3,2010.0,Shooter,Take-Two Interactive,0.85,0.46,0.02,0.22,1.54,88.0,62.0,8.2,493.0,M,0.9107142857142858
Dark Cloud,PS2,2000.0,Role-Playing,Sony Computer Entertainment,0.83,0.44,0.08,0.19,1.54,80.0,27.0,8.3,100.0,T,0.9107142857142858
Warcraft III: The Frozen Throne,PC,2003.0,Strategy,Activision,0.58,0.87,0.0,0.09,1.54,88.0,23.0,9.0,719.0,T,0.9107142857142858
Active Life: Outdoor Challenge,Wii,2008.0,Sports,Atari,0.78,0.43,0.19,0.14,1.54,69.0,6.0,8.1,14.0,E,0.9107142857142858
Tom Clancys Ghost Recon Advanced Warfighter,X360,2006.0,Shooter,Ubisoft,1.4,0.02,0.02,0.1,1.54,90.0,78.0,8.0,215.0,T,0.9107142857142858
Call of Duty Black Ops: Declassified,PSV,2012.0,Action,Activision,0.72,0.47,0.07,0.28,1.54,33.0,58.0,4.8,479.0,M,0.9107142857142858
Batman: Arkham Knight,XOne,2015.0,Action,Warner Bros. Interactive Entertainment,0.93,0.47,0.0,0.14,1.54,85.0,16.0,6.6,696.0,M,0.9107142857142858
MVP Baseball 2005,PS2,2005.0,Sports,Electronic Arts,1.26,0.07,0.0,0.21,1.54,87.0,25.0,8.6,47.0,E,0.9107142857142858
Uncharted: Golden Abyss,PSV,2011.0,Shooter,Sony Computer Entertainment,0.53,0.66,0.13,0.22,1.54,80.0,80.0,7.4,771.0,T,0.9107142857142858
Go Vacation,Wii,2011.0,Misc,Namco Bandai Games,0.42,0.65,0.33,0.14,1.53,64.0,28.0,7.8,13.0,E10+,0.9047619047619048
Call of Duty: Black Ops II,PC,2012.0,Shooter,Activision,0.64,0.7,0.0,0.2,1.53,74.0,11.0,4.2,1639.0,M,0.9047619047619048
Pro Evolution Soccer 2013,PS3,2012.0,Sports,Konami Digital Entertainment,0.18,0.63,0.49,0.24,1.53,82.0,37.0,6.7,146.0,E,0.9047619047619048
Dishonored,PS3,2012.0,Action,Bethesda Softworks,0.72,0.52,0.04,0.25,1.53,89.0,35.0,7.9,787.0,M,0.9047619047619048
Mario Golf: Toadstool Tour,GC,2003.0,Sports,Nintendo,1.09,0.15,0.25,0.04,1.53,81.0,49.0,8.0,56.0,E,0.9047619047619048
Resident Evil: The Umbrella Chronicles,Wii,2007.0,Action,Capcom,0.67,0.43,0.29,0.14,1.52,75.0,47.0,7.6,122.0,M,0.8988095238095238
The Simpsons Skateboarding,PS2,2002.0,Sports,Electronic Arts,0.36,0.9,0.0,0.27,1.52,38.0,21.0,5.0,26.0,T,0.8988095238095238
Fight Night Round 4,PS3,2009.0,Fighting,Electronic Arts,0.92,0.4,0.0,0.2,1.52,88.0,46.0,7.6,96.0,T,0.8988095238095238
Super Monkey Ball 2,GC,2002.0,Puzzle,Atari,1.11,0.31,0.06,0.04,1.52,87.0,34.0,8.5,51.0,E,0.8988095238095238
Pac-Man World 2,PS2,2002.0,Action,Namco Bandai Games,1.26,0.05,0.0,0.21,1.51,73.0,19.0,7.8,26.0,E,0.8928571428571429
MySims Kingdom,Wii,2008.0,Simulation,Electronic Arts,0.7,0.64,0.01,0.16,1.51,76.0,19.0,8.1,24.0,E,0.8928571428571429
Dead Space 2,X360,2011.0,Shooter,Electronic Arts,0.94,0.44,0.0,0.13,1.51,90.0,83.0,8.6,681.0,M,0.8928571428571429
The Simpsons Game,PS2,2007.0,Action,Electronic Arts,0.35,0.03,0.0,1.13,1.51,68.0,10.0,8.2,27.0,T,0.8928571428571429
The Simpsons Game,DS,2007.0,Action,Electronic Arts,0.56,0.77,0.0,0.17,1.51,69.0,17.0,7.3,19.0,T,0.8928571428571429
Football Manager 2012,PC,2011.0,Sports,Sega,0.02,1.16,0.0,0.33,1.51,84.0,45.0,8.0,174.0,E,0.8928571428571429
Ni no Kuni: Wrath of the White Witch,PS3,2011.0,Role-Playing,Namco Bandai Games,0.6,0.47,0.21,0.23,1.51,85.0,89.0,8.6,993.0,E10+,0.8928571428571429
Call of Duty 3,PS3,2006.0,Shooter,Activision,0.6,0.62,0.03,0.26,1.5,80.0,43.0,6.8,93.0,T,0.886904761904762
SoulCalibur II,GC,2003.0,Fighting,Namco Bandai Games,0.99,0.32,0.11,0.08,1.5,93.0,45.0,9.0,137.0,T,0.886904761904762
Tokyo Xtreme Racer Zero,PS2,2000.0,Racing,Crave Entertainment,0.66,0.52,0.15,0.17,1.5,76.0,15.0,8.9,64.0,E,0.886904761904762
Red Faction II,PS2,2002.0,Shooter,THQ,0.49,0.78,0.0,0.23,1.5,84.0,30.0,8.3,36.0,M,0.886904761904762
Madden NFL 2001,PS2,2000.0,Sports,Electronic Arts,1.19,0.07,0.05,0.2,1.5,91.0,25.0,7.7,7.0,E,0.886904761904762
Star Wars: The Force Unleashed II,PS3,2010.0,Action,LucasArts,0.8,0.49,0.0,0.21,1.5,63.0,41.0,6.8,122.0,T,0.886904761904762
Rock Band 2,PS3,2008.0,Misc,MTV Games,1.13,0.2,0.0,0.16,1.49,91.0,24.0,7.9,88.0,T,0.8809523809523809
Final Fantasy: Crystal Chronicles,GC,2003.0,Role-Playing,Nintendo,0.72,0.38,0.36,0.04,1.49,80.0,55.0,8.1,94.0,T,0.8809523809523809
Medal of Honor: Frontline,X,2002.0,Shooter,Electronic Arts,1.0,0.43,0.0,0.06,1.49,81.0,18.0,6.9,23.0,T,0.8809523809523809
Madden NFL 09,PS2,2008.0,Sports,Electronic Arts,1.22,0.0,0.0,0.27,1.49,67.0,4.0,7.0,24.0,E,0.8809523809523809
Dead Rising 2,X360,2010.0,Action,Capcom,0.75,0.52,0.09,0.12,1.49,79.0,76.0,6.9,217.0,M,0.8809523809523809
Mafia II,PS3,2010.0,Action,Take-Two Interactive,0.5,0.69,0.04,0.26,1.49,75.0,61.0,7.7,299.0,M,0.8809523809523809
Sonic Rivals 2,PSP,2007.0,Racing,Sega,0.44,0.68,0.0,0.37,1.49,60.0,24.0,7.8,35.0,E,0.8809523809523809
Dirge of Cerberus: Final Fantasy VII,PS2,2006.0,Shooter,Square Enix,0.47,0.37,0.52,0.12,1.48,57.0,51.0,6.9,105.0,T,0.875
Resistance 3,PS3,2011.0,Shooter,Sony Computer Entertainment,0.64,0.57,0.05,0.22,1.48,83.0,91.0,7.8,544.0,M,0.875
Drawn To Life: SpongeBob SquarePants Edition,DS,2008.0,Adventure,THQ,0.99,0.35,0.0,0.13,1.48,68.0,12.0,5.5,4.0,E,0.875
007: Quantum of Solace,X360,2008.0,Action,Activision,0.82,0.51,0.01,0.14,1.48,65.0,69.0,7.1,71.0,T,0.875
Major League Baseball 2K5,PS2,2005.0,Sports,Take-Two Interactive,0.72,0.56,0.0,0.19,1.48,82.0,19.0,7.4,20.0,E,0.875
LEGO Star Wars III: The Clone Wars,X360,2011.0,Action,LucasArts,0.84,0.51,0.0,0.13,1.48,75.0,43.0,7.8,42.0,E10+,0.875
Fight Night 2004,PS2,2004.0,Fighting,Electronic Arts,1.08,0.2,0.0,0.2,1.48,85.0,43.0,9.0,25.0,T,0.875
Tom Clancys Splinter Cell: Pandora Tomorrow,X,2004.0,Action,Ubisoft,0.82,0.59,0.0,0.07,1.48,93.0,74.0,8.6,68.0,T,0.875
Tom Clancys Ghost Recon: Future Soldier,X360,2012.0,Shooter,Ubisoft,0.94,0.4,0.02,0.12,1.47,79.0,75.0,7.2,335.0,M,0.8690476190476191
Fight Night Round 3,X360,2006.0,Fighting,Electronic Arts,1.33,0.03,0.01,0.1,1.47,86.0,67.0,8.8,264.0,T,0.8690476190476191
Disney Infinity,X360,2013.0,Action,Disney Interactive Studios,1.0,0.34,0.0,0.13,1.47,74.0,38.0,6.5,79.0,E10+,0.8690476190476191
Xenogears,PS,1998.0,Role-Playing,SquareSoft,0.29,0.19,0.89,0.1,1.46,84.0,15.0,8.4,207.0,T,0.8630952380952381
Super Scribblenauts,DS,2010.0,Puzzle,Warner Bros. Interactive Entertainment,1.06,0.29,0.0,0.11,1.46,81.0,53.0,8.2,46.0,E10+,0.8630952380952381
Super Monkey Ball,GC,2001.0,Puzzle,Atari,0.95,0.37,0.1,0.04,1.46,87.0,28.0,7.9,46.0,E,0.8630952380952381
SoulCalibur IV,PS3,2008.0,Fighting,Ubisoft,0.72,0.4,0.14,0.2,1.46,85.0,65.0,7.9,129.0,T,0.8630952380952381
Mario Superstar Baseball,GC,2005.0,Sports,Nintendo,0.93,0.24,0.25,0.04,1.46,76.0,38.0,8.6,41.0,E,0.8630952380952381
Battlefield: Bad Company,X360,2008.0,Shooter,Electronic Arts,0.81,0.46,0.04,0.15,1.46,83.0,70.0,7.7,263.0,T,0.8630952380952381
Homefront,X360,2011.0,Shooter,THQ,0.83,0.48,0.02,0.12,1.46,70.0,85.0,6.0,399.0,M,0.8630952380952381
Onimusha 3: Demon Siege,PS2,2004.0,Action,Capcom,0.37,0.47,0.54,0.07,1.45,85.0,53.0,8.6,73.0,M,0.8571428571428571
LEGO Battles: Ninjago,DS,2011.0,Strategy,Warner Bros. Interactive Entertainment,1.02,0.32,0.0,0.11,1.45,59.0,14.0,6.9,11.0,E,0.8571428571428571
Red Dead Revolver,PS2,2004.0,Shooter,Take-Two Interactive,0.71,0.55,0.0,0.19,1.45,73.0,42.0,7.8,71.0,M,0.8571428571428571
NBA 2K14,PS4,2013.0,Sports,Take-Two Interactive,0.9,0.31,0.01,0.23,1.45,85.0,20.0,6.5,369.0,E,0.8571428571428571
Resident Evil: Outbreak,PS2,2003.0,Action,Capcom,0.54,0.35,0.46,0.1,1.45,71.0,40.0,8.3,94.0,M,0.8571428571428571
Mass Effect 2,PS3,2011.0,Role-Playing,Electronic Arts,0.78,0.45,0.03,0.19,1.45,94.0,62.0,8.5,1087.0,M,0.8571428571428571
Rise of the Tomb Raider,XOne,2015.0,Adventure,Square Enix,0.56,0.75,0.02,0.11,1.44,86.0,102.0,8.0,1297.0,M,0.8511904761904762
SingStar Pop,PS2,2007.0,Misc,Sony Computer Entertainment,0.04,1.08,0.0,0.32,1.44,73.0,13.0,7.5,8.0,E10+,0.8511904761904762
My Word Coach,DS,2007.0,Misc,Ubisoft,0.37,0.89,0.0,0.18,1.44,71.0,7.0,6.8,5.0,E,0.8511904761904762
Tiger Woods PGA Tour 2005,PS2,2004.0,Sports,Electronic Arts,1.03,0.32,0.0,0.09,1.44,88.0,30.0,8.2,20.0,E,0.8511904761904762
NCAA Football 2003,PS2,2002.0,Sports,Electronic Arts,1.16,0.08,0.0,0.19,1.44,91.0,19.0,8.6,27.0,E,0.8511904761904762
Star Wars: The Force Unleashed II,X360,2010.0,Action,LucasArts,0.95,0.37,0.0,0.11,1.44,61.0,59.0,5.8,181.0,T,0.8511904761904762
Frogger 2: Swampys Revenge,PS,1999.0,Action,Hasbro Interactive,0.8,0.54,0.0,0.09,1.43,77.0,4.0,7.9,8.0,E,0.8452380952380952
Yoshis New Island,3DS,2014.0,Platform,Nintendo,0.49,0.56,0.29,0.09,1.43,64.0,71.0,6.2,157.0,E,0.8452380952380952
WWE SmackDown vs Raw 2008,X360,2007.0,Fighting,THQ,0.92,0.38,0.0,0.13,1.43,71.0,41.0,6.8,48.0,T,0.8452380952380952
Kinect Joy Ride,X360,2010.0,Racing,Microsoft Game Studios,0.92,0.39,0.0,0.12,1.43,52.0,46.0,5.0,20.0,E,0.8452380952380952
Smarty Pants,Wii,2007.0,Misc,Electronic Arts,0.52,0.75,0.0,0.16,1.43,65.0,26.0,7.6,10.0,E,0.8452380952380952
Mortal Kombat X,XOne,2015.0,Fighting,Warner Bros. Interactive Entertainment,1.07,0.21,0.0,0.14,1.43,86.0,21.0,7.3,282.0,M,0.8452380952380952
Classic NES Series: Super Mario Bros.,GBA,2004.0,Platform,Nintendo,0.0,0.0,1.39,0.03,1.43,84.0,14.0,8.6,44.0,E,0.8452380952380952
Mass Effect 3,PS3,2012.0,Role-Playing,Electronic Arts,0.63,0.57,0.03,0.2,1.43,93.0,30.0,5.6,1855.0,M,0.8452380952380952
Anno 2070,PC,2011.0,Strategy,Ubisoft,0.0,1.13,0.0,0.29,1.43,83.0,33.0,7.0,496.0,T,0.8452380952380952
Hasbro Family Game Night,Wii,2008.0,Puzzle,Electronic Arts,0.96,0.33,0.0,0.13,1.43,63.0,12.0,7.5,11.0,E,0.8452380952380952
Sonic Rivals,PSP,2006.0,Racing,Sega,0.73,0.42,0.0,0.27,1.42,64.0,25.0,7.8,38.0,E,0.8392857142857143
Metal Gear Rising: Revengeance,PS3,2013.0,Action,Konami Digital Entertainment,0.46,0.37,0.44,0.16,1.42,80.0,61.0,7.9,752.0,M,0.8392857142857143
Tom Clancys Rainbow Six: Siege,XOne,2015.0,Shooter,Ubisoft,0.84,0.45,0.0,0.13,1.42,74.0,24.0,6.9,255.0,M,0.8392857142857143
BioShock,PS3,2008.0,Shooter,Take-Two Interactive,0.75,0.46,0.01,0.2,1.42,94.0,51.0,8.7,888.0,M,0.8392857142857143
Sonics Ultimate Genesis Collection,X360,2009.0,Misc,Sega,0.86,0.43,0.0,0.13,1.42,79.0,45.0,8.5,40.0,E10+,0.8392857142857143
Cabelas Big Game Hunter,PS2,2002.0,Sports,Activision,0.7,0.54,0.0,0.18,1.42,59.0,7.0,7.8,12.0,T,0.8392857142857143
SimCity (2013),PC,2013.0,Simulation,Electronic Arts,0.48,0.77,0.0,0.17,1.42,64.0,75.0,2.2,4578.0,E10+,0.8392857142857143
The Legend of Zelda: The Minish Cap,GBA,2004.0,Action,Nintendo,0.89,0.22,0.22,0.1,1.42,89.0,56.0,9.0,207.0,E,0.8392857142857143
NFL Street,PS2,2004.0,Sports,Electronic Arts,1.15,0.08,0.0,0.19,1.42,80.0,36.0,8.9,45.0,E,0.8392857142857143
Dead Space 2,PS3,2011.0,Shooter,Electronic Arts,0.73,0.48,0.0,0.21,1.42,89.0,78.0,8.4,539.0,M,0.8392857142857143
Medal of Honor: Warfighter,PS3,2012.0,Action,Electronic Arts,0.48,0.62,0.06,0.26,1.42,55.0,22.0,5.9,250.0,M,0.8392857142857143
Tiger Woods PGA Tour 09 All-Play,Wii,2008.0,Sports,Electronic Arts,0.8,0.47,0.0,0.14,1.42,81.0,18.0,8.7,34.0,E,0.8392857142857143
Rayman Raving Rabbids,Wii,2006.0,Misc,Ubisoft,1.22,0.06,0.02,0.11,1.42,76.0,54.0,7.9,116.0,E,0.8392857142857143
Dragon Quest Monsters: Joker 2,DS,2010.0,Role-Playing,Square Enix,0.09,0.07,1.24,0.02,1.41,77.0,33.0,7.3,15.0,E,0.8333333333333333
UFC Undisputed 2010,PS3,2010.0,Fighting,THQ,0.8,0.4,0.02,0.18,1.41,85.0,54.0,7.2,48.0,T,0.8333333333333333
Diablo III,X360,2013.0,Role-Playing,Activision,0.9,0.39,0.0,0.12,1.41,87.0,42.0,6.6,384.0,M,0.8333333333333333
Forza Horizon 2,XOne,2014.0,Racing,Microsoft Game Studios,0.51,0.78,0.01,0.11,1.41,86.0,85.0,8.2,980.0,E10+,0.8333333333333333
Twisted Metal: Black,PS2,2001.0,Racing,Sony Computer Entertainment,1.19,0.17,0.0,0.05,1.41,91.0,15.0,8.5,99.0,M,0.8333333333333333
NASCAR 2005: Chase for the Cup,PS2,2004.0,Racing,Electronic Arts,0.69,0.54,0.0,0.18,1.41,87.0,19.0,8.5,16.0,E,0.8333333333333333
Fight Night Round 4,X360,2009.0,Fighting,Electronic Arts,0.95,0.33,0.0,0.13,1.4,87.0,76.0,8.1,86.0,T,0.8273809523809523
LEGO Star Wars II: The Original Trilogy,PSP,2006.0,Action,LucasArts,0.58,0.51,0.0,0.32,1.4,83.0,11.0,8.6,26.0,E10+,0.8273809523809523
Spider-Man: The Movie,X,2002.0,Action,Activision,1.07,0.28,0.0,0.05,1.4,79.0,29.0,7.5,11.0,E,0.8273809523809523
Dead Space,X360,2008.0,Action,Electronic Arts,0.89,0.39,0.0,0.13,1.4,89.0,79.0,8.7,771.0,M,0.8273809523809523
LEGO Indiana Jones 2: The Adventure Continues,Wii,2009.0,Action,Activision,0.9,0.38,0.0,0.12,1.4,72.0,13.0,6.1,14.0,E10+,0.8273809523809523
Ridge Racer,PSP,2004.0,Racing,Sony Computer Entertainment,0.36,0.44,0.32,0.27,1.4,88.0,58.0,8.2,65.0,E,0.8273809523809523
Sonic Advance 3,GBA,2004.0,Platform,THQ,0.74,0.52,0.08,0.06,1.4,79.0,30.0,8.4,34.0,E,0.8273809523809523
Colin McRae Rally 3,PS2,2002.0,Racing,Codemasters,0.03,1.05,0.02,0.3,1.4,86.0,25.0,7.4,25.0,E,0.8273809523809523
Madden NFL 2002,PS,2001.0,Sports,Electronic Arts,0.78,0.53,0.0,0.09,1.39,88.0,9.0,8.0,7.0,E,0.8214285714285714
Dynasty Warriors 5,PS2,2005.0,Action,Tecmo Koei,0.24,0.18,0.91,0.06,1.39,69.0,29.0,8.8,69.0,T,0.8214285714285714
Ryse: Son of Rome,XOne,2013.0,Action,Microsoft Game Studios,0.83,0.43,0.0,0.13,1.39,60.0,77.0,6.1,1417.0,M,0.8214285714285714
Injustice: Gods Among Us,X360,2013.0,Fighting,Warner Bros. Interactive Entertainment,0.97,0.3,0.0,0.11,1.38,81.0,63.0,7.9,365.0,T,0.8154761904761905
Far Cry 2,PS3,2008.0,Action,Ubisoft,0.43,0.69,0.01,0.26,1.38,85.0,49.0,6.4,241.0,M,0.8154761904761905
True Crime: Streets of LA,X,2003.0,Action,Activision,0.96,0.37,0.0,0.05,1.38,77.0,39.0,7.8,28.0,M,0.8154761904761905
Sonic Generations,X360,2011.0,Platform,Sega,0.71,0.53,0.0,0.13,1.38,77.0,49.0,8.3,341.0,E,0.8154761904761905
Deus Ex: Human Revolution,X360,2011.0,Shooter,Square Enix,0.77,0.47,0.02,0.13,1.38,89.0,70.0,8.3,688.0,M,0.8154761904761905
Bakugan: Battle Brawlers,DS,2009.0,Action,Activision,1.26,0.02,0.0,0.1,1.38,60.0,6.0,6.7,7.0,E,0.8154761904761905
Dave Mirra Freestyle BMX 2,PS2,2001.0,Sports,Acclaim Entertainment,0.67,0.53,0.0,0.18,1.38,81.0,21.0,8.1,18.0,T,0.8154761904761905
LEGO Indiana Jones: The Original Adventures,PS2,2008.0,Action,LucasArts,0.6,0.01,0.0,0.76,1.37,77.0,12.0,8.4,16.0,E10+,0.8095238095238096
Final Fantasy XII: Revenant Wings,DS,2007.0,Role-Playing,Square Enix,0.33,0.41,0.54,0.1,1.37,81.0,44.0,6.1,60.0,E10+,0.8095238095238096
Call of Duty: Black Ops,Wii,2010.0,Shooter,Activision,0.8,0.45,0.0,0.12,1.37,80.0,25.0,5.8,87.0,M,0.8095238095238096
Deus Ex: Human Revolution,PS3,2011.0,Shooter,Square Enix,0.5,0.59,0.07,0.22,1.37,89.0,50.0,8.2,686.0,M,0.8095238095238096
Star Wars Knights of the Old Republic II: The Sith Lords,X,2004.0,Role-Playing,Activision,0.99,0.33,0.0,0.05,1.37,86.0,67.0,8.6,140.0,T,0.8095238095238096
The Sims 2,PSP,2005.0,Simulation,Electronic Arts,0.49,0.55,0.0,0.33,1.37,65.0,17.0,6.9,32.0,T,0.8095238095238096
Titanfall,X360,2014.0,Shooter,Electronic Arts,0.88,0.34,0.02,0.13,1.37,83.0,21.0,5.9,374.0,M,0.8095238095238096
Dead Rising 2,PS3,2010.0,Action,Capcom,0.43,0.57,0.15,0.21,1.37,80.0,54.0,6.7,178.0,M,0.8095238095238096
The Witcher 3: Wild Hunt,XOne,2015.0,Role-Playing,Namco Bandai Games,0.73,0.51,0.0,0.12,1.36,91.0,13.0,9.1,3974.0,M,0.8035714285714286
Ridge Racer 7,PS3,2006.0,Racing,Namco Bandai Games,0.24,0.7,0.16,0.26,1.36,78.0,45.0,7.1,52.0,E,0.8035714285714286
Tom Clancys Ghost Recon 2,X,2004.0,Shooter,Ubisoft,0.86,0.45,0.0,0.06,1.36,80.0,53.0,8.9,58.0,T,0.8035714285714286
Need for Speed: The Run,X360,2011.0,Action,Electronic Arts,0.63,0.57,0.0,0.15,1.36,68.0,65.0,6.0,160.0,T,0.8035714285714286
Crash Bandicoot 2: N-Tranced,GBA,2003.0,Platform,Vivendi Games,0.63,0.66,0.0,0.07,1.36,75.0,21.0,7.9,32.0,E,0.8035714285714286
Battlefield 4,PC,2013.0,Shooter,Electronic Arts,0.4,0.87,0.0,0.1,1.36,81.0,52.0,6.0,3535.0,M,0.8035714285714286
Dead to Rights,PS2,2002.0,Shooter,Electronic Arts,0.67,0.52,0.0,0.17,1.36,73.0,20.0,8.9,36.0,M,0.8035714285714286
Middle-Earth: Shadow of Mordor,XOne,2014.0,Action,Warner Bros. Interactive Entertainment,0.73,0.5,0.01,0.12,1.36,87.0,12.0,8.0,590.0,M,0.8035714285714286
WWE 13,PS3,2012.0,Action,THQ,0.51,0.6,0.0,0.25,1.36,76.0,24.0,8.1,99.0,T,0.8035714285714286
Yoshis Woolly World,WiiU,2015.0,Platform,Nintendo,0.66,0.47,0.12,0.11,1.35,78.0,83.0,8.4,381.0,E,0.7976190476190477
Metroid: Other M,Wii,2010.0,Action,Nintendo,0.85,0.28,0.13,0.1,1.35,79.0,71.0,6.5,483.0,T,0.7976190476190477
Fallout 4,PC,2015.0,Role-Playing,Bethesda Softworks,0.53,0.72,0.0,0.11,1.35,84.0,38.0,5.4,7565.0,M,0.7976190476190477
Gardening Mama,DS,2009.0,Puzzle,505 Games,0.79,0.42,0.01,0.13,1.35,60.0,17.0,9.3,4.0,E,0.7976190476190477
Hasbro Family Game Night 2,Wii,2009.0,Misc,Electronic Arts,0.7,0.52,0.0,0.13,1.35,63.0,16.0,6.3,6.0,E,0.7976190476190477
Burnout Paradise,X360,2008.0,Racing,Electronic Arts,0.63,0.57,0.01,0.14,1.35,88.0,68.0,6.9,279.0,E10+,0.7976190476190477
MotorStorm: Pacific Rift,PS3,2008.0,Racing,Sony Computer Entertainment,0.43,0.65,0.02,0.25,1.35,82.0,63.0,8.0,319.0,T,0.7976190476190477
Samurai Warriors,PS2,2004.0,Action,Electronic Arts,0.22,0.05,1.06,0.02,1.35,73.0,37.0,8.8,24.0,T,0.7976190476190477
FIFA Soccer 08,PSP,2007.0,Sports,Electronic Arts,0.2,0.76,0.0,0.39,1.35,79.0,7.0,7.4,15.0,E,0.7976190476190477
FIFA Soccer 09,PSP,2008.0,Sports,Electronic Arts,0.23,0.73,0.02,0.37,1.35,84.0,8.0,8.9,21.0,E,0.7976190476190477
FIFA Soccer 08,X360,2007.0,Sports,Electronic Arts,0.31,0.89,0.01,0.14,1.35,82.0,43.0,7.9,57.0,E,0.7976190476190477
Crysis 2,X360,2011.0,Action,Electronic Arts,0.71,0.49,0.02,0.12,1.34,84.0,72.0,7.5,534.0,M,0.7916666666666667
Test Drive,PS2,2002.0,Racing,Atari,0.95,0.21,0.01,0.18,1.34,73.0,19.0,7.4,23.0,T,0.7916666666666667
Devil May Cry 4,X360,2008.0,Action,Capcom,0.79,0.34,0.08,0.13,1.34,84.0,61.0,8.0,248.0,M,0.7916666666666667
Tom Clancys Rainbow Six: Vegas 2,PS3,2008.0,Shooter,Ubisoft,0.66,0.44,0.04,0.21,1.34,81.0,32.0,7.9,93.0,M,0.7916666666666667
Chrono Trigger,DS,2008.0,Role-Playing,Square Enix,0.61,0.16,0.49,0.08,1.34,92.0,57.0,8.9,443.0,E10+,0.7916666666666667
Marvel vs. Capcom 3: Fate of Two Worlds,PS3,2011.0,Fighting,Capcom,0.81,0.28,0.11,0.14,1.34,84.0,56.0,7.3,149.0,T,0.7916666666666667
Doom 3,X,2005.0,Shooter,Activision,0.85,0.43,0.0,0.06,1.34,88.0,71.0,7.4,116.0,M,0.7916666666666667
F1 2010,PS3,2010.0,Racing,Codemasters,0.25,0.75,0.08,0.26,1.34,84.0,46.0,7.8,84.0,E,0.7916666666666667
Monster Hunter Freedom,PSP,2005.0,Role-Playing,Capcom,0.24,0.03,1.03,0.04,1.34,71.0,34.0,8.6,78.0,T,0.7916666666666667
Donkey Kong Jungle Beat,GC,2004.0,Platform,Nintendo,0.84,0.22,0.24,0.04,1.34,80.0,49.0,8.3,32.0,E10+,0.7916666666666667
Need for Speed Carbon,PS2,2006.0,Racing,Electronic Arts,1.22,0.05,0.05,0.01,1.34,74.0,26.0,8.4,61.0,E10+,0.7916666666666667
Lost Planet: Extreme Condition,X360,2006.0,Shooter,Capcom,1.09,0.04,0.1,0.1,1.34,79.0,76.0,7.1,187.0,T,0.7916666666666667
Max Payne 2: The Fall of Max Payne,PS2,2003.0,Shooter,Take-Two Interactive,0.65,0.51,0.0,0.17,1.34,73.0,27.0,8.1,64.0,M,0.7916666666666667
Battlefield: Bad Company,PS3,2008.0,Shooter,Electronic Arts,0.76,0.35,0.05,0.18,1.34,84.0,50.0,8.1,205.0,T,0.7916666666666667
MVP Baseball 2004,PS2,2004.0,Sports,Electronic Arts,1.1,0.06,0.0,0.18,1.34,90.0,28.0,8.6,51.0,E,0.7916666666666667
Overwatch,XOne,2016.0,Shooter,Activision,0.81,0.4,0.0,0.12,1.33,91.0,18.0,5.6,685.0,T,0.7857142857142858
Alan Wake,X360,2010.0,Action,Microsoft Game Studios,0.66,0.5,0.05,0.13,1.33,83.0,100.0,8.1,1162.0,T,0.7857142857142858
Skylanders SWAP Force,X360,2013.0,Platform,Activision,0.87,0.34,0.0,0.12,1.33,83.0,37.0,5.7,45.0,E10+,0.7857142857142858
Metroid Prime 2: Echoes,GC,2004.0,Shooter,Nintendo,0.87,0.35,0.07,0.04,1.33,92.0,60.0,8.8,281.0,T,0.7857142857142858
Corvette,PS2,2004.0,Racing,TDK Mediactive,0.65,0.51,0.0,0.17,1.33,57.0,15.0,6.5,21.0,E,0.7857142857142858
Dying Light,XOne,2015.0,Action,Warner Bros. Interactive Entertainment,0.89,0.3,0.01,0.13,1.33,74.0,26.0,7.8,388.0,M,0.7857142857142858
Assassins Creed III: Liberation,PSV,2012.0,Action,Ubisoft,0.53,0.49,0.06,0.25,1.33,70.0,71.0,7.2,319.0,M,0.7857142857142858
Assassins Creed Syndicate,XOne,2015.0,Action,Ubisoft,0.65,0.57,0.0,0.11,1.33,78.0,22.0,6.1,404.0,M,0.7857142857142858
WWE SmackDown vs Raw 2008,PS3,2007.0,Fighting,THQ,0.62,0.49,0.01,0.2,1.33,74.0,27.0,7.3,41.0,T,0.7857142857142858
Grand Theft Auto: Chinatown Wars,DS,2009.0,Action,Take-Two Interactive,0.58,0.56,0.05,0.14,1.32,93.0,85.0,8.3,281.0,M,0.7797619047619048
UFC Undisputed 2010,X360,2010.0,Fighting,THQ,0.9,0.31,0.0,0.11,1.32,84.0,70.0,6.7,80.0,T,0.7797619047619048
World of Warcraft: Wrath of the Lich King,PC,2008.0,Role-Playing,Activision,0.01,0.13,0.0,1.18,1.32,91.0,47.0,7.5,937.0,T,0.7797619047619048
NFL 2K3,PS2,2002.0,Sports,Atari,1.06,0.08,0.0,0.18,1.32,93.0,20.0,7.4,25.0,E,0.7797619047619048
LEGO Harry Potter: Years 1-4,PS3,2010.0,Action,Warner Bros. Interactive Entertainment,0.55,0.56,0.0,0.21,1.32,79.0,42.0,8.0,52.0,E10+,0.7797619047619048
Your Shape: Fitness Evolved,X360,2010.0,Sports,Ubisoft,0.79,0.41,0.0,0.11,1.32,73.0,32.0,7.5,25.0,E,0.7797619047619048
Need for Speed Underground Rivals,PSP,2005.0,Racing,Electronic Arts,0.69,0.37,0.02,0.24,1.32,74.0,36.0,8.5,38.0,E,0.7797619047619048
The Elder Scrolls Online,XOne,2015.0,Role-Playing,Bethesda Softworks,0.81,0.38,0.0,0.12,1.32,77.0,11.0,8.4,614.0,M,0.7797619047619048
Pokemon Super Mystery Dungeon,3DS,2015.0,Role-Playing,Nintendo,0.5,0.39,0.34,0.08,1.31,69.0,44.0,8.8,191.0,E,0.7738095238095238
Rage,PS3,2011.0,Shooter,Bethesda Softworks,0.47,0.58,0.06,0.2,1.31,81.0,37.0,6.2,354.0,M,0.7738095238095238
Madagascar,PS2,2005.0,Platform,Activision,0.78,0.45,0.0,0.07,1.31,69.0,25.0,7.4,25.0,E10+,0.7738095238095238
Turok: Evolution,PS2,2002.0,Shooter,Acclaim Entertainment,0.64,0.5,0.0,0.17,1.31,61.0,20.0,7.3,28.0,M,0.7738095238095238
[Prototype],X360,2009.0,Action,Activision,0.84,0.35,0.0,0.12,1.31,78.0,83.0,7.8,357.0,M,0.7738095238095238
Skylanders Giants,X360,2012.0,Action,Activision,0.76,0.44,0.0,0.11,1.31,80.0,35.0,6.6,39.0,E10+,0.7738095238095238
Burnout 3: Takedown,X,2004.0,Racing,Electronic Arts,0.84,0.43,0.0,0.04,1.31,94.0,76.0,7.2,139.0,T,0.7738095238095238
The Beatles: Rock Band,X360,2009.0,Misc,MTV Games,0.97,0.23,0.0,0.11,1.3,89.0,76.0,8.6,127.0,T,0.7678571428571429
NBA Live 07,PS2,2006.0,Sports,Electronic Arts,1.07,0.04,0.02,0.17,1.3,63.0,12.0,6.0,39.0,E,0.7678571428571429
SingStar 80s,PS2,2005.0,Misc,Sony Computer Entertainment,0.27,0.02,0.0,1.02,1.3,78.0,22.0,8.3,6.0,T,0.7678571428571429
Crysis 2,PS3,2011.0,Action,Electronic Arts,0.46,0.56,0.06,0.21,1.3,85.0,54.0,7.2,407.0,M,0.7678571428571429
Tekken 6,X360,2009.0,Fighting,Namco Bandai Games,0.71,0.41,0.05,0.12,1.3,80.0,59.0,7.0,133.0,T,0.7678571428571429
NBA 2K17,XOne,2016.0,Sports,Take-Two Interactive,1.1,0.06,0.0,0.14,1.3,90.0,17.0,6.0,98.0,E,0.7678571428571429
Namco Museum DS,DS,2007.0,Misc,Atari,1.13,0.01,0.06,0.09,1.3,67.0,19.0,5.9,8.0,E,0.7678571428571429
LEGO Batman: The Videogame,PS3,2008.0,Action,Warner Bros. Interactive Entertainment,0.72,0.39,0.0,0.19,1.3,75.0,24.0,7.7,33.0,E10+,0.7678571428571429
Pokemon Ranger: Guardian Signs,DS,2010.0,Role-Playing,Nintendo,0.5,0.16,0.58,0.05,1.3,68.0,25.0,8.3,26.0,E,0.7678571428571429
Assassins Creed: Rogue,PS3,2014.0,Action,Ubisoft,0.46,0.57,0.06,0.2,1.29,72.0,53.0,7.5,294.0,M,0.761904761904762
Sonic Colors,DS,2010.0,Platform,Sega,0.69,0.47,0.01,0.12,1.29,79.0,26.0,7.9,68.0,E,0.761904761904762
Pirates of the Caribbean: The Curse of the Black Pearl,GBA,2003.0,Platform,TDK Mediactive,0.93,0.34,0.0,0.02,1.29,49.0,10.0,6.2,5.0,E,0.761904761904762
Deal or No Deal,Wii,2009.0,Misc,Zoo Games,1.2,0.0,0.0,0.09,1.29,56.0,4.0,5.0,5.0,E,0.761904761904762
Transformers,PS2,2004.0,Shooter,Atari,0.63,0.49,0.0,0.16,1.29,75.0,51.0,8.6,27.0,T,0.761904761904762
The LEGO Movie Videogame,X360,2014.0,Action,Warner Bros. Interactive Entertainment,0.69,0.49,0.0,0.11,1.29,69.0,8.0,7.2,26.0,E10+,0.761904761904762
EA Playground,Wii,2007.0,Sports,Electronic Arts,0.68,0.47,0.0,0.13,1.29,66.0,32.0,7.6,30.0,E,0.761904761904762
Champions of Norrath,PS2,2004.0,Role-Playing,Sony Online Entertainment,0.63,0.49,0.0,0.16,1.28,85.0,51.0,8.5,59.0,T,0.755952380952381
LEGO Batman: The Videogame,PSP,2008.0,Action,Warner Bros. Interactive Entertainment,0.57,0.44,0.0,0.27,1.28,73.0,5.0,7.4,10.0,E10+,0.755952380952381
Dark Souls II,PS3,2014.0,Role-Playing,Namco Bandai Games,0.4,0.33,0.4,0.15,1.28,91.0,69.0,8.1,1112.0,T,0.755952380952381
Manhunt,PS2,2003.0,Action,Take-Two Interactive,0.63,0.49,0.0,0.16,1.28,76.0,47.0,8.3,137.0,M,0.755952380952381
Need for Speed Carbon,Wii,2006.0,Racing,Electronic Arts,0.45,0.66,0.02,0.15,1.28,67.0,21.0,7.3,26.0,E10+,0.755952380952381
Silent Hill 2,PS2,2001.0,Action,Konami Digital Entertainment,0.62,0.49,0.0,0.16,1.28,89.0,34.0,9.0,565.0,M,0.755952380952381
Pokemon Mystery Dungeon: Gates to Infinity,3DS,2012.0,Role-Playing,Nintendo,0.44,0.29,0.47,0.07,1.27,59.0,46.0,6.3,135.0,E,0.75
Castlevania: Symphony of the Night,PS,1997.0,Platform,Konami Digital Entertainment,0.58,0.4,0.21,0.08,1.27,93.0,12.0,9.4,362.0,T,0.75
Guitar Hero: Aerosmith,Wii,2008.0,Misc,Activision,1.03,0.14,0.0,0.1,1.27,73.0,16.0,7.2,19.0,T,0.75
Kid Icarus: Uprising,3DS,2012.0,Action,Nintendo,0.48,0.35,0.36,0.07,1.27,83.0,75.0,8.7,487.0,E10+,0.75
The Sims 2: Nightlife,PC,2005.0,Simulation,Electronic Arts,1.22,0.05,0.0,0.0,1.27,76.0,31.0,6.6,71.0,T,0.75
LEGO Batman: The Videogame,PS2,2008.0,Action,Warner Bros. Interactive Entertainment,0.72,0.03,0.0,0.52,1.27,77.0,8.0,8.9,17.0,E10+,0.75
Metal Gear Solid V: Ground Zeroes,PS4,2014.0,Action,Konami Digital Entertainment,0.45,0.47,0.17,0.18,1.27,75.0,70.0,6.2,1318.0,M,0.75
NBA 2K9,X360,2008.0,Sports,Take-Two Interactive,1.0,0.16,0.0,0.11,1.27,84.0,32.0,7.2,44.0,E,0.75
Tony Hawks Underground,X,2003.0,Sports,Activision,0.85,0.37,0.0,0.05,1.27,85.0,33.0,9.1,26.0,T,0.75
.hack//Infection Part 1,PS2,2002.0,Role-Playing,Atari,0.49,0.38,0.26,0.13,1.27,75.0,35.0,8.5,60.0,T,0.75
Jillian Michaels Fitness Ultimatum 2009,Wii,2008.0,Sports,Deep Silver,0.96,0.2,0.0,0.11,1.27,30.0,4.0,2.0,23.0,E,0.75
Valkyria Chronicles,PS3,2008.0,Role-Playing,Sega,0.71,0.19,0.24,0.13,1.27,86.0,60.0,8.6,434.0,T,0.75
LEGO Battles,DS,2009.0,Strategy,Warner Bros. Interactive Entertainment,0.78,0.37,0.0,0.12,1.27,65.0,29.0,8.9,51.0,E,0.75
WWE 12,X360,2011.0,Fighting,THQ,0.74,0.4,0.0,0.12,1.27,71.0,52.0,6.3,90.0,T,0.75
Sonic Adventure DX: Directors Cut,GC,2003.0,Platform,Sega,0.87,0.3,0.06,0.03,1.27,57.0,27.0,7.9,140.0,E,0.75
Final Fantasy X / X-2 HD Remaster,PS3,2013.0,Role-Playing,Square Enix,0.43,0.36,0.32,0.16,1.27,85.0,50.0,8.5,335.0,T,0.75
Battle Arena Toshinden,PS,1994.0,Fighting,Sony Computer Entertainment,0.39,0.26,0.53,0.08,1.27,69.0,4.0,6.3,4.0,T,0.75
WWE 13,X360,2012.0,Action,THQ,0.72,0.44,0.0,0.11,1.27,78.0,46.0,8.0,110.0,T,0.75
Need for Speed Rivals,PS3,2013.0,Racing,Electronic Arts,0.33,0.69,0.05,0.19,1.27,80.0,6.0,5.0,124.0,E10+,0.75
EA Sports Active 2,Wii,2010.0,Sports,Electronic Arts,0.76,0.39,0.0,0.11,1.26,79.0,8.0,8.1,22.0,E,0.7440476190476191
Rockstar Games presents Table Tennis,Wii,2007.0,Sports,Take-Two Interactive,0.39,0.72,0.0,0.15,1.26,68.0,36.0,5.8,21.0,E,0.7440476190476191
Football Manager 2011,PC,2010.0,Sports,Sega,0.0,1.01,0.0,0.25,1.26,85.0,23.0,8.4,79.0,E,0.7440476190476191
Saints Row IV,PS3,2013.0,Action,Deep Silver,0.57,0.41,0.09,0.19,1.26,76.0,26.0,6.3,278.0,M,0.7440476190476191
Tamagotchi Connection: Corner Shop,DS,2005.0,Simulation,Atari,0.1,0.02,1.12,0.01,1.26,59.0,20.0,7.7,6.0,E,0.7440476190476191
Captain Toad: Treasure Tracker,WiiU,2014.0,Puzzle,Nintendo,0.57,0.4,0.19,0.09,1.26,81.0,78.0,8.6,378.0,E,0.7440476190476191
Tomb Raider: Underworld,PS3,2008.0,Action,Eidos Interactive,0.45,0.55,0.05,0.22,1.26,75.0,42.0,7.2,167.0,T,0.7440476190476191
LittleBigPlanet PS Vita,PSV,2012.0,Platform,Sony Computer Entertainment,0.35,0.61,0.02,0.27,1.25,88.0,71.0,8.6,351.0,E,0.7380952380952381
NBA Live 2001,PS,2000.0,Sports,Electronic Arts,0.7,0.47,0.0,0.08,1.25,86.0,10.0,8.0,6.0,E,0.7380952380952381
LEGO Harry Potter: Years 5-7,Wii,2011.0,Action,Warner Bros. Interactive Entertainment,0.7,0.43,0.0,0.12,1.25,76.0,8.0,7.8,13.0,E10+,0.7380952380952381
Star Wars: The Force Unleashed,PS2,2008.0,Action,LucasArts,0.49,0.0,0.01,0.75,1.25,68.0,7.0,7.4,34.0,T,0.7380952380952381
SOCOM: U.S. Navy SEALs Confrontation,PS3,2008.0,Shooter,Sony Computer Entertainment,0.94,0.16,0.02,0.13,1.25,63.0,64.0,6.9,223.0,M,0.7380952380952381
Need for Speed: Most Wanted,X360,2005.0,Racing,Electronic Arts,1.0,0.13,0.02,0.1,1.25,83.0,54.0,8.4,135.0,T,0.7380952380952381
Pokemon XD: Gale of Darkness,GC,2005.0,Role-Playing,Nintendo,0.71,0.19,0.31,0.03,1.25,64.0,27.0,8.2,78.0,E,0.7380952380952381
Black,PS2,2006.0,Shooter,Electronic Arts,1.01,0.04,0.03,0.16,1.25,79.0,62.0,8.4,195.0,M,0.7380952380952381
Tom Clancys Rainbow Six: Vegas,PS3,2007.0,Shooter,Ubisoft,0.47,0.53,0.03,0.22,1.25,86.0,32.0,7.6,81.0,M,0.7380952380952381
RollerCoaster Tycoon 2,PC,2002.0,Strategy,Atari,1.19,0.05,0.0,0.0,1.25,74.0,22.0,8.6,137.0,E,0.7380952380952381
Lara Croft Tomb Raider: The Angel of Darkness,PS2,2003.0,Action,Eidos Interactive,0.61,0.48,0.0,0.16,1.25,52.0,37.0,6.2,107.0,T,0.7380952380952381
Tom Clancys Splinter Cell: Pandora Tomorrow,PS2,2004.0,Action,Ubisoft,0.52,0.56,0.0,0.17,1.25,87.0,45.0,8.6,34.0,T,0.7380952380952381
Ratchet: Deadlocked,PS2,2005.0,Shooter,Sony Computer Entertainment,0.85,0.03,0.22,0.14,1.24,81.0,51.0,8.9,155.0,T,0.7321428571428572
Winter Sports: The Ultimate Challenge,Wii,2007.0,Sports,RTL,0.45,0.67,0.0,0.12,1.24,52.0,15.0,6.8,4.0,E,0.7321428571428572
Baldurs Gate: Dark Alliance,PS2,2001.0,Role-Playing,Virgin Interactive,0.61,0.48,0.0,0.16,1.24,87.0,29.0,8.3,90.0,T,0.7321428571428572
Oddworld: Abes Oddysee,PS,1997.0,Platform,GT Interactive,0.75,0.44,0.0,0.06,1.24,85.0,10.0,9.0,97.0,T,0.7321428571428572
FIFA Street,PS3,2012.0,Sports,Electronic Arts,0.12,0.89,0.0,0.23,1.24,76.0,36.0,6.4,66.0,E,0.7321428571428572
Ridge Racer V,PS2,2000.0,Action,Namco Bandai Games,0.24,0.19,0.75,0.06,1.24,78.0,20.0,7.7,6.0,E,0.7321428571428572
WWE SmackDown vs. Raw 2009,PS2,2008.0,Fighting,THQ,0.69,0.0,0.0,0.55,1.24,78.0,9.0,6.9,34.0,T,0.7321428571428572
Star Wars Episode III: Revenge of the Sith,X,2005.0,Action,Activision,0.82,0.38,0.0,0.04,1.24,61.0,44.0,8.1,54.0,T,0.7321428571428572
[Prototype],PS3,2009.0,Action,Activision,0.65,0.4,0.0,0.19,1.24,79.0,53.0,7.7,308.0,M,0.7321428571428572
LEGO The Lord of the Rings,X360,2012.0,Action,Warner Bros. Interactive Entertainment,0.64,0.49,0.0,0.11,1.24,80.0,49.0,8.5,74.0,E10+,0.7321428571428572
Assassins Creed: Bloodlines,PSP,2009.0,Action,Ubisoft,0.43,0.48,0.05,0.28,1.24,63.0,38.0,7.1,70.0,M,0.7321428571428572
Hyrule Warriors,WiiU,2014.0,Action,Nintendo,0.59,0.42,0.13,0.1,1.23,76.0,81.0,8.3,664.0,T,0.7261904761904762
Frogger: The Great Quest,PS2,2001.0,Platform,Konami Digital Entertainment,0.6,0.47,0.0,0.16,1.23,32.0,6.0,4.6,29.0,E,0.7261904761904762
WWE 2K16,PS4,2015.0,Sports,Take-Two Interactive,0.42,0.62,0.0,0.2,1.23,73.0,47.0,7.4,238.0,T,0.7261904761904762
Ninja Gaiden,X,2004.0,Action,Microsoft Game Studios,0.92,0.2,0.07,0.04,1.23,91.0,89.0,8.8,152.0,M,0.7261904761904762
Naruto Shippuden: Ultimate Ninja Storm 4,PS4,2016.0,Fighting,Namco Bandai Games,0.45,0.49,0.11,0.19,1.23,79.0,60.0,8.3,208.0,T,0.7261904761904762
Crash Bandicoot: The Wrath of Cortex,X,2002.0,Platform,Universal Interactive,0.59,0.57,0.0,0.07,1.23,70.0,16.0,8.1,19.0,E,0.7261904761904762
Driv3r,PS2,2004.0,Racing,Atari,0.6,0.47,0.0,0.16,1.23,57.0,51.0,5.5,102.0,M,0.7261904761904762
Donkey Kong Country 2,GBA,2004.0,Platform,Nintendo,0.79,0.27,0.12,0.04,1.23,80.0,22.0,8.8,39.0,E,0.7261904761904762
Guitar Hero: Aerosmith,X360,2008.0,Misc,Activision,1.0,0.13,0.0,0.1,1.23,70.0,59.0,6.7,48.0,T,0.7261904761904762
Need for Speed Carbon,PS3,2006.0,Racing,Electronic Arts,0.49,0.5,0.03,0.2,1.23,75.0,31.0,7.3,43.0,E10+,0.7261904761904762
Ben 10: Protector of Earth,Wii,2007.0,Action,D3Publisher,0.54,0.55,0.0,0.13,1.23,63.0,6.0,7.7,9.0,E10+,0.7261904761904762
Grand Theft Auto V,PC,2015.0,Action,Take-Two Interactive,0.4,0.74,0.0,0.09,1.23,96.0,57.0,7.9,3826.0,M,0.7261904761904762
2010 FIFA World Cup South Africa,PS3,2010.0,Sports,Electronic Arts,0.3,0.64,0.07,0.22,1.23,82.0,56.0,7.8,58.0,E,0.7261904761904762
Tales of Xillia,PS3,2011.0,Role-Playing,Namco Bandai Games,0.29,0.18,0.67,0.09,1.22,78.0,65.0,8.2,468.0,T,0.7202380952380952
Diddy Kong Racing DS,DS,2007.0,Racing,Nintendo,1.09,0.03,0.0,0.09,1.22,63.0,39.0,7.5,27.0,E,0.7202380952380952
Mario Power Tennis,GC,2004.0,Sports,Nintendo,0.58,0.16,0.46,0.03,1.22,80.0,43.0,8.5,48.0,E,0.7202380952380952
Golden Sun: The Lost Age,GBA,2002.0,Role-Playing,Nintendo,0.61,0.27,0.27,0.07,1.22,86.0,29.0,9.5,150.0,E,0.7202380952380952
Max Payne,X,2001.0,Shooter,Take-Two Interactive,0.98,0.19,0.0,0.05,1.22,89.0,24.0,8.1,62.0,M,0.7202380952380952
Battlefield: Hardline,XOne,2015.0,Shooter,Electronic Arts,0.73,0.37,0.01,0.11,1.22,71.0,27.0,5.1,299.0,M,0.7202380952380952
NBA 2K2,PS2,2002.0,Sports,Sega,0.59,0.46,0.01,0.15,1.22,89.0,19.0,7.8,16.0,E,0.7202380952380952
NASCAR Thunder 2003,PS2,2002.0,Racing,Electronic Arts,0.6,0.46,0.0,0.16,1.22,84.0,16.0,8.7,17.0,E,0.7202380952380952
Cars,PS2,2006.0,Racing,THQ,1.01,0.04,0.0,0.16,1.21,71.0,30.0,8.4,12.0,E,0.7142857142857143
Fuzion Frenzy,X,2001.0,Misc,Microsoft Game Studios,0.93,0.24,0.0,0.04,1.21,70.0,28.0,6.9,16.0,E,0.7142857142857143
Call of Duty: Finest Hour,X,2004.0,Shooter,Activision,0.78,0.4,0.0,0.04,1.21,73.0,55.0,7.8,22.0,T,0.7142857142857143
Final Fantasy IV,DS,2007.0,Simulation,Square Enix,0.51,0.04,0.62,0.05,1.21,85.0,52.0,7.7,167.0,E10+,0.7142857142857143
Star Wars: Battlefront II,PSP,2005.0,Shooter,LucasArts,1.05,0.05,0.01,0.1,1.21,69.0,22.0,8.5,111.0,T,0.7142857142857143
Super Street Fighter IV: 3D Edition,3DS,2011.0,Fighting,Capcom,0.55,0.44,0.14,0.09,1.21,85.0,69.0,8.1,207.0,T,0.7142857142857143
Sly Cooper and the Thievius Raccoonus,PS2,2002.0,Platform,Sony Computer Entertainment,1.03,0.14,0.0,0.04,1.21,86.0,41.0,8.6,185.0,E,0.7142857142857143
Dino Crisis 2,PS,2000.0,Action,Virgin Interactive,0.34,0.49,0.28,0.1,1.21,86.0,13.0,9.0,94.0,M,0.7142857142857143
Naruto Shippuden: Ultimate Ninja Storm 2,PS3,2010.0,Fighting,Namco Bandai Games,0.42,0.46,0.15,0.18,1.21,76.0,34.0,8.3,131.0,T,0.7142857142857143
Need for Speed Underground,GC,2003.0,Racing,Electronic Arts,0.69,0.48,0.01,0.03,1.21,83.0,24.0,8.8,46.0,E,0.7142857142857143
Medal of Honor: Airborne,PS3,2007.0,Shooter,Electronic Arts,0.25,0.69,0.03,0.25,1.21,75.0,16.0,7.6,40.0,T,0.7142857142857143
Bayonetta,PS3,2009.0,Action,Sega,0.44,0.39,0.21,0.16,1.21,87.0,54.0,7.7,356.0,M,0.7142857142857143
Boom Blox,Wii,2008.0,Puzzle,Electronic Arts,0.71,0.38,0.0,0.12,1.21,85.0,61.0,8.6,105.0,E,0.7142857142857143
The Sims 2: Castaway,Wii,2007.0,Simulation,Electronic Arts,0.44,0.63,0.0,0.14,1.2,73.0,19.0,8.2,10.0,T,0.7083333333333334
The Lord of the Rings: The Fellowship of the Ring,PS2,2002.0,Action,Black Label Games,0.59,0.46,0.0,0.15,1.2,59.0,19.0,5.1,20.0,T,0.7083333333333334
Destiny: The Taken King,XOne,2015.0,Shooter,Activision,0.86,0.23,0.0,0.12,1.2,89.0,11.0,5.2,393.0,T,0.7083333333333334
ATV Offroad Fury 3,PS2,2004.0,Racing,SouthPeak Games,1.0,0.04,0.0,0.16,1.2,78.0,37.0,8.4,16.0,E,0.7083333333333334
F1 2011,PS3,2011.0,Racing,Codemasters,0.12,0.74,0.11,0.24,1.2,82.0,36.0,7.1,57.0,E,0.7083333333333334
Pikmin 2,GC,2004.0,Strategy,Nintendo,0.48,0.13,0.56,0.03,1.2,90.0,54.0,9.1,140.0,E,0.7083333333333334
LEGO Batman 2: DC Super Heroes,PS3,2012.0,Action,Warner Bros. Interactive Entertainment,0.5,0.51,0.0,0.2,1.2,81.0,28.0,7.5,81.0,E10+,0.7083333333333334
Cars,PSP,2006.0,Racing,THQ,0.72,0.28,0.0,0.2,1.2,70.0,17.0,7.0,4.0,E,0.7083333333333334
Enter the Matrix,X,2003.0,Action,Atari,0.72,0.43,0.01,0.04,1.2,65.0,33.0,7.1,75.0,T,0.7083333333333334
FIFA Soccer 11,PSP,2010.0,Sports,Electronic Arts,0.13,0.69,0.01,0.36,1.2,68.0,6.0,5.4,9.0,E,0.7083333333333334
NHL 2002,PS2,2001.0,Sports,Electronic Arts,0.59,0.46,0.0,0.15,1.2,92.0,22.0,8.5,26.0,E,0.7083333333333334
The Simpsons: Road Rage,GBA,2003.0,Racing,THQ,0.86,0.32,0.0,0.02,1.19,55.0,14.0,6.8,9.0,E,0.7023809523809523
SpongeBob SquarePants: Revenge of the Flying Dutchman,GBA,2002.0,Platform,THQ,0.92,0.23,0.0,0.04,1.19,71.0,4.0,7.7,7.0,E,0.7023809523809523
Pro Evolution Soccer 2008,Wii,2008.0,Sports,Konami Digital Entertainment,0.09,0.84,0.11,0.15,1.19,83.0,19.0,8.4,43.0,E,0.7023809523809523
Scarface: The World is Yours,PS2,2006.0,Action,Vivendi Games,0.99,0.04,0.0,0.16,1.19,75.0,46.0,8.6,113.0,M,0.7023809523809523
Hitman 2: Silent Assassin,X,2002.0,Action,Eidos Interactive,0.76,0.38,0.0,0.05,1.19,84.0,23.0,8.0,19.0,M,0.7023809523809523
WWE SmackDown vs Raw 2008,PSP,2007.0,Fighting,THQ,0.45,0.47,0.0,0.28,1.19,68.0,11.0,7.8,15.0,T,0.7023809523809523
Injustice: Gods Among Us,PS3,2013.0,Fighting,Warner Bros. Interactive Entertainment,0.49,0.5,0.01,0.2,1.19,78.0,37.0,7.9,283.0,T,0.7023809523809523
Spider-Man: The Movie,GC,2002.0,Action,Activision,0.86,0.27,0.01,0.04,1.19,76.0,14.0,7.3,11.0,E,0.7023809523809523
Mario vs. Donkey Kong 2: March of the Minis,DS,2006.0,Puzzle,Nintendo,0.73,0.03,0.36,0.07,1.19,76.0,32.0,7.9,17.0,E,0.7023809523809523
Metal Gear Solid: Portable Ops,PSP,2006.0,Action,Konami Digital Entertainment,0.38,0.35,0.38,0.08,1.19,87.0,54.0,8.2,148.0,M,0.7023809523809523
Shenmue,DC,1999.0,Adventure,Sega,0.52,0.24,0.38,0.04,1.18,88.0,9.0,9.4,203.0,T,0.6964285714285714
Just Dance 4,X360,2012.0,Misc,Ubisoft,0.9,0.19,0.0,0.09,1.18,77.0,23.0,7.7,36.0,E10+,0.6964285714285714
Tony Hawks Pro Skater 2,GBA,2001.0,Sports,Activision,0.85,0.31,0.0,0.02,1.18,95.0,16.0,7.5,22.0,E,0.6964285714285714
One Piece: Pirate Warriors,PS3,2012.0,Action,Namco Bandai Games,0.01,0.23,0.86,0.08,1.18,64.0,33.0,6.5,55.0,T,0.6964285714285714
Gun,PS2,2005.0,Shooter,Activision,0.98,0.04,0.0,0.16,1.17,77.0,43.0,8.7,70.0,M,0.6904761904761905
Ty the Tasmanian Tiger,PS2,2002.0,Platform,Electronic Arts,0.57,0.45,0.0,0.15,1.17,70.0,14.0,8.8,60.0,E,0.6904761904761905
LEGO Indiana Jones: The Original Adventures,PSP,2008.0,Action,LucasArts,0.4,0.48,0.0,0.29,1.17,76.0,8.0,7.6,11.0,E10+,0.6904761904761905
Pok\xc3\xa9Park Wii: Pikachus Adventure,Wii,2009.0,Adventure,Nintendo,0.53,0.16,0.42,0.06,1.17,62.0,22.0,7.2,36.0,E,0.6904761904761905
Fallout: New Vegas,PC,2010.0,Role-Playing,Bethesda Softworks,0.59,0.45,0.0,0.14,1.17,84.0,39.0,8.6,2779.0,M,0.6904761904761905
Resident Evil: Operation Raccoon City,PS3,2012.0,Action,Capcom,0.48,0.24,0.36,0.1,1.17,52.0,36.0,4.9,222.0,M,0.6904761904761905
WWE 12,PS3,2011.0,Fighting,THQ,0.53,0.45,0.02,0.17,1.17,72.0,28.0,6.9,80.0,T,0.6904761904761905
Cabelas Dangerous Hunts,PS2,2003.0,Sports,Zoo Digital Publishing,0.57,0.45,0.0,0.15,1.17,57.0,4.0,8.4,37.0,T,0.6904761904761905
WWE SmackDown vs. Raw 2010,PS3,2009.0,Fighting,THQ,0.48,0.48,0.01,0.2,1.17,81.0,38.0,8.1,55.0,T,0.6904761904761905
Medal of Honor: Rising Sun,X,2003.0,Shooter,Electronic Arts,0.76,0.36,0.0,0.05,1.17,65.0,23.0,5.8,28.0,T,0.6904761904761905
Army of Two,PS3,2008.0,Shooter,Electronic Arts,0.74,0.26,0.02,0.15,1.17,74.0,43.0,7.3,118.0,M,0.6904761904761905
Spore,PC,2008.0,Strategy,Electronic Arts,0.03,1.06,0.0,0.08,1.17,84.0,75.0,5.3,1715.0,E10+,0.6904761904761905
Mario vs. Donkey Kong,GBA,2004.0,Puzzle,Nintendo,0.68,0.25,0.21,0.02,1.17,81.0,43.0,8.0,31.0,E,0.6904761904761905
The Legend of Zelda: Tri Force Heroes,3DS,2015.0,Action,Nintendo,0.56,0.33,0.18,0.09,1.16,73.0,73.0,7.5,182.0,E,0.6845238095238095
LEGO Star Wars III: The Clone Wars,PS3,2011.0,Action,LucasArts,0.52,0.46,0.0,0.19,1.16,76.0,36.0,7.3,34.0,E10+,0.6845238095238095
Midnight Club 3: DUB Edition Remix,PS2,2006.0,Racing,Take-Two Interactive,0.97,0.04,0.0,0.16,1.16,85.0,19.0,8.9,55.0,E10+,0.6845238095238095
Tom Clancys Ghost Recon: Jungle Storm,PS2,2004.0,Shooter,Ubisoft,0.57,0.44,0.0,0.15,1.16,70.0,31.0,6.3,24.0,T,0.6845238095238095
FIFA 14,XOne,2013.0,Sports,Electronic Arts,0.42,0.66,0.0,0.09,1.16,88.0,22.0,5.8,328.0,E,0.6845238095238095
Bushido Blade,PS,1997.0,Fighting,Sony Computer Entertainment,0.39,0.27,0.43,0.08,1.16,83.0,13.0,7.9,16.0,T,0.6845238095238095
Mirrors Edge,X360,2008.0,Platform,Electronic Arts,0.51,0.51,0.01,0.13,1.16,79.0,82.0,7.5,333.0,T,0.6845238095238095
Sonic the Hedgehog,PS3,2006.0,Platform,Sega,0.41,0.06,0.04,0.66,1.16,43.0,17.0,4.1,177.0,E10+,0.6845238095238095
NASCAR Thunder 2002,PS2,2001.0,Racing,Electronic Arts,0.57,0.44,0.0,0.15,1.16,85.0,17.0,8.5,22.0,E,0.6845238095238095
Your Shape: Fitness Evolved 2012,X360,2011.0,Sports,Ubisoft,0.7,0.36,0.0,0.1,1.16,77.0,13.0,7.6,21.0,E,0.6845238095238095
Medal of Honor: Warfighter,X360,2012.0,Action,Electronic Arts,0.59,0.45,0.01,0.1,1.16,53.0,43.0,5.4,438.0,M,0.6845238095238095
Final Fantasy Tactics: The War of the Lions,PSP,2007.0,Role-Playing,Square Enix,0.45,0.24,0.3,0.16,1.16,88.0,41.0,8.0,238.0,T,0.6845238095238095
Sniper: Ghost Warrior,X360,2010.0,Shooter,City Interactive,0.54,0.5,0.0,0.12,1.16,45.0,39.0,5.8,89.0,M,0.6845238095238095
Sonic Rush Adventure,DS,2007.0,Platform,Sega,0.53,0.48,0.01,0.12,1.15,78.0,32.0,8.2,66.0,E,0.6785714285714285
Worldwide Soccer Manager 2009,PC,2008.0,Simulation,Sega,0.0,1.14,0.0,0.01,1.15,83.0,29.0,8.1,30.0,E,0.6785714285714285
Gauntlet: Dark Legacy,PS2,2001.0,Action,Midway Games,0.56,0.44,0.0,0.15,1.15,73.0,15.0,8.3,30.0,T,0.6785714285714285
Medal of Honor Heroes 2,PSP,2007.0,Shooter,Electronic Arts,0.5,0.39,0.02,0.25,1.15,69.0,20.0,7.3,30.0,T,0.6785714285714285
WWE 2K15,PS4,2014.0,Sports,Take-Two Interactive,0.39,0.57,0.0,0.19,1.15,62.0,44.0,5.1,164.0,T,0.6785714285714285
Bad Boys: Miami Takedown,PS2,2004.0,Shooter,Empire Interactive,0.56,0.44,0.0,0.15,1.15,43.0,5.0,3.4,13.0,M,0.6785714285714285
FIFA Soccer 10,PSP,2009.0,Sports,Electronic Arts,0.16,0.67,0.01,0.31,1.15,83.0,9.0,7.9,14.0,E,0.6785714285714285
Donkey Konga,GC,2003.0,Misc,Nintendo,0.5,0.16,0.46,0.03,1.15,76.0,55.0,8.1,22.0,E,0.6785714285714285
Call of Duty 4: Modern Warfare,PC,2007.0,Shooter,Activision,0.0,1.12,0.0,0.03,1.15,92.0,40.0,8.5,2376.0,M,0.6785714285714285
Tak and the Power of Juju,PS2,2003.0,Platform,THQ,0.56,0.44,0.0,0.15,1.15,68.0,28.0,9.0,28.0,E,0.6785714285714285
Persona 4: Golden,PSV,2012.0,Role-Playing,Atlus,0.37,0.24,0.38,0.16,1.14,93.0,61.0,9.2,1240.0,M,0.6726190476190476
Sunset Overdrive,XOne,2014.0,Shooter,Microsoft Game Studios,0.64,0.4,0.0,0.1,1.14,81.0,89.0,7.7,1142.0,M,0.6726190476190476
Tenchu: Wrath of Heaven,PS2,2003.0,Action,Activision,0.44,0.34,0.25,0.11,1.14,79.0,33.0,8.4,38.0,M,0.6726190476190476
Shadow of the Colossus,PS2,2005.0,Action,Sony Computer Entertainment,0.78,0.03,0.2,0.13,1.14,91.0,77.0,9.1,948.0,T,0.6726190476190476
Brave Fencer Musashi,PS,1998.0,Role-Playing,SquareSoft,0.25,0.17,0.65,0.07,1.14,81.0,12.0,8.5,17.0,E,0.6726190476190476
Pokemon Rumble Blast,3DS,2011.0,Action,Nintendo,0.47,0.26,0.35,0.07,1.14,56.0,36.0,7.1,50.0,E10+,0.6726190476190476
Ninja Gaiden Sigma,PS3,2007.0,Action,Eidos Interactive,0.57,0.32,0.09,0.16,1.14,88.0,46.0,7.5,156.0,M,0.6726190476190476
WWE 2K14,PS3,2013.0,Sports,Take-Two Interactive,0.49,0.46,0.0,0.19,1.14,74.0,22.0,7.5,121.0,T,0.6726190476190476
007: Quantum of Solace,PS3,2008.0,Action,Activision,0.43,0.51,0.02,0.19,1.14,65.0,42.0,6.6,49.0,T,0.6726190476190476
Dance Dance Revolution Extreme 2,PS2,2005.0,Simulation,Konami Digital Entertainment,0.95,0.04,0.0,0.16,1.14,76.0,27.0,9.0,21.0,E10+,0.6726190476190476
Dragon Ball: XenoVerse,PS4,2015.0,Fighting,Namco Bandai Games,0.32,0.53,0.13,0.16,1.14,69.0,50.0,7.7,600.0,T,0.6726190476190476
The Lord of the Rings: The Return of the King,X,2003.0,Action,Electronic Arts,0.71,0.38,0.0,0.05,1.14,84.0,31.0,9.1,31.0,T,0.6726190476190476
Hot Shots Golf: Out of Bounds,PS3,2007.0,Sports,Sony Computer Entertainment,0.31,0.03,0.76,0.04,1.14,81.0,66.0,8.8,32.0,E,0.6726190476190476
Alien: Isolation,PS4,2014.0,Shooter,Sega,0.35,0.57,0.04,0.18,1.14,79.0,50.0,8.1,800.0,M,0.6726190476190476
Mobile Suit Gundam: Federation vs. Zeon,PS2,2001.0,Simulation,Atari,0.12,0.1,0.88,0.03,1.14,73.0,15.0,8.8,32.0,T,0.6726190476190476
Pikmin 3,WiiU,2013.0,Strategy,Nintendo,0.45,0.33,0.29,0.07,1.13,87.0,79.0,8.7,666.0,E10+,0.6666666666666666
MechAssault,X,2002.0,Simulation,Microsoft Game Studios,1.01,0.1,0.0,0.03,1.13,87.0,32.0,8.0,47.0,T,0.6666666666666666
LEGO City Undercover,WiiU,2013.0,Platform,Nintendo,0.49,0.44,0.13,0.08,1.13,80.0,66.0,8.2,283.0,E10+,0.6666666666666666
Pokken Tournament,WiiU,2016.0,Fighting,Namco Bandai Games,0.56,0.32,0.18,0.09,1.13,76.0,74.0,8.0,276.0,E10+,0.6666666666666666
Cars,GBA,2006.0,Racing,THQ,0.81,0.3,0.0,0.02,1.13,50.0,8.0,4.7,6.0,E,0.6666666666666666
LEGO Star Wars III: The Clone Wars,3DS,2011.0,Action,LucasArts,0.61,0.43,0.0,0.09,1.13,67.0,25.0,6.1,31.0,E10+,0.6666666666666666
Project CARS,PS4,2015.0,Racing,Slightly Mad Studios,0.23,0.7,0.03,0.17,1.13,83.0,37.0,6.6,367.0,E,0.6666666666666666
Tom Clancys Rainbow Six 3: Black Arrow,X,2004.0,Shooter,Ubisoft,0.99,0.12,0.0,0.02,1.13,84.0,55.0,8.6,14.0,M,0.6666666666666666
Rocksmith,PS3,2011.0,Misc,Ubisoft,0.53,0.36,0.09,0.15,1.13,80.0,27.0,8.3,52.0,T,0.6666666666666666
Mirrors Edge,PS3,2008.0,Platform,Electronic Arts,0.31,0.58,0.02,0.22,1.13,79.0,66.0,7.8,366.0,T,0.6666666666666666
Guitar Hero 5,X360,2009.0,Misc,Activision,0.65,0.37,0.0,0.11,1.13,85.0,69.0,6.8,108.0,T,0.6666666666666666
Fantasy Life,3DS,2012.0,Role-Playing,Nintendo,0.33,0.37,0.37,0.06,1.13,73.0,51.0,8.6,210.0,E10+,0.6666666666666666
SingStar,PS3,2007.0,Misc,Sony Computer Entertainment,0.45,0.56,0.0,0.12,1.13,82.0,48.0,5.9,15.0,T,0.6666666666666666
Supercar Street Challenge,PS2,2001.0,Racing,Activision,0.55,0.43,0.0,0.14,1.12,57.0,15.0,7.6,9.0,E,0.6607142857142858
Rabbids Go Home,Wii,2009.0,Platform,Ubisoft,0.25,0.74,0.0,0.14,1.12,78.0,50.0,8.3,32.0,E10+,0.6607142857142858
Rocksmith,X360,2011.0,Misc,Ubisoft,0.84,0.19,0.01,0.08,1.12,77.0,30.0,8.2,62.0,T,0.6607142857142858
ModNation Racers,PS3,2010.0,Racing,Sony Computer Entertainment,0.5,0.4,0.06,0.16,1.12,82.0,85.0,8.4,202.0,E,0.6607142857142858
SOCOM: U.S. Navy SEALs Fireteam Bravo,PSP,2005.0,Shooter,Sony Computer Entertainment,1.03,0.0,0.01,0.08,1.12,82.0,44.0,8.6,63.0,M,0.6607142857142858
Call Of Duty 2: Big Red One,X,2005.0,Shooter,Activision,0.66,0.4,0.0,0.05,1.12,78.0,46.0,5.1,27.0,T,0.6607142857142858
Guitar Hero 5,PS2,2009.0,Misc,Activision,0.28,0.3,0.0,0.54,1.12,71.0,4.0,2.6,10.0,T,0.6607142857142858
Worldwide Soccer Manager 2008,PC,2007.0,Sports,Russel,0.0,1.12,0.0,0.0,1.12,86.0,15.0,8.0,19.0,E,0.6607142857142858
Yakuza 3,PS3,2009.0,Action,Sega,0.21,0.2,0.62,0.08,1.12,79.0,77.0,8.1,165.0,M,0.6607142857142858
Spider-Man 2,X,2004.0,Action,Activision,0.82,0.26,0.0,0.04,1.12,83.0,60.0,8.3,40.0,T,0.6607142857142858
Crackdown 2,X360,2010.0,Shooter,Microsoft Game Studios,0.63,0.36,0.02,0.1,1.12,70.0,91.0,6.0,202.0,M,0.6607142857142858
The Beatles: Rock Band,PS3,2009.0,Misc,MTV Games,0.67,0.29,0.0,0.15,1.12,88.0,60.0,8.7,59.0,T,0.6607142857142858
Dragon Age II,X360,2011.0,Action,Electronic Arts,0.72,0.29,0.01,0.09,1.11,79.0,75.0,4.5,2382.0,M,0.6547619047619049
Counter-Strike,X,2003.0,Shooter,Microsoft Game Studios,0.85,0.23,0.0,0.04,1.11,74.0,38.0,7.6,51.0,M,0.6547619047619049
Guitar Hero Encore: Rocks The 80s,PS2,2007.0,Misc,RedOctane,0.92,0.04,0.0,0.15,1.11,69.0,50.0,6.3,31.0,T,0.6547619047619049
Fight Night Champion,PS3,2011.0,Fighting,Electronic Arts,0.45,0.49,0.0,0.18,1.11,84.0,52.0,7.3,95.0,M,0.6547619047619049
Rock Band,PS2,2007.0,Misc,Electronic Arts,0.71,0.06,0.0,0.35,1.11,82.0,8.0,6.8,13.0,T,0.6547619047619049
Tom Clancys Splinter Cell: Chaos Theory,X,2005.0,Action,Ubisoft,0.68,0.38,0.0,0.05,1.11,94.0,70.0,9.0,160.0,M,0.6547619047619049
WWE 2K14,X360,2013.0,Sports,Take-Two Interactive,0.64,0.37,0.0,0.1,1.11,75.0,43.0,7.7,100.0,T,0.6547619047619049
Dishonored 2,PS4,2016.0,Action,Bethesda Softworks,0.41,0.51,0.01,0.18,1.1,88.0,62.0,7.7,629.0,M,0.6488095238095238
Castlevania: Lords of Shadow,PS3,2010.0,Action,Konami Digital Entertainment,0.5,0.35,0.1,0.15,1.1,85.0,62.0,7.9,472.0,M,0.6488095238095238
Plants vs. Zombies,DS,2011.0,Strategy,Mastertronic,0.9,0.12,0.0,0.08,1.1,81.0,23.0,7.4,29.0,E10+,0.6488095238095238
Tales of Symphonia,GC,2003.0,Role-Playing,Nintendo,0.54,0.21,0.31,0.04,1.1,86.0,60.0,8.5,181.0,T,0.6488095238095238
Need for Speed: ProStreet,Wii,2007.0,Racing,Electronic Arts,0.53,0.45,0.0,0.12,1.1,61.0,16.0,6.9,14.0,E10+,0.6488095238095238
GRID,PS3,2008.0,Racing,Codemasters,0.31,0.56,0.03,0.2,1.1,87.0,39.0,8.1,110.0,E,0.6488095238095238
Medal of Honor: Airborne,X360,2007.0,Shooter,Electronic Arts,0.45,0.52,0.01,0.12,1.1,73.0,54.0,6.7,77.0,T,0.6488095238095238
Star Ocean: The Second Story,PS,1998.0,Role-Playing,Sony Computer Entertainment,0.26,0.1,0.72,0.02,1.1,80.0,13.0,8.5,44.0,E,0.6488095238095238
Sonic and the Black Knight,Wii,2009.0,Platform,Sega,0.64,0.34,0.01,0.11,1.09,54.0,51.0,6.9,199.0,E10+,0.6428571428571429
Plants vs. Zombies: Garden Warfare,X360,2014.0,Shooter,Electronic Arts,0.52,0.48,0.0,0.09,1.09,69.0,6.0,7.3,122.0,E10+,0.6428571428571429
NCAA Football 14,X360,2013.0,Sports,Electronic Arts,1.01,0.0,0.0,0.08,1.09,77.0,18.0,5.8,74.0,E,0.6428571428571429
The Legend of Zelda: Twilight Princess HD,WiiU,2016.0,Action,Nintendo,0.59,0.32,0.09,0.09,1.09,86.0,74.0,8.4,340.0,T,0.6428571428571429
Yakuza 2,PS2,2006.0,Adventure,Sega,0.05,0.04,0.84,0.16,1.09,77.0,34.0,8.1,52.0,M,0.6428571428571429
Guitar Hero 5,PS3,2009.0,Misc,Activision,0.53,0.39,0.0,0.17,1.09,86.0,54.0,5.7,87.0,T,0.6428571428571429
Sonic Free Riders,X360,2010.0,Racing,Sega,0.75,0.25,0.0,0.09,1.09,47.0,52.0,2.1,98.0,E,0.6428571428571429
Dragon Ball Z: The Legacy of Goku II,GBA,2003.0,Role-Playing,Atari,0.78,0.29,0.0,0.02,1.09,75.0,21.0,8.9,39.0,E,0.6428571428571429
NERF N-Strike,Wii,2008.0,Shooter,Electronic Arts,0.91,0.09,0.0,0.09,1.09,66.0,13.0,4.4,7.0,E10+,0.6428571428571429
NFL 2K1,DC,2000.0,Sports,Sega,1.02,0.05,0.0,0.02,1.09,97.0,22.0,6.0,47.0,E,0.6428571428571429
Untold Legends: Brotherhood of the Blade,PSP,2005.0,Role-Playing,Activision,0.54,0.33,0.01,0.22,1.09,68.0,51.0,7.6,58.0,T,0.6428571428571429
Madden NFL 2004,X,2003.0,Sports,Electronic Arts,1.02,0.02,0.0,0.05,1.09,92.0,27.0,8.3,48.0,E,0.6428571428571429
The Godfather,PS2,2006.0,Action,Electronic Arts,0.89,0.03,0.01,0.15,1.09,75.0,56.0,8.3,99.0,M,0.6428571428571429
Star Wars: Bounty Hunter,PS2,2002.0,Shooter,LucasArts,0.53,0.42,0.0,0.14,1.09,65.0,32.0,8.3,33.0,T,0.6428571428571429
WWE SmackDown vs. Raw 2011,PS3,2010.0,Fighting,THQ,0.44,0.46,0.01,0.18,1.09,74.0,42.0,6.9,42.0,T,0.6428571428571429
NCAA Football 13,X360,2012.0,Action,Electronic Arts,1.02,0.0,0.0,0.07,1.09,76.0,20.0,5.5,65.0,E,0.6428571428571429
Skate 2,X360,2009.0,Sports,Electronic Arts,0.82,0.17,0.01,0.09,1.09,84.0,70.0,7.9,73.0,T,0.6428571428571429
Empire: Total War,PC,2009.0,Strategy,Sega,0.01,0.97,0.0,0.1,1.09,90.0,62.0,6.9,2989.0,T,0.6428571428571429
NASCAR Thunder 2004,PS2,2003.0,Racing,Electronic Arts,0.53,0.41,0.0,0.14,1.08,88.0,15.0,8.9,77.0,E,0.636904761904762
Namco Museum Battle Collection,PSP,2005.0,Misc,Sony Computer Entertainment,0.75,0.18,0.0,0.16,1.08,73.0,28.0,7.2,9.0,E10+,0.636904761904762
Virtua Fighter 5,PS3,2007.0,Fighting,Sega,0.29,0.51,0.08,0.2,1.08,85.0,47.0,7.4,67.0,T,0.636904761904762
Dantes Inferno,PS3,2010.0,Action,Electronic Arts,0.64,0.28,0.04,0.13,1.08,75.0,69.0,7.5,267.0,M,0.636904761904762
Tom Clancys Ghost Recon 2,PS2,2004.0,Shooter,Ubisoft,0.64,0.34,0.0,0.1,1.08,58.0,21.0,6.0,19.0,T,0.636904761904762
Star Wars: The Force Unleashed,PSP,2008.0,Action,LucasArts,0.43,0.4,0.0,0.24,1.08,70.0,10.0,8.1,49.0,T,0.636904761904762
Dragon Ball Z: Taiketsu,GBA,2003.0,Fighting,Atari,0.77,0.29,0.0,0.02,1.08,40.0,23.0,6.1,22.0,T,0.636904761904762
Star Fox: Assault,GC,2005.0,Shooter,Nintendo,0.68,0.18,0.19,0.03,1.08,67.0,59.0,8.1,106.0,T,0.636904761904762
Rayman Legends,PS4,2014.0,Platform,Ubisoft,0.22,0.69,0.0,0.17,1.07,90.0,16.0,8.5,530.0,E10+,0.630952380952381
The Simpsons Game,PSP,2007.0,Action,Electronic Arts,0.24,0.54,0.0,0.3,1.07,59.0,7.0,6.7,15.0,T,0.630952380952381
LEGO Star Wars II: The Original Trilogy,DS,2006.0,Action,LucasArts,0.96,0.03,0.0,0.08,1.07,47.0,9.0,5.0,38.0,E,0.630952380952381
FIFA Soccer 11,Wii,2010.0,Sports,Electronic Arts,0.26,0.69,0.0,0.12,1.07,73.0,17.0,7.3,8.0,E,0.630952380952381
Call of Duty 3,PS2,2006.0,Shooter,Activision,0.89,0.03,0.0,0.15,1.07,82.0,14.0,7.4,83.0,T,0.630952380952381
Prince of Persia,PS3,2008.0,Action,Ubisoft,0.47,0.4,0.03,0.17,1.07,85.0,59.0,7.3,246.0,T,0.630952380952381
The Biggest Loser,Wii,2009.0,Sports,THQ,0.86,0.12,0.0,0.09,1.07,74.0,5.0,8.1,32.0,E,0.630952380952381
Marvel vs. Capcom 3: Fate of Two Worlds,X360,2011.0,Fighting,Capcom,0.79,0.18,0.03,0.07,1.07,85.0,77.0,7.1,167.0,T,0.630952380952381
Tomb Raider: Underworld,X360,2008.0,Action,Eidos Interactive,0.53,0.42,0.01,0.11,1.07,76.0,57.0,6.6,198.0,T,0.630952380952381
DJ Hero,X360,2009.0,Misc,Activision,0.57,0.39,0.0,0.11,1.07,84.0,72.0,8.0,42.0,T,0.630952380952381
Pro Evolution Soccer 2008,X360,2007.0,Sports,Konami Digital Entertainment,0.08,0.9,0.04,0.05,1.07,76.0,29.0,7.8,36.0,E,0.630952380952381
Tiger Woods PGA Tour 10,Wii,2009.0,Sports,Electronic Arts,0.6,0.36,0.0,0.11,1.07,88.0,44.0,8.8,57.0,E,0.630952380952381
SoulCalibur III,PS2,2005.0,Fighting,Namco Bandai Games,0.74,0.15,0.13,0.05,1.07,86.0,57.0,8.4,96.0,T,0.630952380952381
Lightning Returns: Final Fantasy XIII,PS3,2013.0,Role-Playing,Square Enix,0.31,0.2,0.45,0.11,1.07,66.0,62.0,5.9,556.0,T,0.630952380952381
World Tour Soccer,PSP,2005.0,Sports,Sony Computer Entertainment,0.1,0.63,0.0,0.34,1.07,70.0,31.0,5.6,5.0,E,0.630952380952381
Naruto: Ultimate Ninja Storm,PS3,2008.0,Fighting,Namco Bandai Games,0.49,0.34,0.09,0.15,1.07,75.0,32.0,8.6,95.0,T,0.630952380952381
Grand Theft Auto: Chinatown Wars,PSP,2009.0,Action,Take-Two Interactive,0.28,0.49,0.03,0.27,1.07,90.0,77.0,7.3,146.0,M,0.630952380952381
Mortal Kombat: Armageddon,PS2,2006.0,Fighting,Midway Games,0.88,0.04,0.0,0.14,1.06,75.0,43.0,8.5,84.0,M,0.625
Freekstyle,PS2,2002.0,Racing,Electronic Arts,0.52,0.41,0.0,0.14,1.06,81.0,25.0,7.3,14.0,E,0.625
Spore Creatures,DS,2008.0,Simulation,Electronic Arts,0.66,0.3,0.0,0.1,1.06,65.0,20.0,6.5,21.0,E,0.625
The Orange Box,PS3,2007.0,Shooter,Electronic Arts,0.28,0.58,0.0,0.21,1.06,89.0,21.0,8.4,188.0,M,0.625
Bully: Scholarship Edition,X360,2008.0,Action,Take-Two Interactive,0.53,0.4,0.03,0.11,1.06,80.0,56.0,8.3,156.0,T,0.625
Skylanders Giants,PS3,2012.0,Action,Activision,0.37,0.49,0.0,0.2,1.06,77.0,21.0,6.3,18.0,E10+,0.625
NBA Street V3,PS2,2005.0,Sports,Electronic Arts,0.52,0.41,0.0,0.14,1.06,89.0,36.0,8.7,37.0,E,0.625
Hulk,PS2,2003.0,Action,Universal Interactive,0.52,0.41,0.0,0.14,1.06,71.0,28.0,8.3,22.0,T,0.625
Titanfall 2,PS4,2016.0,Shooter,Electronic Arts,0.46,0.38,0.05,0.17,1.06,89.0,61.0,8.4,769.0,M,0.625
Endless Ocean,Wii,2007.0,Adventure,Nintendo,0.43,0.46,0.09,0.09,1.06,72.0,42.0,8.1,61.0,E,0.625
Aliens vs Predator,X360,2010.0,Shooter,Sega,0.55,0.4,0.0,0.11,1.06,64.0,64.0,7.3,247.0,M,0.625
Diablo II: Lord of Destruction,PC,2001.0,Role-Playing,Vivendi Games,1.03,0.02,0.0,0.0,1.06,87.0,21.0,9.1,645.0,M,0.625
Spider-Man 2,GBA,2004.0,Action,Activision,0.76,0.28,0.0,0.02,1.06,65.0,12.0,7.7,6.0,E,0.625
Seek and Destroy,PS2,2002.0,Racing,Play It,0.52,0.4,0.0,0.14,1.06,63.0,9.0,8.8,10.0,T,0.625
Darksiders,X360,2010.0,Action,THQ,0.67,0.28,0.01,0.1,1.06,83.0,81.0,7.9,293.0,M,0.625
Mercenaries 2: World in Flames,X360,2008.0,Shooter,Electronic Arts,0.65,0.3,0.01,0.1,1.06,72.0,69.0,7.2,152.0,T,0.625
Warhawk,PS3,2007.0,Simulation,Sony Computer Entertainment,0.49,0.39,0.0,0.17,1.06,84.0,50.0,8.4,184.0,T,0.625
DiRT 3,PS3,2011.0,Racing,Codemasters,0.27,0.57,0.01,0.2,1.06,87.0,52.0,7.1,122.0,T,0.625
LEGO The Lord of the Rings,PS3,2012.0,Action,Warner Bros. Interactive Entertainment,0.37,0.49,0.0,0.19,1.05,82.0,16.0,8.3,85.0,E10+,0.6190476190476191
EA Sports UFC,PS4,2014.0,Sports,Electronic Arts,0.46,0.41,0.01,0.18,1.05,70.0,57.0,6.1,280.0,T,0.6190476190476191
Sega Superstars Tennis,Wii,2008.0,Sports,Sega,0.28,0.65,0.0,0.13,1.05,71.0,24.0,6.8,17.0,E10+,0.6190476190476191
DiRT,PS3,2007.0,Racing,Codemasters,0.16,0.66,0.0,0.23,1.05,83.0,32.0,8.0,33.0,E,0.6190476190476191
Call of Duty 4: Modern Warfare,DS,2007.0,Shooter,Activision,0.95,0.01,0.01,0.08,1.05,75.0,22.0,6.9,36.0,T,0.6190476190476191
Resident Evil: The Darkside Chronicles,Wii,2009.0,Action,Capcom,0.46,0.31,0.2,0.09,1.05,75.0,55.0,8.0,60.0,M,0.6190476190476191
SOCOM: U.S. Navy SEALs Fireteam Bravo 2,PSP,2006.0,Shooter,Sony Computer Entertainment,0.81,0.11,0.0,0.13,1.05,81.0,31.0,9.0,36.0,T,0.6190476190476191
Dora the Explorer: Dora Saves the Mermaids,DS,2007.0,Platform,Take-Two Interactive,0.97,0.01,0.0,0.07,1.05,44.0,5.0,2.5,4.0,E,0.6190476190476191
NBA 2K3,PS2,2002.0,Sports,Sega,0.51,0.4,0.0,0.13,1.05,89.0,21.0,8.0,22.0,E,0.6190476190476191
The Simpsons: Road Rage,X,2001.0,Racing,Electronic Arts,0.78,0.26,0.0,0.01,1.05,61.0,17.0,8.3,6.0,T,0.6190476190476191
Dave Mirra Freestyle BMX,PS,2000.0,Sports,Acclaim Entertainment,0.91,0.11,0.0,0.03,1.05,82.0,14.0,8.4,5.0,E,0.6190476190476191
Forza Motorsport,X,2005.0,Racing,Microsoft Game Studios,0.52,0.51,0.0,0.02,1.05,92.0,73.0,7.6,214.0,E,0.6190476190476191
Virtua Tennis 3,PS3,2007.0,Sports,Sega,0.23,0.58,0.03,0.21,1.05,80.0,35.0,7.9,32.0,E,0.6190476190476191
MVP Baseball 2003,PS2,2003.0,Sports,Electronic Arts,0.51,0.4,0.0,0.13,1.04,81.0,22.0,8.9,17.0,E,0.6130952380952381
Legacy of Kain: Soul Reaver,PS,1999.0,Action,Eidos Interactive,0.58,0.4,0.0,0.07,1.04,91.0,17.0,9.0,133.0,T,0.6130952380952381
WWE SmackDown vs. Raw 2010,X360,2009.0,Fighting,THQ,0.56,0.37,0.01,0.1,1.04,80.0,59.0,8.4,36.0,T,0.6130952380952381
Sleeping Dogs,PS3,2012.0,Action,Square Enix,0.31,0.49,0.05,0.19,1.04,83.0,40.0,7.7,646.0,M,0.6130952380952381
Naruto: Clash of Ninja 2,GC,2003.0,Fighting,Nintendo,0.44,0.12,0.45,0.03,1.04,74.0,22.0,8.9,39.0,T,0.6130952380952381
Dance Dance Revolution SuperNOVA,PS2,2006.0,Simulation,Konami Digital Entertainment,0.87,0.03,0.0,0.14,1.04,73.0,25.0,8.7,6.0,E10+,0.6130952380952381
Aliens vs Predator,PS3,2010.0,Shooter,Sega,0.41,0.46,0.0,0.18,1.04,65.0,57.0,7.3,169.0,M,0.6130952380952381
F-Zero: Maximum Velocity,GBA,2001.0,Racing,Nintendo,0.39,0.16,0.37,0.12,1.04,86.0,19.0,8.4,23.0,E,0.6130952380952381
Sonic the Hedgehog,X360,2006.0,Platform,Sega,0.44,0.48,0.0,0.11,1.04,46.0,38.0,4.4,458.0,E10+,0.6130952380952381
Need for Speed: Most Wanted,X,2005.0,Racing,Electronic Arts,0.53,0.46,0.0,0.05,1.04,83.0,32.0,8.8,29.0,T,0.6130952380952381
The Simpsons Game,X360,2007.0,Action,Electronic Arts,0.54,0.39,0.0,0.11,1.04,71.0,52.0,7.7,73.0,T,0.6130952380952381
F1 2012,PS3,2012.0,Racing,Codemasters,0.12,0.63,0.05,0.23,1.04,81.0,23.0,7.5,55.0,E,0.6130952380952381
Brink,X360,2011.0,Shooter,Bethesda Softworks,0.59,0.35,0.01,0.09,1.03,68.0,85.0,5.8,404.0,T,0.6071428571428572
MX vs. ATV Unleashed,PS2,2005.0,Racing,THQ,0.86,0.03,0.0,0.14,1.03,79.0,30.0,8.4,17.0,E,0.6071428571428572
Sonic Generations,3DS,2011.0,Platform,Sega,0.44,0.49,0.01,0.09,1.03,66.0,29.0,6.9,110.0,E,0.6071428571428572
WipEout Pure,PSP,2005.0,Racing,Sony Computer Entertainment,0.47,0.34,0.0,0.23,1.03,88.0,56.0,7.9,102.0,E,0.6071428571428572
UFC Undisputed 3,PS3,2012.0,Action,THQ,0.55,0.32,0.03,0.13,1.03,86.0,30.0,7.4,92.0,T,0.6071428571428572
LEGO Pirates of the Caribbean: The Video Game,X360,2011.0,Action,Disney Interactive Studios,0.54,0.39,0.0,0.09,1.03,73.0,54.0,7.0,31.0,E10+,0.6071428571428572
Tom Clancys Ghost Recon Advanced Warfighter 2,PS3,2007.0,Shooter,Ubisoft,0.34,0.48,0.02,0.19,1.03,84.0,29.0,8.1,41.0,T,0.6071428571428572
Super Princess Peach,DS,2005.0,Platform,Nintendo,0.7,0.05,0.21,0.07,1.03,75.0,48.0,7.6,33.0,E,0.6071428571428572
FIFA Soccer 08,Wii,2007.0,Sports,Electronic Arts,0.32,0.59,0.01,0.12,1.03,65.0,13.0,6.1,26.0,E,0.6071428571428572
Guinness World Records: The Videogame,Wii,2008.0,Action,Warner Bros. Interactive Entertainment,0.46,0.47,0.0,0.11,1.03,67.0,12.0,7.0,8.0,E10+,0.6071428571428572
MySims Agents,Wii,2009.0,Adventure,Electronic Arts,0.62,0.32,0.0,0.1,1.03,78.0,28.0,8.6,28.0,E,0.6071428571428572
NCAA March Madness 2004,PS2,2003.0,Sports,Electronic Arts,0.5,0.39,0.0,0.13,1.03,82.0,16.0,8.8,12.0,E,0.6071428571428572
LEGO Indiana Jones: The Original Adventures,PS3,2008.0,Action,Activision,0.44,0.42,0.0,0.17,1.03,77.0,36.0,7.7,30.0,E10+,0.6071428571428572
Tomb Raider,PC,1996.0,Action,Eidos Interactive,0.96,0.07,0.0,0.0,1.03,86.0,18.0,8.5,3572.0,M,0.6071428571428572
Street Fighter Alpha 3,PS,1998.0,Fighting,Virgin Interactive,0.38,0.12,0.51,0.02,1.03,93.0,12.0,8.5,46.0,T,0.6071428571428572
Kirby: Planet Robobot,3DS,2016.0,Action,Nintendo,0.3,0.18,0.5,0.05,1.03,81.0,71.0,8.7,92.0,E,0.6071428571428572
MotorStorm: Arctic Edge,PSP,2009.0,Racing,Sony Computer Entertainment,0.16,0.57,0.0,0.29,1.02,79.0,58.0,8.8,39.0,T,0.6011904761904762
Disney Universe,Wii,2011.0,Action,Disney Interactive Studios,0.65,0.28,0.0,0.1,1.02,61.0,11.0,6.0,5.0,E10+,0.6011904761904762
Dance on Broadway,Wii,2010.0,Misc,Ubisoft,0.26,0.65,0.0,0.12,1.02,48.0,6.0,3.3,4.0,E10+,0.6011904761904762
Tiger Woods PGA Tour 08,Wii,2007.0,Sports,Electronic Arts,0.93,0.01,0.0,0.08,1.02,72.0,24.0,7.0,22.0,E,0.6011904761904762
Dragon Ball Z: Budokai Tenkaichi 3,Wii,2007.0,Fighting,Atari,0.32,0.36,0.26,0.09,1.02,72.0,27.0,8.4,61.0,T,0.6011904761904762
Skylanders SWAP Force,PS3,2013.0,Platform,Activision,0.44,0.42,0.0,0.17,1.02,83.0,31.0,5.3,33.0,E10+,0.6011904761904762
Shrek 2,GC,2004.0,Platform,Activision,0.73,0.26,0.01,0.03,1.02,70.0,25.0,6.7,15.0,E,0.6011904761904762
Tom Clancys Ghost Recon Advanced Warfighter 2,X360,2007.0,Shooter,Ubisoft,0.87,0.05,0.02,0.08,1.02,86.0,58.0,8.1,89.0,T,0.6011904761904762
Sonic Unleashed,PS3,2008.0,Platform,Sega,0.56,0.32,0.01,0.14,1.02,54.0,24.0,7.8,132.0,E10+,0.6011904761904762
LEGO Indiana Jones 2: The Adventure Continues,X360,2009.0,Action,Activision,0.62,0.31,0.0,0.09,1.02,71.0,41.0,7.4,25.0,E10+,0.6011904761904762
Bulletstorm,X360,2011.0,Shooter,Electronic Arts,0.61,0.32,0.01,0.08,1.02,84.0,83.0,7.6,440.0,M,0.6011904761904762
Madden NFL 07,X,2006.0,Sports,Electronic Arts,0.97,0.03,0.0,0.03,1.02,83.0,27.0,8.7,6.0,E,0.6011904761904762
Rock Band 2,Wii,2008.0,Misc,MTV Games,0.93,0.01,0.0,0.08,1.02,92.0,10.0,7.7,45.0,T,0.6011904761904762
Harry Potter and the Prisoner of Azkaban,PS2,2004.0,Action,Electronic Arts,0.5,0.39,0.0,0.13,1.02,70.0,29.0,8.8,31.0,E,0.6011904761904762
Pokemon Conquest,DS,2012.0,Role-Playing,Nintendo,0.56,0.05,0.37,0.04,1.02,80.0,40.0,8.2,90.0,E,0.6011904761904762
Wall-E,Wii,2008.0,Platform,THQ,0.51,0.4,0.0,0.11,1.02,51.0,18.0,3.6,8.0,E,0.6011904761904762
Naruto: Clash of Ninja Revolution,Wii,2007.0,Fighting,Tomy Corporation,0.44,0.46,0.0,0.11,1.01,74.0,23.0,8.0,27.0,T,0.5952380952380952
Ace Combat 6: Fires of Liberation,X360,2007.0,Simulation,Atari,0.69,0.04,0.22,0.06,1.01,80.0,54.0,7.9,101.0,T,0.5952380952380952
Assassins Creed: Rogue,X360,2014.0,Action,Ubisoft,0.59,0.34,0.0,0.09,1.01,72.0,32.0,7.3,321.0,M,0.5952380952380952
ZombiU,WiiU,2012.0,Action,Ubisoft,0.52,0.36,0.05,0.08,1.01,77.0,70.0,7.7,760.0,M,0.5952380952380952
The Simpsons Game,Wii,2007.0,Action,Electronic Arts,0.45,0.46,0.0,0.11,1.01,64.0,19.0,6.1,38.0,T,0.5952380952380952
Ninja Gaiden II,X360,2008.0,Action,Tecmo Koei,0.65,0.22,0.05,0.1,1.01,81.0,74.0,8.0,304.0,M,0.5952380952380952
Prince of Persia,X360,2008.0,Action,Ubisoft,0.54,0.34,0.02,0.1,1.01,81.0,73.0,7.0,189.0,T,0.5952380952380952
Ford Racing 2,PS2,2003.0,Racing,Empire Interactive,0.49,0.38,0.0,0.13,1.0,51.0,5.0,8.0,8.0,E,0.5892857142857143
NERF N-Strike Elite,Wii,2009.0,Shooter,Electronic Arts,0.93,0.0,0.0,0.07,1.0,67.0,12.0,4.5,6.0,E10+,0.5892857142857143
God of War: Ghost of Sparta,PSP,2010.0,Action,Sony Computer Entertainment,0.41,0.35,0.03,0.21,1.0,86.0,73.0,8.4,256.0,M,0.5892857142857143
SoulCalibur II,X,2003.0,Fighting,Namco Bandai Games,0.78,0.18,0.03,0.0,1.0,92.0,39.0,8.9,54.0,T,0.5892857142857143
Just Dance 2014,X360,2013.0,Misc,Ubisoft,0.73,0.17,0.0,0.1,1.0,79.0,16.0,7.8,33.0,E10+,0.5892857142857143
Rayman Origins,PS3,2011.0,Platform,Ubisoft,0.33,0.49,0.01,0.17,1.0,87.0,43.0,8.4,241.0,E10+,0.5892857142857143
Dynasty Warriors 3: Xtreme Legends,PS2,2002.0,Action,Tecmo Koei,0.13,0.1,0.74,0.03,1.0,72.0,16.0,9.3,54.0,T,0.5892857142857143
EyePet,PS3,2009.0,Simulation,Sony Computer Entertainment,0.36,0.52,0.04,0.09,1.0,70.0,35.0,8.2,20.0,E,0.5892857142857143
NFL Fever 2002,X,2000.0,Sports,Microsoft Game Studios,0.74,0.21,0.0,0.04,0.99,79.0,24.0,8.5,10.0,E,0.5833333333333334
NCAA Football 12,X360,2011.0,Sports,Electronic Arts,0.94,0.0,0.0,0.06,0.99,82.0,25.0,6.6,49.0,E,0.5833333333333334
UFC Undisputed 3,X360,2012.0,Action,THQ,0.72,0.2,0.0,0.08,0.99,85.0,60.0,7.6,88.0,T,0.5833333333333334
Kirby: Mass Attack,DS,2011.0,Platform,Nintendo,0.48,0.06,0.41,0.05,0.99,83.0,46.0,8.6,55.0,E,0.5833333333333334
Haze,PS3,2008.0,Shooter,Ubisoft,0.49,0.33,0.02,0.15,0.99,55.0,65.0,6.5,296.0,M,0.5833333333333334
Oddworld: Abes Exoddus,PS,1998.0,Platform,GT Interactive,0.55,0.38,0.0,0.06,0.99,88.0,13.0,9.1,69.0,T,0.5833333333333334
EA Sports UFC 2,PS4,2016.0,Sports,Electronic Arts,0.32,0.51,0.0,0.16,0.99,79.0,38.0,6.1,161.0,T,0.5833333333333334
DiRT 2,PS3,2009.0,Racing,Codemasters,0.27,0.52,0.0,0.19,0.99,87.0,63.0,8.2,95.0,T,0.5833333333333334
The Bouncer,PS2,2000.0,Action,Sony Computer Entertainment,0.3,0.23,0.38,0.08,0.99,66.0,20.0,8.0,35.0,T,0.5833333333333334
Guitar Hero: Aerosmith,PS3,2008.0,Misc,Activision,0.73,0.15,0.0,0.11,0.99,70.0,39.0,5.0,26.0,T,0.5833333333333334
Shadow The Hedgehog,GC,2005.0,Platform,Sega,0.76,0.2,0.0,0.03,0.99,51.0,22.0,6.5,121.0,E10+,0.5833333333333334
Apollo Justice: Ace Attorney,DS,2007.0,Adventure,Capcom,0.28,0.04,0.64,0.03,0.99,78.0,48.0,8.1,84.0,T,0.5833333333333334
Ace Combat X: Skies of Deception,PSP,2006.0,Simulation,Namco Bandai Games,0.37,0.3,0.12,0.19,0.99,75.0,26.0,8.3,30.0,T,0.5833333333333334
Disney Infinity,PS3,2013.0,Action,Disney Interactive Studios,0.51,0.32,0.0,0.16,0.99,75.0,21.0,5.9,47.0,E10+,0.5833333333333334
Dark Souls,X360,2011.0,Role-Playing,Namco Bandai Games,0.64,0.27,0.0,0.09,0.99,89.0,66.0,8.4,1111.0,M,0.5833333333333334
Evolve,PS4,2015.0,Shooter,Take-Two Interactive,0.37,0.41,0.05,0.15,0.98,76.0,46.0,4.3,897.0,M,0.5773809523809524
Midnight Club: LA Remix,PSP,2008.0,Racing,Take-Two Interactive,0.52,0.27,0.0,0.19,0.98,79.0,26.0,8.7,43.0,T,0.5773809523809524
Pro Evolution Soccer 2008,PSP,2008.0,Sports,Konami Digital Entertainment,0.02,0.53,0.19,0.25,0.98,80.0,17.0,6.8,11.0,E,0.5773809523809524
NBA 2K10,X360,2009.0,Sports,Take-Two Interactive,0.89,0.02,0.0,0.08,0.98,82.0,46.0,7.6,34.0,E,0.5773809523809524
Tales of Graces f,PS3,2010.0,Role-Playing,Namco Bandai Games,0.28,0.18,0.45,0.07,0.98,77.0,55.0,8.2,336.0,T,0.5773809523809524
FIFA Soccer 10,Wii,2009.0,Sports,Electronic Arts,0.23,0.64,0.0,0.11,0.98,75.0,21.0,6.2,17.0,E,0.5773809523809524
Fallout 3,PC,2008.0,Role-Playing,Bethesda Softworks,0.02,0.88,0.0,0.08,0.98,91.0,48.0,7.9,3479.0,M,0.5773809523809524
Mario Party Advance,GBA,2005.0,Misc,Nintendo,0.5,0.19,0.28,0.02,0.98,54.0,27.0,5.4,34.0,E,0.5773809523809524
Zoo Tycoon DS,DS,2005.0,Strategy,THQ,0.86,0.03,0.01,0.08,0.98,44.0,19.0,6.6,25.0,E,0.5773809523809524
Tom Clancys Splinter Cell: Blacklist,X360,2013.0,Action,Ubisoft,0.57,0.32,0.01,0.08,0.98,82.0,58.0,7.5,384.0,M,0.5773809523809524
Dead Space 3,X360,2013.0,Action,Electronic Arts,0.64,0.26,0.0,0.08,0.98,78.0,68.0,6.4,697.0,M,0.5773809523809524
WWE SmackDown vs Raw 2008,Wii,2007.0,Fighting,THQ,0.38,0.5,0.0,0.11,0.98,59.0,13.0,5.9,18.0,T,0.5773809523809524
Suikoden III,PS2,2002.0,Role-Playing,Konami Digital Entertainment,0.29,0.23,0.38,0.08,0.98,86.0,23.0,7.7,114.0,T,0.5773809523809524
LEGO Harry Potter: Years 5-7,X360,2011.0,Action,Warner Bros. Interactive Entertainment,0.51,0.38,0.0,0.09,0.98,77.0,35.0,7.9,39.0,E10+,0.5773809523809524
NCAA Football 06,X,2005.0,Sports,Electronic Arts,0.73,0.21,0.0,0.03,0.97,87.0,38.0,8.3,27.0,E,0.5714285714285714
Grand Theft Auto: San Andreas,PC,2005.0,Action,Take-Two Interactive,0.0,0.93,0.0,0.04,0.97,93.0,47.0,8.9,1864.0,M,0.5714285714285714
Madden NFL 08,PS3,2007.0,Sports,Electronic Arts,0.89,0.01,0.0,0.08,0.97,81.0,31.0,5.3,33.0,E,0.5714285714285714
Fire Emblem,GBA,2003.0,Strategy,Nintendo,0.49,0.18,0.29,0.01,0.97,88.0,31.0,9.2,144.0,E,0.5714285714285714
Brutal Legend,X360,2009.0,Action,Electronic Arts,0.62,0.26,0.0,0.09,0.97,82.0,88.0,8.0,269.0,M,0.5714285714285714
NHL 2004,PS2,2003.0,Sports,Electronic Arts,0.47,0.37,0.0,0.12,0.97,85.0,19.0,7.6,53.0,E,0.5714285714285714
Grand Theft Auto: Vice City Stories,PS2,2007.0,Action,Take-Two Interactive,0.78,0.03,0.03,0.13,0.97,75.0,37.0,7.8,69.0,M,0.5714285714285714
Mario Tennis Open,3DS,2012.0,Sports,Nintendo,0.26,0.3,0.35,0.05,0.97,69.0,58.0,6.9,111.0,E,0.5714285714285714
Dead Space 3,PS3,2013.0,Action,Electronic Arts,0.45,0.36,0.0,0.16,0.97,76.0,37.0,6.4,525.0,M,0.5714285714285714
FIFA Soccer 2005,X,2004.0,Sports,Electronic Arts,0.33,0.6,0.0,0.04,0.97,81.0,34.0,8.7,23.0,E,0.5714285714285714
Mass Effect 3,PC,2012.0,Role-Playing,Electronic Arts,0.4,0.44,0.0,0.12,0.97,89.0,23.0,5.5,5946.0,M,0.5714285714285714
Cars,DS,2006.0,Racing,THQ,0.85,0.04,0.0,0.07,0.97,54.0,17.0,2.1,11.0,E,0.5714285714285714
Band Hero,Wii,2009.0,Misc,Activision,0.59,0.29,0.0,0.09,0.97,79.0,20.0,6.6,15.0,E10+,0.5714285714285714
Skylanders: Spyros Adventure,X360,2011.0,Action,Activision,0.53,0.34,0.0,0.1,0.97,78.0,35.0,5.2,54.0,E10+,0.5714285714285714
LEGO Star Wars II: The Original Trilogy,GC,2006.0,Action,LucasArts,0.75,0.19,0.0,0.03,0.97,84.0,25.0,9.1,16.0,E10+,0.5714285714285714
Medal of Honor: Underground,PS,2000.0,Shooter,Electronic Arts,0.54,0.37,0.0,0.06,0.97,86.0,16.0,9.0,45.0,T,0.5714285714285714
Far Cry 3,PC,2012.0,Shooter,Ubisoft,0.22,0.63,0.0,0.12,0.96,88.0,43.0,8.2,3212.0,M,0.5654761904761905
Dark Cloud 2,PS2,2002.0,Role-Playing,Sony Computer Entertainment,0.38,0.25,0.26,0.07,0.96,87.0,41.0,9.1,174.0,T,0.5654761904761905
The Witcher 2: Assassins of Kings,PC,2011.0,Action,Namco Bandai Games,0.25,0.56,0.0,0.15,0.96,88.0,76.0,8.5,4408.0,M,0.5654761904761905
Guitar Hero: Warriors of Rock,Wii,2010.0,Misc,Activision,0.47,0.41,0.0,0.09,0.96,77.0,26.0,7.6,18.0,T,0.5654761904761905
NHL 2001,PS2,2000.0,Sports,Electronic Arts,0.47,0.37,0.0,0.12,0.96,85.0,22.0,8.1,9.0,E,0.5654761904761905
Farming Simulator 2013,PC,2012.0,Simulation,Focus Home Interactive,0.0,0.81,0.0,0.15,0.96,65.0,12.0,7.5,111.0,E,0.5654761904761905
de Blo,Wii,2008.0,Platform,THQ,0.49,0.37,0.0,0.1,0.96,82.0,48.0,8.6,73.0,E,0.5654761904761905
Shinobi,PS2,2002.0,Platform,Sony Computer Entertainment,0.36,0.28,0.22,0.09,0.96,71.0,33.0,7.9,43.0,M,0.5654761904761905
Mortal Kombat: Deadly Alliance,X,2002.0,Fighting,Midway Games,0.77,0.15,0.0,0.04,0.96,81.0,27.0,8.4,24.0,M,0.5654761904761905
Sniper Elite V2,PS3,2012.0,Shooter,505 Games,0.38,0.38,0.06,0.14,0.96,70.0,21.0,6.9,92.0,M,0.5654761904761905
ESPN NBA 2K5,X,2004.0,Sports,Global Star,0.88,0.04,0.0,0.04,0.95,85.0,28.0,8.7,22.0,E,0.5595238095238095
Gangs of London,PSP,2006.0,Adventure,Sony Computer Entertainment,0.3,0.43,0.0,0.22,0.95,52.0,47.0,6.7,18.0,M,0.5595238095238095
PilotWings Resort,3DS,2011.0,Simulation,Nintendo,0.4,0.36,0.13,0.07,0.95,71.0,64.0,7.3,89.0,E,0.5595238095238095
My Weight Loss Coach,DS,2008.0,Sports,Ubisoft,0.3,0.54,0.0,0.11,0.95,63.0,4.0,7.6,7.0,E,0.5595238095238095
Army of Two: The 40th Day,X360,2010.0,Shooter,Electronic Arts,0.62,0.24,0.0,0.09,0.95,73.0,79.0,7.3,126.0,M,0.5595238095238095
World Championship Poker,PS2,2004.0,Misc,Play It,0.8,0.03,0.0,0.13,0.95,60.0,8.0,7.7,11.0,E,0.5595238095238095
Sonic Unleashed,X360,2008.0,Platform,Sega,0.54,0.32,0.0,0.09,0.95,60.0,50.0,7.7,240.0,E10+,0.5595238095238095
Tom Clancys Splinter Cell: Chaos Theory,PS2,2005.0,Action,Ubisoft,0.36,0.45,0.0,0.14,0.95,87.0,29.0,8.6,53.0,M,0.5595238095238095
SpongeBob SquarePants: Battle for Bikini Bottom,GC,2003.0,Platform,THQ,0.74,0.19,0.0,0.03,0.95,71.0,10.0,8.6,34.0,E,0.5595238095238095
PlayStation All-Stars Battle Royale,PS3,2012.0,Action,Sony Computer Entertainment,0.5,0.27,0.04,0.15,0.95,74.0,69.0,7.3,542.0,T,0.5595238095238095
Pro Evolution Soccer 2014,PS3,2013.0,Action,Konami Digital Entertainment,0.03,0.41,0.51,0.0,0.95,78.0,39.0,4.1,304.0,E,0.5595238095238095
Yakuza 4,PS3,2010.0,Action,Sega,0.15,0.13,0.63,0.05,0.95,78.0,59.0,8.0,179.0,M,0.5595238095238095
Tom Clancys Ghost Recon: Future Soldier,PS3,2012.0,Shooter,Ubisoft,0.41,0.32,0.09,0.12,0.95,79.0,18.0,6.9,157.0,M,0.5595238095238095
Kessen,PS2,2000.0,Strategy,Electronic Arts,0.27,0.21,0.41,0.07,0.95,75.0,20.0,8.4,12.0,T,0.5595238095238095
Driver: San Francisco,PS3,2011.0,Racing,Ubisoft,0.24,0.52,0.01,0.18,0.95,79.0,53.0,7.7,114.0,T,0.5595238095238095
Dragon Age: Inquisition,XOne,2014.0,Role-Playing,Electronic Arts,0.58,0.28,0.0,0.09,0.95,85.0,28.0,6.9,708.0,M,0.5595238095238095
LEGO Jurassic World,PS4,2015.0,Action,Warner Bros. Interactive Entertainment,0.36,0.42,0.02,0.15,0.95,70.0,46.0,7.0,80.0,E10+,0.5595238095238095
The LEGO Movie Videogame,PS3,2014.0,Action,Warner Bros. Interactive Entertainment,0.33,0.45,0.02,0.15,0.95,80.0,5.0,6.8,12.0,E10+,0.5595238095238095
Star Fox 64 3D,3DS,2011.0,Shooter,Nintendo,0.48,0.27,0.13,0.06,0.95,81.0,65.0,8.2,232.0,E10+,0.5595238095238095
Lost Planet 2,PS3,2010.0,Shooter,Capcom,0.29,0.33,0.2,0.13,0.95,68.0,56.0,6.9,62.0,T,0.5595238095238095
LEGO Pirates of the Caribbean: The Video Game,PS3,2011.0,Action,Disney Interactive Studios,0.36,0.43,0.0,0.16,0.95,73.0,42.0,7.1,34.0,E10+,0.5595238095238095
Killzone,PS2,2004.0,Shooter,Sony Computer Entertainment,0.79,0.03,0.0,0.13,0.94,70.0,67.0,7.3,257.0,M,0.5535714285714286
Tom Clancys Splinter Cell: Blacklist,PS3,2013.0,Action,Ubisoft,0.34,0.4,0.06,0.16,0.94,84.0,27.0,7.7,314.0,M,0.5535714285714286
Phantasy Star Portable,PSP,2008.0,Role-Playing,Sega,0.2,0.06,0.63,0.05,0.94,64.0,38.0,7.8,19.0,T,0.5535714285714286
The SpongeBob SquarePants Movie,GC,2004.0,Platform,THQ,0.73,0.19,0.0,0.03,0.94,73.0,9.0,7.8,13.0,E,0.5535714285714286
Skylanders: Spyros Adventure,PS3,2011.0,Action,Activision,0.39,0.39,0.0,0.16,0.94,77.0,18.0,4.8,42.0,E10+,0.5535714285714286
Castlevania: Lament of Innocence,PS2,2003.0,Action,Konami Digital Entertainment,0.46,0.36,0.0,0.12,0.94,79.0,45.0,8.4,74.0,M,0.5535714285714286
Just Cause 3,XOne,2015.0,Action,Square Enix,0.47,0.39,0.0,0.08,0.94,71.0,24.0,6.9,188.0,M,0.5535714285714286
The Elder Scrolls Online,PC,2014.0,Role-Playing,Bethesda Softworks,0.33,0.54,0.0,0.07,0.94,71.0,64.0,5.7,2429.0,M,0.5535714285714286
Street Fighter V,PS4,2016.0,Fighting,Capcom,0.42,0.28,0.09,0.15,0.94,77.0,80.0,3.4,1233.0,T,0.5535714285714286
WWE SmackDown vs. Raw 2009,PS3,2008.0,Fighting,THQ,0.51,0.3,0.01,0.12,0.94,78.0,37.0,7.0,49.0,T,0.5535714285714286
NCAA Football 10,X360,2009.0,Sports,Electronic Arts,0.87,0.0,0.0,0.07,0.94,83.0,26.0,6.7,37.0,E,0.5535714285714286
Brutal Legend,PS3,2009.0,Action,Electronic Arts,0.54,0.27,0.0,0.13,0.94,83.0,61.0,7.6,163.0,M,0.5535714285714286
Tony Hawk: RIDE,Wii,2009.0,Sports,Activision,0.69,0.17,0.0,0.08,0.94,47.0,15.0,4.5,21.0,E10+,0.5535714285714286
White Knight Chronicles: International Edition,PS3,2008.0,Role-Playing,Sony Computer Entertainment,0.33,0.16,0.36,0.08,0.94,64.0,77.0,7.5,213.0,T,0.5535714285714286
Far Cry: Primal,XOne,2016.0,Action,Ubisoft,0.5,0.35,0.0,0.08,0.94,77.0,27.0,6.4,199.0,M,0.5535714285714286
Bully,PS2,2006.0,Action,Take-Two Interactive,0.75,0.03,0.04,0.12,0.94,87.0,69.0,9.1,300.0,T,0.5535714285714286
Prince of Persia: The Sands of Time,X,2003.0,Action,Ubisoft,0.57,0.33,0.0,0.04,0.94,92.0,41.0,7.8,72.0,T,0.5535714285714286
MLB 06: The Show,PS2,2006.0,Sports,Sony Computer Entertainment,0.78,0.03,0.0,0.13,0.94,83.0,30.0,8.9,31.0,E,0.5535714285714286
NHL 2003,PS2,2002.0,Sports,Electronic Arts,0.46,0.36,0.0,0.12,0.93,79.0,20.0,6.8,18.0,E,0.5476190476190477
Naruto Shippuden: Ultimate Ninja Storm 3,PS3,2013.0,Fighting,Namco Bandai Games,0.32,0.32,0.15,0.15,0.93,77.0,32.0,7.9,189.0,T,0.5476190476190477
The Sims 2,DS,2005.0,Simulation,Electronic Arts,0.81,0.05,0.0,0.07,0.93,70.0,13.0,6.1,24.0,E10+,0.5476190476190477
Tony Hawks Pro Skater 4,X,2002.0,Sports,Activision,0.59,0.3,0.0,0.04,0.93,90.0,25.0,8.5,21.0,T,0.5476190476190477
Brothers in Arms: Hells Highway,PS3,2008.0,Shooter,Ubisoft,0.44,0.34,0.0,0.15,0.93,76.0,48.0,8.0,70.0,M,0.5476190476190477
SingStar Abba,PS3,2008.0,Misc,Sony Computer Entertainment,0.27,0.5,0.0,0.16,0.93,70.0,26.0,5.5,4.0,T,0.5476190476190477
Disney Magical World,3DS,2013.0,Adventure,Nintendo,0.17,0.2,0.53,0.03,0.93,71.0,27.0,7.3,22.0,E,0.5476190476190477
Guitar Hero: Metallica,Wii,2009.0,Misc,Activision,0.4,0.43,0.0,0.1,0.93,85.0,20.0,8.6,17.0,T,0.5476190476190477
Guitar Hero Live,PS4,2015.0,Misc,Activision,0.37,0.41,0.0,0.15,0.93,80.0,69.0,6.2,161.0,T,0.5476190476190477
Bayonetta,X360,2009.0,Action,Sega,0.51,0.25,0.09,0.08,0.93,90.0,86.0,8.0,598.0,M,0.5476190476190477
Teenage Mutant Ninja Turtles,GBA,2003.0,Action,Konami Digital Entertainment,0.67,0.25,0.0,0.02,0.93,71.0,16.0,8.9,9.0,E,0.5476190476190477
MLB 07: The Show,PS2,2007.0,Sports,Sony Computer Entertainment,0.77,0.03,0.0,0.13,0.93,83.0,25.0,8.6,19.0,E,0.5476190476190477
Build-A-Bear Workshop,DS,2007.0,Simulation,Game Factory,0.85,0.01,0.0,0.07,0.93,61.0,11.0,4.8,5.0,E,0.5476190476190477
Borderlands 2,PC,2012.0,Shooter,Take-Two Interactive,0.42,0.41,0.0,0.1,0.93,89.0,38.0,8.2,2496.0,M,0.5476190476190477
Cars,GC,2006.0,Racing,THQ,0.72,0.19,0.0,0.03,0.93,71.0,21.0,7.0,5.0,E,0.5476190476190477
South Park: The Stick of Truth,PS3,2014.0,Role-Playing,Ubisoft,0.44,0.34,0.0,0.16,0.93,85.0,31.0,8.5,575.0,M,0.5476190476190477
Kingdom Hearts Re:coded,DS,2010.0,Role-Playing,Square Enix,0.53,0.09,0.27,0.05,0.93,66.0,58.0,6.9,77.0,E10+,0.5476190476190477
MLB 15: The Show,PS4,2015.0,Sports,Sony Computer Entertainment,0.68,0.08,0.0,0.17,0.93,80.0,44.0,7.8,190.0,E,0.5476190476190477
Operation Flashpoint: Dragon Rising,X360,2009.0,Shooter,Codemasters,0.36,0.45,0.02,0.1,0.93,77.0,47.0,7.8,112.0,M,0.5476190476190477
Lego Batman 3: Beyond Gotham,PS4,2014.0,Action,Warner Bros. Interactive Entertainment,0.37,0.4,0.0,0.15,0.93,73.0,43.0,7.1,75.0,E10+,0.5476190476190477
South Park: The Stick of Truth,X360,2014.0,Role-Playing,Ubisoft,0.58,0.26,0.0,0.09,0.93,82.0,33.0,8.4,367.0,M,0.5476190476190477
Wipeout: In The Zone,X360,2011.0,Misc,Activision,0.87,0.0,0.0,0.06,0.93,39.0,5.0,5.6,8.0,E10+,0.5476190476190477
Assassins Creed III,PC,2012.0,Action,Ubisoft,0.28,0.53,0.0,0.12,0.93,80.0,21.0,6.2,1502.0,M,0.5476190476190477
Teenage Mutant Ninja Turtles,PS2,2003.0,Action,Konami Digital Entertainment,0.45,0.35,0.0,0.12,0.92,59.0,29.0,8.7,31.0,E,0.5416666666666667
Top Gun: Combat Zones,PS2,2001.0,Simulation,Titus,0.45,0.35,0.0,0.12,0.92,63.0,17.0,3.3,9.0,E,0.5416666666666667
NCAA Football 11,X360,2010.0,Sports,Electronic Arts,0.86,0.0,0.0,0.06,0.92,86.0,29.0,7.1,70.0,E,0.5416666666666667
007: The World is not Enough,PS,2000.0,Action,Electronic Arts,0.51,0.35,0.0,0.06,0.92,61.0,11.0,6.7,44.0,T,0.5416666666666667
Phoenix Wright: Ace Attorney,DS,2005.0,Adventure,Capcom,0.44,0.05,0.39,0.05,0.92,81.0,53.0,9.2,203.0,T,0.5416666666666667
Borderlands: The Handsome Collection,PS4,2015.0,Shooter,Take-Two Interactive,0.42,0.33,0.03,0.15,0.92,82.0,49.0,7.8,347.0,M,0.5416666666666667
Harvest Moon 3D: A New Beginning,3DS,2012.0,Action,Marvelous Entertainment,0.41,0.17,0.3,0.05,0.92,74.0,21.0,8.2,62.0,E,0.5416666666666667
LEGO Harry Potter: Years 5-7,PS3,2011.0,Action,Warner Bros. Interactive Entertainment,0.36,0.41,0.0,0.15,0.92,76.0,27.0,8.3,48.0,E10+,0.5416666666666667
MLB 12: The Show,PS3,2012.0,Sports,Sony Computer Entertainment,0.86,0.0,0.0,0.06,0.92,87.0,23.0,7.5,75.0,E,0.5416666666666667
Wii Play: Motion,Wii,2011.0,Misc,Nintendo,0.23,0.42,0.18,0.09,0.92,60.0,34.0,6.1,16.0,E10+,0.5416666666666667
SpongeBob SquarePants: The Yellow Avenger,PSP,2006.0,Action,THQ,0.55,0.21,0.0,0.16,0.92,48.0,9.0,6.4,13.0,E,0.5416666666666667
Dantes Inferno,X360,2010.0,Action,Electronic Arts,0.63,0.2,0.02,0.07,0.92,73.0,71.0,7.7,225.0,M,0.5416666666666667
EA Sports Active 2,PS3,2010.0,Sports,Electronic Arts,0.53,0.27,0.0,0.12,0.92,78.0,20.0,5.4,14.0,E,0.5416666666666667
WWE SmackDown vs. Raw 2009,X360,2008.0,Fighting,THQ,0.58,0.26,0.0,0.08,0.92,79.0,47.0,7.1,34.0,T,0.5416666666666667
Sonic Riders,GC,2006.0,Racing,Sega,0.71,0.18,0.0,0.03,0.92,59.0,32.0,8.0,46.0,E,0.5416666666666667
Blue Dragon,X360,2006.0,Role-Playing,Microsoft Game Studios,0.3,0.32,0.21,0.08,0.92,79.0,56.0,7.8,161.0,T,0.5416666666666667
LEGO Marvel Super Heroes,3DS,2013.0,Action,Warner Bros. Interactive Entertainment,0.42,0.38,0.04,0.07,0.92,61.0,4.0,5.2,11.0,E10+,0.5416666666666667
NBA 2K14,XOne,2013.0,Sports,Take-Two Interactive,0.71,0.11,0.0,0.09,0.91,86.0,15.0,5.7,183.0,E,0.5357142857142857
FIFA Street,X360,2012.0,Sports,Electronic Arts,0.19,0.62,0.0,0.1,0.91,77.0,47.0,6.7,58.0,E,0.5357142857142857
Kung Fu Panda,Wii,2008.0,Action,Activision,0.5,0.32,0.0,0.09,0.91,70.0,20.0,6.7,7.0,E10+,0.5357142857142857
Street Hoops,PS2,2002.0,Sports,Activision,0.45,0.35,0.0,0.12,0.91,62.0,22.0,7.9,10.0,T,0.5357142857142857
Knockout Kings 2002,PS2,2002.0,Sports,Electronic Arts,0.45,0.35,0.0,0.12,0.91,76.0,23.0,8.1,12.0,T,0.5357142857142857
Tom Clancys EndWar,X360,2008.0,Strategy,Ubisoft,0.58,0.24,0.01,0.09,0.91,77.0,63.0,7.2,53.0,T,0.5357142857142857
Tokyo Xtreme Racer 3,PS2,2003.0,Racing,Genki,0.35,0.27,0.21,0.09,0.91,63.0,15.0,8.9,23.0,E,0.5357142857142857
Xenoblade Chronicles,Wii,2010.0,Role-Playing,Nintendo,0.43,0.25,0.16,0.07,0.91,92.0,59.0,8.9,957.0,T,0.5357142857142857
Colin McRae Rally 2.0,PS,2000.0,Racing,Codemasters,0.02,0.8,0.02,0.07,0.91,90.0,13.0,8.7,31.0,E,0.5357142857142857
Dynasty Warriors 7,PS3,2011.0,Action,Tecmo Koei,0.25,0.13,0.46,0.06,0.91,57.0,25.0,7.4,58.0,T,0.5357142857142857
SSX,PS3,2012.0,Sports,Electronic Arts,0.35,0.41,0.02,0.14,0.91,81.0,38.0,6.8,111.0,E,0.5357142857142857
Sonic Riders: Zero Gravity,Wii,2008.0,Racing,Sega,0.48,0.32,0.02,0.09,0.91,56.0,26.0,8.1,57.0,E,0.5357142857142857
Dragon Ball: Xenoverse 2,PS4,2016.0,Action,Namco Bandai Games,0.29,0.38,0.1,0.13,0.91,72.0,57.0,7.7,123.0,T,0.5357142857142857
Sonic Mega Collection Plus,X,2004.0,Misc,Sega,0.61,0.26,0.0,0.04,0.91,75.0,20.0,7.9,12.0,E,0.5357142857142857
Operation Flashpoint: Dragon Rising,PS3,2009.0,Shooter,Codemasters,0.23,0.46,0.05,0.17,0.91,76.0,42.0,6.5,53.0,M,0.5357142857142857
Madden NFL 25,PS4,2013.0,Sports,Electronic Arts,0.63,0.13,0.0,0.15,0.91,74.0,13.0,5.2,118.0,E,0.5357142857142857
Tiger Woods PGA Tour 2002,PS2,2002.0,Sports,Electronic Arts,0.44,0.35,0.0,0.12,0.9,80.0,23.0,7.6,5.0,E,0.5297619047619048
Lost Odyssey,X360,2007.0,Role-Playing,Microsoft Game Studios,0.45,0.26,0.11,0.08,0.9,78.0,68.0,8.3,435.0,T,0.5297619047619048
MLB 2005,PS2,2004.0,Sports,Sony Computer Entertainment,0.44,0.35,0.0,0.12,0.9,78.0,36.0,7.6,9.0,E,0.5297619047619048
Marvel: Ultimate Alliance 2,X360,2009.0,Role-Playing,Activision,0.68,0.15,0.0,0.08,0.9,73.0,75.0,7.3,83.0,T,0.5297619047619048
Burnout Revenge,PS2,2005.0,Racing,Electronic Arts,0.75,0.03,0.0,0.12,0.9,90.0,52.0,8.8,115.0,E10+,0.5297619047619048
The Witcher 2: Assassins of Kings,X360,2012.0,Action,Namco Bandai Games,0.48,0.32,0.02,0.08,0.9,88.0,82.0,8.3,818.0,M,0.5297619047619048
Crysis 3,X360,2013.0,Shooter,Electronic Arts,0.51,0.31,0.01,0.08,0.9,76.0,45.0,6.7,345.0,M,0.5297619047619048
Homefront,PS3,2011.0,Shooter,THQ,0.32,0.39,0.04,0.15,0.9,70.0,60.0,5.7,174.0,M,0.5297619047619048
MX vs. ATV Reflex,PS3,2009.0,Racing,THQ,0.52,0.25,0.0,0.12,0.9,74.0,44.0,7.4,10.0,E,0.5297619047619048
Hot Shots Tennis,PS2,2006.0,Sports,Sony Computer Entertainment,0.17,0.13,0.55,0.05,0.9,70.0,44.0,8.1,8.0,E,0.5297619047619048
Sonic Heroes,X,2003.0,Platform,Sega,0.41,0.43,0.01,0.05,0.9,73.0,28.0,7.6,34.0,E,0.5297619047619048
Spider-Man 3,PS2,2007.0,Platform,Activision,0.74,0.03,0.01,0.12,0.9,50.0,14.0,6.5,28.0,T,0.5297619047619048
James Bond 007: Agent Under Fire,X,2002.0,Shooter,Electronic Arts,0.65,0.22,0.0,0.03,0.9,71.0,16.0,7.5,15.0,T,0.5297619047619048
Titanfall 2,XOne,2016.0,Shooter,Electronic Arts,0.58,0.23,0.0,0.08,0.9,87.0,31.0,8.0,279.0,M,0.5297619047619048
DJ Hero,PS3,2009.0,Misc,Activision,0.42,0.34,0.0,0.14,0.9,86.0,53.0,7.8,50.0,T,0.5297619047619048
X-Men Legends,X,2004.0,Role-Playing,Activision,0.62,0.24,0.0,0.04,0.9,82.0,63.0,8.5,14.0,T,0.5297619047619048
NBA Live 2005,X,2004.0,Sports,Electronic Arts,0.81,0.05,0.0,0.04,0.9,85.0,28.0,7.6,14.0,E,0.5297619047619048
Harry Potter: Quidditch World Cup,PS2,2003.0,Sports,Electronic Arts,0.44,0.34,0.0,0.11,0.9,68.0,21.0,6.6,27.0,E,0.5297619047619048
Blitz: The League,PS2,2005.0,Sports,Midway Games,0.74,0.03,0.0,0.12,0.89,76.0,25.0,8.0,20.0,M,0.5238095238095238
Castlevania: Circle of the Moon,GBA,2001.0,Platform,Konami Digital Entertainment,0.6,0.22,0.05,0.02,0.89,91.0,22.0,8.5,59.0,T,0.5238095238095238
SOCOM 4: U.S. Navy SEALs,PS3,2011.0,Shooter,Sony Computer Entertainment,0.66,0.11,0.04,0.08,0.89,67.0,64.0,6.3,121.0,M,0.5238095238095238
Tiger Woods PGA Tour 06,PS2,2005.0,Sports,Electronic Arts,0.74,0.03,0.0,0.12,0.89,83.0,29.0,6.2,16.0,E,0.5238095238095238
Classic NES Series: The Legend of Zelda,GBA,2004.0,Adventure,Nintendo,0.46,0.17,0.24,0.02,0.89,84.0,16.0,8.6,59.0,E,0.5238095238095238
Fire Emblem: The Sacred Stones,GBA,2004.0,Strategy,Nintendo,0.42,0.16,0.3,0.02,0.89,85.0,38.0,9.1,132.0,E,0.5238095238095238
Killzone: Liberation,PSP,2006.0,Shooter,Sony Computer Entertainment,0.44,0.27,0.0,0.18,0.89,77.0,56.0,8.2,81.0,T,0.5238095238095238
Resistance: Retribution,PSP,2009.0,Shooter,Sony Computer Entertainment,0.27,0.36,0.05,0.21,0.89,81.0,67.0,8.1,84.0,M,0.5238095238095238
Finding Nemo,GC,2003.0,Action,THQ,0.69,0.18,0.0,0.02,0.89,62.0,11.0,5.5,8.0,E,0.5238095238095238
Ace Combat 2,PS,1997.0,Simulation,Sony Computer Entertainment,0.16,0.11,0.56,0.06,0.89,83.0,10.0,8.2,22.0,T,0.5238095238095238
NFL 2K2,PS2,2001.0,Sports,Sega,0.44,0.34,0.0,0.11,0.89,85.0,16.0,7.5,6.0,E,0.5238095238095238
Pure,PS3,2008.0,Racing,Disney Interactive Studios,0.42,0.33,0.0,0.14,0.89,83.0,43.0,7.8,30.0,E,0.5238095238095238
Call of Duty: World at War,DS,2008.0,Shooter,Activision,0.56,0.25,0.0,0.08,0.89,75.0,12.0,7.8,20.0,T,0.5238095238095238
Lego Star Wars: The Force Awakens,PS4,2016.0,Action,Warner Bros. Interactive Entertainment,0.19,0.55,0.01,0.14,0.89,78.0,61.0,7.5,91.0,E10+,0.5238095238095238
Tiger Woods PGA Tour 12: The Masters,PS3,2011.0,Sports,Electronic Arts,0.52,0.25,0.0,0.11,0.89,80.0,41.0,7.3,17.0,E,0.5238095238095238
FIFA Soccer 09 All-Play,Wii,2008.0,Sports,Electronic Arts,0.28,0.51,0.0,0.09,0.89,80.0,18.0,8.4,22.0,E,0.5238095238095238
LEGO Indiana Jones 2: The Adventure Continues,PS3,2009.0,Action,Activision,0.47,0.29,0.0,0.13,0.89,70.0,25.0,7.1,16.0,E10+,0.5238095238095238
Fossil Fighters,DS,2008.0,Role-Playing,Nintendo,0.83,0.0,0.0,0.06,0.89,70.0,17.0,7.9,15.0,E,0.5238095238095238
NCAA Football 13,PS3,2012.0,Action,Electronic Arts,0.82,0.0,0.0,0.07,0.89,79.0,9.0,4.1,34.0,E,0.5238095238095238
Samba De Amigo,Wii,2008.0,Misc,Sega,0.41,0.37,0.01,0.09,0.88,68.0,43.0,8.1,40.0,E,0.5178571428571429
The Simpsons Game,PS3,2007.0,Action,Electronic Arts,0.38,0.36,0.0,0.15,0.88,71.0,30.0,7.4,50.0,T,0.5178571428571429
Call of Duty: Modern Warfare 2,PC,2009.0,Shooter,Activision,0.01,0.79,0.0,0.09,0.88,86.0,40.0,4.2,6441.0,M,0.5178571428571429
The Tomb Raider Trilogy,PS3,2011.0,Action,Square Enix,0.27,0.46,0.0,0.15,0.88,78.0,37.0,8.1,61.0,T,0.5178571428571429
F1 2010,X360,2010.0,Racing,Codemasters,0.18,0.59,0.01,0.1,0.88,84.0,43.0,7.5,65.0,E,0.5178571428571429
Call of Juarez: Bound in Blood,PS3,2009.0,Shooter,Ubisoft,0.35,0.37,0.01,0.15,0.88,78.0,47.0,7.8,91.0,M,0.5178571428571429
NBA 2K6,PS2,2005.0,Action,Take-Two Interactive,0.43,0.34,0.0,0.11,0.88,84.0,23.0,8.3,13.0,E,0.5178571428571429
Dissidia 012: Duodecim Final Fantasy,PSP,2011.0,Fighting,Square Enix,0.21,0.12,0.46,0.08,0.88,78.0,52.0,8.3,144.0,T,0.5178571428571429
Monster 4X4: World Circuit,Wii,2006.0,Racing,Ubisoft,0.8,0.0,0.01,0.07,0.88,51.0,11.0,7.8,17.0,E,0.5178571428571429
Resident Evil: Revelations,3DS,2012.0,Action,Capcom,0.3,0.22,0.3,0.05,0.88,82.0,78.0,8.5,400.0,M,0.5178571428571429
Sonic Chronicles: The Dark Brotherhood,DS,2008.0,Role-Playing,Sega,0.5,0.29,0.01,0.08,0.88,74.0,55.0,7.3,81.0,E,0.5178571428571429
Star Wars: The Force Unleashed,DS,2008.0,Action,LucasArts,0.5,0.28,0.0,0.09,0.88,61.0,8.0,5.5,18.0,T,0.5178571428571429
Grand Theft Auto IV,PC,2008.0,Action,Take-Two Interactive,0.01,0.79,0.0,0.07,0.88,90.0,40.0,6.6,2312.0,M,0.5178571428571429
Rock Band 3,X360,2010.0,Misc,MTV Games,0.73,0.09,0.0,0.06,0.88,93.0,57.0,8.2,137.0,T,0.5178571428571429
WWE SmackDown vs. Raw 2011,X360,2010.0,Fighting,THQ,0.44,0.35,0.0,0.08,0.88,75.0,49.0,7.6,45.0,T,0.5178571428571429
ESPN NHL 2K5,PS2,2004.0,Sports,Global Star,0.43,0.33,0.0,0.11,0.88,86.0,25.0,8.1,18.0,E,0.5178571428571429
Crimson Skies: High Road to Revenge,X,2003.0,Simulation,Microsoft Game Studios,0.65,0.19,0.0,0.03,0.87,88.0,49.0,8.8,45.0,T,0.5119047619047619
F1 2009,Wii,2009.0,Racing,Codemasters,0.15,0.62,0.0,0.11,0.87,69.0,29.0,7.2,30.0,E,0.5119047619047619
Madden NFL 08,Wii,2007.0,Sports,Electronic Arts,0.8,0.0,0.0,0.07,0.87,76.0,29.0,6.8,27.0,E,0.5119047619047619
Spec Ops: Ranger Elite,PS,2001.0,Shooter,TalonSoft,0.49,0.33,0.0,0.06,0.87,48.0,4.0,6.6,16.0,T,0.5119047619047619
Tom Clancys Ghost Recon: Island Thunder,X,2003.0,Shooter,Ubisoft,0.61,0.24,0.0,0.03,0.87,81.0,33.0,8.8,17.0,M,0.5119047619047619
Sleeping Dogs,X360,2012.0,Action,Square Enix ,0.38,0.4,0.01,0.08,0.87,80.0,47.0,7.9,469.0,M,0.5119047619047619
Kingdoms of Amalur: Reckoning,X360,2012.0,Role-Playing,Electronic Arts,0.55,0.24,0.01,0.07,0.87,80.0,71.0,7.7,447.0,M,0.5119047619047619
Kingdom Hearts Re: Chain of Memories,PS2,2008.0,Role-Playing,Square Enix,0.73,0.03,0.0,0.12,0.87,68.0,20.0,7.2,107.0,E10+,0.5119047619047619
Phantasy Star Portable 2,PSP,2009.0,Role-Playing,Sega,0.08,0.11,0.62,0.06,0.87,69.0,27.0,8.1,35.0,T,0.5119047619047619
Michael Jackson: The Experience,X360,2011.0,Misc,Ubisoft,0.62,0.18,0.0,0.07,0.87,63.0,31.0,6.8,29.0,E10+,0.5119047619047619
LittleBigPlanet Karting,PS3,2012.0,Action,Sony Computer Entertainment,0.42,0.3,0.01,0.15,0.87,73.0,69.0,6.9,159.0,E,0.5119047619047619
Tony Hawks Project 8,PS2,2006.0,Sports,Activision,0.72,0.03,0.0,0.12,0.87,69.0,17.0,7.3,19.0,T,0.5119047619047619
GRID,X360,2008.0,Racing,Codemasters,0.33,0.44,0.01,0.09,0.87,87.0,62.0,7.9,131.0,E,0.5119047619047619
DiRT,X360,2007.0,Racing,Codemasters,0.38,0.4,0.0,0.09,0.87,83.0,59.0,7.4,94.0,E,0.5119047619047619
Red Faction: Guerrilla,X360,2009.0,Shooter,THQ,0.48,0.29,0.01,0.09,0.87,85.0,84.0,8.0,239.0,M,0.5119047619047619
Fight Night Round 2,PS2,2005.0,Fighting,Electronic Arts,0.72,0.03,0.0,0.12,0.87,88.0,37.0,9.0,37.0,T,0.5119047619047619
Conflict: Desert Storm,X,2002.0,Shooter,SCi,0.48,0.37,0.0,0.02,0.87,65.0,14.0,8.1,17.0,T,0.5119047619047619
Cooking Mama: World Kitchen,Wii,2008.0,Simulation,505 Games,0.51,0.27,0.01,0.08,0.87,62.0,17.0,4.9,12.0,E,0.5119047619047619
Dragon Quest VIII: Journey of the Cursed King,3DS,2015.0,Role-Playing,Square Enix,0.0,0.0,0.87,0.0,0.87,86.0,32.0,9.6,26.0,T,0.5119047619047619
Brothers in Arms: Hells Highway,X360,2008.0,Shooter,Ubisoft,0.47,0.3,0.0,0.09,0.87,76.0,65.0,8.3,149.0,M,0.5119047619047619
Vagrant Story,PS,2000.0,Role-Playing,Crave Entertainment,0.3,0.2,0.3,0.06,0.87,92.0,19.0,8.4,131.0,T,0.5119047619047619
Warriors Orochi,PS2,2007.0,Action,Tecmo Koei,0.11,0.09,0.64,0.03,0.87,55.0,14.0,8.2,17.0,T,0.5119047619047619
Crysis 3,PS3,2013.0,Shooter,Electronic Arts,0.26,0.42,0.03,0.16,0.87,77.0,23.0,6.3,288.0,M,0.5119047619047619
Mercenaries 2: World in Flames,PS3,2008.0,Shooter,Electronic Arts,0.29,0.39,0.02,0.16,0.87,72.0,43.0,7.1,73.0,T,0.5119047619047619
Xenoblade Chronicles X,WiiU,2015.0,Role-Playing,Nintendo,0.38,0.28,0.15,0.06,0.86,84.0,87.0,8.9,1562.0,T,0.5059523809523809
Ghostbusters: The Video Game,Wii,2009.0,Action,Atari,0.59,0.2,0.0,0.07,0.86,76.0,29.0,8.5,28.0,E10+,0.5059523809523809
LEGO Dimensions,PS4,2015.0,Action,Warner Bros. Interactive Entertainment,0.29,0.44,0.0,0.14,0.86,80.0,53.0,7.0,67.0,E10+,0.5059523809523809
Endless Ocean: Blue World,Wii,2009.0,Simulation,Nintendo,0.46,0.21,0.12,0.06,0.86,76.0,42.0,8.5,26.0,E10+,0.5059523809523809
Winning Eleven: Pro Evolution Soccer 2007,PSP,2006.0,Sports,Konami Digital Entertainment,0.01,0.72,0.12,0.01,0.86,81.0,10.0,8.3,14.0,E,0.5059523809523809
Rocky,PS2,2002.0,Fighting,Rage Software,0.42,0.33,0.0,0.11,0.86,74.0,14.0,8.4,11.0,T,0.5059523809523809
Farming Simulator 17,PC,2016.0,Simulation,Focus Home Interactive,0.04,0.77,0.0,0.05,0.86,68.0,11.0,7.9,21.0,E,0.5059523809523809
Ford Racing,PS,2001.0,Racing,Empire Interactive,0.48,0.33,0.0,0.06,0.86,53.0,4.0,5.8,4.0,E,0.5059523809523809
Guitar Hero: Warriors of Rock,X360,2010.0,Misc,Activision,0.47,0.31,0.0,0.08,0.86,72.0,65.0,6.5,53.0,T,0.5059523809523809
Lemmings,PSP,2006.0,Puzzle,Sony Computer Entertainment,0.12,0.51,0.0,0.23,0.86,76.0,46.0,7.9,14.0,E,0.5059523809523809
Dynasty Warriors 4: Xtreme Legends,PS2,2003.0,Action,Tecmo Koei,0.17,0.13,0.51,0.04,0.86,72.0,15.0,9.1,39.0,T,0.5059523809523809
Tomb Raider: Anniversary,Wii,2007.0,Action,Eidos Interactive,0.12,0.62,0.0,0.11,0.85,73.0,22.0,7.3,25.0,T,0.5
2010 FIFA World Cup South Africa,X360,2010.0,Sports,Electronic Arts,0.32,0.42,0.02,0.09,0.85,83.0,61.0,8.1,58.0,E,0.5
NBA 2K8,X360,2007.0,Sports,Take-Two Interactive,0.79,0.0,0.0,0.07,0.85,81.0,33.0,7.0,28.0,E,0.5
Tiger Woods PGA Tour 2005,X,2004.0,Sports,Electronic Arts,0.64,0.18,0.0,0.03,0.85,88.0,26.0,8.9,14.0,E,0.5
The Lord of the Rings: War in the North,X360,2011.0,Action,Warner Bros. Interactive Entertainment,0.53,0.24,0.0,0.08,0.85,61.0,48.0,7.4,113.0,M,0.5
Kingdoms of Amalur: Reckoning,PS3,2012.0,Role-Playing,Electronic Arts,0.37,0.29,0.09,0.11,0.85,81.0,34.0,7.6,376.0,M,0.5
Dragon Ball Z: Burst Limit,PS3,2008.0,Fighting,Atari,0.22,0.33,0.18,0.12,0.85,71.0,32.0,7.2,52.0,T,0.5
Tekken Tag Tournament 2,PS3,2012.0,Fighting,Namco Bandai Games,0.28,0.31,0.13,0.13,0.85,82.0,50.0,8.2,195.0,T,0.5
Wii Fit U,WiiU,2013.0,Sports,Nintendo,0.35,0.23,0.21,0.05,0.85,72.0,19.0,7.7,72.0,E,0.5
Ninja Gaiden Sigma 2,PS3,2009.0,Action,Ubisoft Annecy,0.52,0.16,0.08,0.1,0.85,83.0,52.0,7.7,115.0,M,0.5
Tales of Xillia 2,PS3,2012.0,Role-Playing,Namco Bandai Games,0.21,0.13,0.45,0.07,0.85,71.0,59.0,7.9,216.0,T,0.5
Ratatouille,PS2,2007.0,Action,THQ,0.31,0.0,0.0,0.53,0.85,65.0,9.0,8.0,11.0,E,0.5
Burnout 2: Point of Impact,PS2,2002.0,Racing,Acclaim Entertainment,0.42,0.32,0.0,0.11,0.85,86.0,31.0,8.2,49.0,E,0.5
Street Fighter EX3,PS2,2000.0,Fighting,Virgin Interactive,0.32,0.25,0.2,0.08,0.85,64.0,17.0,7.9,31.0,T,0.5
The Legendary Starfy,DS,2008.0,Platform,Nintendo,0.6,0.0,0.2,0.05,0.85,75.0,25.0,8.4,26.0,E,0.5
NCAA Football 11,PS3,2010.0,Sports,Electronic Arts,0.79,0.0,0.0,0.06,0.85,85.0,22.0,7.4,25.0,E,0.5
The House of the Dead: Overkill,Wii,2009.0,Shooter,Sega,0.44,0.3,0.02,0.09,0.85,78.0,65.0,8.7,95.0,M,0.5
Army of Two: The 40th Day,PS3,2010.0,Shooter,Electronic Arts,0.44,0.27,0.01,0.12,0.85,74.0,56.0,7.0,88.0,M,0.5
Darksiders II,PS3,2012.0,Action,THQ,0.35,0.35,0.01,0.14,0.85,84.0,39.0,7.1,424.0,M,0.5
Spider-Man 2,GC,2004.0,Action,Activision,0.65,0.17,0.0,0.02,0.84,80.0,41.0,8.8,30.0,T,0.49404761904761907
Ghostbusters: The Video Game,PS3,2009.0,Action,Sony Computer Entertainment,0.34,0.36,0.0,0.14,0.84,78.0,74.0,7.9,96.0,T,0.49404761904761907
The Incredibles,GC,2004.0,Action,THQ,0.65,0.17,0.0,0.02,0.84,63.0,27.0,7.1,7.0,T,0.49404761904761907
NBA 2K10,PS3,2009.0,Sports,Take-Two Interactive,0.75,0.01,0.01,0.07,0.84,83.0,30.0,7.8,39.0,E,0.49404761904761907
Skate 2,PS3,2009.0,Sports,Electronic Arts,0.46,0.25,0.01,0.12,0.84,84.0,50.0,7.8,53.0,T,0.49404761904761907
Big Mutha Truckers,PS2,2002.0,Racing,Empire Interactive,0.41,0.32,0.0,0.11,0.84,62.0,15.0,5.3,20.0,T,0.49404761904761907
Rogue Galaxy,PS2,2005.0,Role-Playing,Sony Computer Entertainment,0.24,0.16,0.39,0.05,0.84,83.0,59.0,8.5,90.0,T,0.49404761904761907
Tales of the Abyss,3DS,2011.0,Role-Playing,Namco Bandai Games,0.44,0.19,0.14,0.06,0.84,75.0,33.0,7.6,198.0,T,0.49404761904761907
ESPN College Hoops 2K5,PS2,2004.0,Sports,Sega,0.41,0.32,0.0,0.11,0.84,86.0,14.0,8.1,10.0,E,0.49404761904761907
NCAA Football 14,PS3,2013.0,Sports,Electronic Arts,0.75,0.0,0.0,0.09,0.84,77.0,9.0,6.2,40.0,E,0.49404761904761907
Burnout Legends,PSP,2005.0,Racing,Electronic Arts,0.7,0.05,0.0,0.08,0.84,86.0,53.0,8.4,108.0,E10+,0.49404761904761907
Harry Potter and the Order of the Phoenix,DS,2007.0,Action,Electronic Arts,0.28,0.46,0.0,0.1,0.84,51.0,15.0,4.9,19.0,E,0.49404761904761907
Sniper Elite V2,X360,2012.0,Shooter,505 Games,0.46,0.28,0.02,0.07,0.84,67.0,37.0,6.8,131.0,M,0.49404761904761907
Madden NFL 09 All-Play,Wii,2008.0,Sports,Electronic Arts,0.77,0.01,0.0,0.06,0.84,82.0,19.0,7.2,22.0,E,0.49404761904761907
Metroid: Zero Mission,GBA,2004.0,Adventure,Nintendo,0.6,0.22,0.0,0.01,0.84,89.0,50.0,9.0,132.0,E,0.49404761904761907
Blazing Angels: Squadrons of WWII,Wii,2007.0,Simulation,Ubisoft,0.74,0.04,0.0,0.06,0.83,57.0,11.0,6.7,28.0,T,0.4880952380952381
Dynasty Warriors 2,PS2,2000.0,Action,THQ,0.24,0.19,0.34,0.06,0.83,75.0,17.0,8.8,24.0,T,0.4880952380952381
Time Crisis 4,PS3,2007.0,Shooter,Namco Bandai Games,0.32,0.32,0.05,0.14,0.83,60.0,52.0,7.4,21.0,T,0.4880952380952381
Madden NFL 07,PSP,2006.0,Sports,Electronic Arts,0.77,0.03,0.0,0.04,0.83,78.0,18.0,6.6,16.0,E,0.4880952380952381
Duke Nukem Forever,X360,2011.0,Shooter,Take-Two Interactive,0.52,0.25,0.0,0.07,0.83,49.0,76.0,4.4,456.0,M,0.4880952380952381
Lizzie McGuire 2: Lizzie Diaries,GBA,2004.0,Action,Disney Interactive Studios,0.6,0.22,0.0,0.01,0.83,57.0,6.0,5.0,5.0,E,0.4880952380952381
NCAA Football 12,PS3,2011.0,Sports,Electronic Arts,0.78,0.0,0.0,0.05,0.83,82.0,17.0,5.8,41.0,E,0.4880952380952381
Tiger Woods PGA Tour 11,PS3,2010.0,Sports,Electronic Arts,0.37,0.33,0.0,0.13,0.83,78.0,40.0,6.7,17.0,E,0.4880952380952381
Brute Force,X,2003.0,Shooter,Microsoft Game Studios,0.62,0.18,0.01,0.03,0.83,77.0,45.0,7.8,49.0,M,0.4880952380952381
WWE SmackDown vs. Raw 2009,Wii,2008.0,Fighting,THQ,0.44,0.31,0.0,0.08,0.83,79.0,18.0,8.5,18.0,T,0.4880952380952381
Sly 3: Honor Among Thieves,PS2,2005.0,Platform,Sony Computer Entertainment,0.69,0.03,0.0,0.11,0.83,83.0,59.0,8.8,130.0,E10+,0.4880952380952381
MLB SlugFest 20-03,PS2,2002.0,Sports,Midway Games,0.41,0.32,0.0,0.11,0.83,77.0,25.0,8.2,6.0,E,0.4880952380952381
Need for Speed: Nitro,Wii,2009.0,Racing,Electronic Arts,0.45,0.3,0.0,0.08,0.83,69.0,41.0,7.4,38.0,E10+,0.4880952380952381
DJ Hero 2,X360,2010.0,Misc,Activision,0.65,0.12,0.0,0.06,0.83,86.0,66.0,7.9,23.0,T,0.4880952380952381
Rare Replay,XOne,2015.0,Misc,Microsoft Game Studios,0.52,0.22,0.01,0.08,0.83,84.0,75.0,7.7,330.0,M,0.4880952380952381
Street Fighter X Tekken,PS3,2012.0,Fighting,Capcom,0.42,0.21,0.1,0.09,0.83,84.0,51.0,5.3,191.0,T,0.4880952380952381
Sid Meiers Civilization Revolution,X360,2008.0,Strategy,Take-Two Interactive,0.58,0.17,0.0,0.07,0.83,84.0,55.0,7.8,172.0,E10+,0.4880952380952381
Dragon Age II,PS3,2011.0,Action,Electronic Arts,0.4,0.26,0.05,0.11,0.83,82.0,52.0,4.3,1199.0,M,0.4880952380952381
Call of Duty: Modern Warfare 3,Wii,2011.0,Shooter,Activision,0.55,0.2,0.0,0.08,0.83,70.0,16.0,1.8,442.0,M,0.4880952380952381
James Bond 007: Nightfire,X,2002.0,Shooter,Electronic Arts,0.58,0.22,0.0,0.03,0.82,78.0,30.0,7.8,25.0,T,0.48214285714285715
Tony Hawks Pro Skater 3,GC,2001.0,Sports,Activision,0.64,0.17,0.0,0.02,0.82,91.0,27.0,9.0,27.0,T,0.48214285714285715
Marvel: Ultimate Alliance,PS2,2006.0,Role-Playing,Activision,0.69,0.03,0.0,0.11,0.82,81.0,29.0,8.2,35.0,T,0.48214285714285715
Stranglehold,X360,2007.0,Shooter,Midway Games,0.4,0.33,0.01,0.09,0.82,77.0,59.0,7.6,91.0,M,0.48214285714285715
Harvest Moon: Tree of Tranquility,Wii,2007.0,Simulation,Rising Star Games,0.67,0.03,0.06,0.05,0.82,65.0,18.0,8.2,28.0,E,0.48214285714285715
Tony Hawks Underground 2 Remix,PSP,2005.0,Sports,Activision,0.46,0.21,0.0,0.15,0.82,83.0,49.0,8.0,34.0,T,0.48214285714285715
Madden NFL 25,XOne,2013.0,Sports,Electronic Arts,0.68,0.05,0.0,0.09,0.82,73.0,18.0,5.9,111.0,E,0.48214285714285715
Need for Speed: Hot Pursuit 2,X,2002.0,Racing,Electronic Arts,0.68,0.11,0.0,0.03,0.82,75.0,18.0,6.4,15.0,E,0.48214285714285715
Amped: Freestyle Snowboarding,X,2001.0,Sports,Microsoft Game Studios,0.69,0.11,0.0,0.02,0.82,78.0,30.0,9.0,20.0,E,0.48214285714285715
LEGO Marvels Avengers,PS4,2016.0,Action,Warner Bros. Interactive Entertainment,0.28,0.4,0.01,0.13,0.82,71.0,70.0,7.0,87.0,E10+,0.48214285714285715
Killzone: Mercenary,PSV,2013.0,Shooter,Sony Computer Entertainment Europe,0.2,0.4,0.04,0.17,0.82,78.0,86.0,8.8,517.0,M,0.48214285714285715
Devil May Cry HD Collection,PS3,2012.0,Action,Capcom,0.42,0.19,0.11,0.09,0.82,74.0,27.0,8.8,159.0,M,0.48214285714285715
Shin Megami Tensei: Persona 4,PS2,2008.0,Role-Playing,Atlus,0.34,0.04,0.36,0.08,0.82,90.0,47.0,8.9,642.0,M,0.48214285714285715
The Lord of the Rings: War in the North,PS3,2011.0,Action,Warner Bros. Interactive Entertainment,0.25,0.42,0.01,0.13,0.82,63.0,33.0,7.0,100.0,M,0.48214285714285715
Dance Central 3,X360,2012.0,Misc,Microsoft Game Studios,0.57,0.18,0.0,0.06,0.81,86.0,43.0,8.0,45.0,T,0.4761904761904762
Tales of Destiny II,PS,2000.0,Role-Playing,Namco Bandai Games,0.06,0.04,0.66,0.05,0.81,78.0,9.0,8.7,31.0,T,0.4761904761904762
NASCAR 2001,PS,2000.0,Racing,Electronic Arts,0.45,0.31,0.0,0.05,0.81,73.0,8.0,6.1,9.0,E,0.4761904761904762
The Legend of Zelda: Four Swords Adventures,GC,2004.0,Action,Nintendo,0.63,0.16,0.0,0.02,0.81,86.0,55.0,7.2,74.0,E,0.4761904761904762
MediEvil: Resurrection,PSP,2005.0,Adventure,Sony Computer Entertainment,0.19,0.41,0.0,0.22,0.81,66.0,43.0,8.7,53.0,T,0.4761904761904762
Valkyrie Profile,PS,1999.0,Role-Playing,Enix Corporation,0.07,0.05,0.63,0.05,0.81,81.0,8.0,8.8,38.0,T,0.4761904761904762
Dragon Ball: Raging Blast 2,PS3,2010.0,Fighting,Namco Bandai Games,0.43,0.18,0.11,0.09,0.81,60.0,27.0,7.5,63.0,T,0.4761904761904762
Shaun White Snowboarding,X360,2008.0,Sports,Ubisoft,0.48,0.25,0.0,0.08,0.81,60.0,48.0,7.6,25.0,T,0.4761904761904762
Patapon,PSP,2007.0,Misc,Sony Computer Entertainment,0.33,0.25,0.07,0.16,0.81,86.0,60.0,8.7,102.0,E,0.4761904761904762
Metal Gear Solid V: The Phantom Pain,XOne,2015.0,Action,Konami Digital Entertainment,0.46,0.26,0.01,0.07,0.81,95.0,10.0,7.2,907.0,M,0.4761904761904762
Pro Evolution Soccer 2010,X360,2009.0,Sports,Konami Digital Entertainment,0.12,0.58,0.03,0.08,0.81,78.0,34.0,7.6,29.0,E,0.4761904761904762
Tom Clancys Rainbow Six 3,PS2,2004.0,Shooter,Ubisoft,0.4,0.31,0.0,0.1,0.81,70.0,34.0,8.2,17.0,M,0.4761904761904762
Final Fantasy X / X-2 HD Remaster,PSV,2013.0,Role-Playing,Square Enix,0.16,0.25,0.28,0.12,0.81,86.0,14.0,8.5,225.0,T,0.4761904761904762
NCAA Football 10,PS3,2009.0,Sports,Electronic Arts,0.75,0.0,0.0,0.06,0.81,80.0,20.0,6.9,14.0,E,0.4761904761904762
Guitar Hero: Warriors of Rock,PS3,2010.0,Misc,Activision,0.33,0.34,0.0,0.13,0.81,74.0,46.0,7.1,30.0,T,0.4761904761904762
The Sims 2,PS2,2005.0,Simulation,Electronic Arts,0.67,0.03,0.0,0.11,0.81,75.0,31.0,4.4,166.0,T,0.4761904761904762
Yakuza,PS2,2005.0,Action,Sega,0.03,0.02,0.74,0.01,0.8,75.0,58.0,8.2,75.0,M,0.4702380952380953
Star Wars Rogue Squadron III: Rebel Strike,GC,2003.0,Simulation,LucasArts,0.62,0.16,0.0,0.02,0.8,75.0,36.0,7.6,51.0,T,0.4702380952380953
Hitman: Contracts,PS2,2004.0,Shooter,Eidos Interactive,0.39,0.31,0.0,0.1,0.8,80.0,39.0,8.3,44.0,M,0.4702380952380953
Professor Layton vs Phoenix Wright: Ace Attorney,3DS,2012.0,Puzzle,Level 5,0.2,0.26,0.3,0.04,0.8,79.0,69.0,8.5,100.0,T,0.4702380952380953
Ben 10: Alien Force,Wii,2008.0,Action,Koch Media,0.52,0.21,0.0,0.07,0.8,45.0,6.0,7.8,11.0,E10+,0.4702380952380953
Final Fantasy Anthology,PS,1999.0,Role-Playing,Square EA,0.45,0.3,0.0,0.05,0.8,80.0,14.0,8.1,28.0,T,0.4702380952380953
DiRT 2,X360,2009.0,Racing,Codemasters,0.32,0.39,0.0,0.09,0.8,87.0,65.0,8.2,110.0,T,0.4702380952380953
Prince of Persia: Warrior Within,X,2004.0,Action,Ubisoft,0.48,0.28,0.0,0.04,0.8,83.0,55.0,7.5,35.0,M,0.4702380952380953
WWE 2K17,PS4,2016.0,Sports,Take-Two Interactive,0.22,0.45,0.0,0.13,0.8,69.0,51.0,6.9,93.0,T,0.4702380952380953
Pro Evolution Soccer 2010,PSP,2009.0,Sports,Konami Digital Entertainment,0.09,0.33,0.2,0.18,0.8,72.0,9.0,4.6,5.0,E,0.4702380952380953
Guitar Hero: Metallica,X360,2009.0,Misc,Activision,0.52,0.2,0.0,0.07,0.8,84.0,62.0,8.1,79.0,T,0.4702380952380953
Pro Evolution Soccer 2016,PS4,2015.0,Sports,Konami Digital Entertainment,0.14,0.43,0.14,0.1,0.8,87.0,54.0,7.1,682.0,E,0.4702380952380953
Need for Speed: Hot Pursuit 2,GC,2002.0,Racing,Electronic Arts,0.68,0.09,0.0,0.02,0.8,68.0,16.0,8.3,15.0,E,0.4702380952380953
Rayman Raving Rabbids 2,DS,2007.0,Misc,Ubisoft,0.73,0.01,0.0,0.06,0.8,57.0,8.0,7.0,15.0,E10+,0.4702380952380953
The Sims 2: Pets,PSP,2006.0,Simulation,Electronic Arts,0.19,0.38,0.0,0.22,0.8,57.0,9.0,7.3,10.0,T,0.4702380952380953
Dragon Ball Z: Budokai Tenkaichi 2,PS2,2006.0,Fighting,Atari,0.66,0.02,0.0,0.11,0.79,73.0,31.0,8.6,61.0,T,0.4642857142857143
Need for Speed Rivals,X360,2013.0,Racing,Electronic Arts,0.38,0.35,0.01,0.07,0.79,76.0,12.0,5.4,107.0,E10+,0.4642857142857143
Star Wars The Clone Wars: Republic Heroes,Wii,2009.0,Action,LucasArts,0.43,0.29,0.0,0.07,0.79,48.0,10.0,6.4,5.0,T,0.4642857142857143
Guitar Hero: Aerosmith,PS2,2008.0,Misc,Activision,0.61,0.0,0.0,0.18,0.79,71.0,11.0,6.3,15.0,T,0.4642857142857143
pro evolution soccer 2011,PSP,2010.0,Sports,Konami Digital Entertainment,0.05,0.3,0.29,0.16,0.79,74.0,10.0,5.8,5.0,E,0.4642857142857143
Sniper: Ghost Warrior,PS3,2011.0,Shooter,City Interactive,0.27,0.34,0.04,0.14,0.79,53.0,17.0,6.0,34.0,M,0.4642857142857143
Harvest Moon: A Wonderful Life,GC,2003.0,Role-Playing,Ubisoft,0.61,0.16,0.0,0.02,0.79,79.0,28.0,8.9,148.0,E,0.4642857142857143
DmC: Devil May Cry,PS3,2013.0,Action,Capcom,0.24,0.26,0.19,0.1,0.79,85.0,40.0,5.3,1475.0,M,0.4642857142857143
Motocross Mania,PS,2001.0,Racing,Take-Two Interactive,0.44,0.3,0.0,0.05,0.79,34.0,6.0,5.3,6.0,E,0.4642857142857143
WWE 2K15,PS3,2014.0,Sports,Take-Two Interactive,0.37,0.29,0.0,0.13,0.79,55.0,5.0,3.1,57.0,T,0.4642857142857143
Darksiders II,X360,2012.0,Action,THQ,0.45,0.27,0.0,0.07,0.79,83.0,63.0,8.0,458.0,M,0.4642857142857143
[Prototype 2],X360,2012.0,Action,Activision,0.48,0.24,0.0,0.07,0.79,74.0,69.0,7.0,174.0,M,0.4642857142857143
Armored Core 2,PS2,2000.0,Simulation,Ubisoft,0.28,0.22,0.23,0.07,0.79,78.0,23.0,8.4,19.0,T,0.4642857142857143
The Godfather II,X360,2009.0,Action,Electronic Arts,0.47,0.23,0.01,0.08,0.79,65.0,72.0,6.9,60.0,M,0.4642857142857143
Dragons Dogma,X360,2012.0,Role-Playing,Capcom,0.42,0.23,0.07,0.06,0.79,75.0,59.0,7.8,321.0,M,0.4642857142857143
Band Hero,X360,2009.0,Misc,Activision,0.51,0.21,0.0,0.07,0.79,76.0,52.0,5.0,30.0,E10+,0.4642857142857143
NCAA Football 08,PS2,2007.0,Sports,Electronic Arts,0.65,0.03,0.0,0.11,0.79,83.0,6.0,8.4,24.0,E,0.4642857142857143
FIFA Soccer 2004,X,2003.0,Sports,Electronic Arts,0.24,0.49,0.0,0.05,0.79,82.0,20.0,8.2,23.0,E,0.4642857142857143
The Sims 2: Castaway,PSP,2007.0,Simulation,Electronic Arts,0.08,0.46,0.0,0.25,0.79,64.0,5.0,7.3,18.0,E10+,0.4642857142857143
Golden Sun: Dark Dawn,DS,2010.0,Role-Playing,Nintendo,0.52,0.09,0.13,0.05,0.79,79.0,63.0,8.1,87.0,E10+,0.4642857142857143
Star Ocean: The Last Hope,X360,2009.0,Role-Playing,Square Enix,0.32,0.2,0.21,0.06,0.79,72.0,56.0,7.2,150.0,T,0.4642857142857143
Invizimals,PSP,2009.0,Strategy,Sony Computer Entertainment,0.17,0.5,0.0,0.11,0.79,69.0,32.0,7.3,19.0,E10+,0.4642857142857143
Too Human,X360,2008.0,Role-Playing,Microsoft Game Studios,0.38,0.29,0.03,0.08,0.78,65.0,80.0,7.0,458.0,T,0.45833333333333337
Tiger Woods PGA Tour 10,PS3,2009.0,Sports,Electronic Arts,0.42,0.25,0.0,0.11,0.78,81.0,38.0,7.7,9.0,E,0.45833333333333337
Tom Clancys Splinter Cell: Double Agent,X360,2006.0,Action,Ubisoft,0.67,0.04,0.01,0.06,0.78,85.0,59.0,8.1,148.0,M,0.45833333333333337
Naruto Shippuden: Ultimate Ninja Storm 2,X360,2010.0,Fighting,Namco Bandai Games,0.43,0.27,0.01,0.07,0.78,74.0,31.0,8.5,39.0,T,0.45833333333333337
Fight Night Champion,X360,2011.0,Fighting,Electronic Arts,0.4,0.31,0.0,0.07,0.78,86.0,59.0,7.4,106.0,M,0.45833333333333337
Bayonetta 2,WiiU,2014.0,Action,Nintendo,0.34,0.28,0.1,0.06,0.78,91.0,80.0,8.3,1226.0,M,0.45833333333333337
Dead Island: Riptide,X360,2013.0,Action,Deep Silver,0.44,0.26,0.01,0.07,0.78,57.0,43.0,6.3,193.0,M,0.45833333333333337
The World Ends With You,DS,2007.0,Role-Playing,Square Enix,0.49,0.04,0.21,0.04,0.78,88.0,59.0,8.9,284.0,T,0.45833333333333337
MadWorld,Wii,2009.0,Action,Sega,0.45,0.24,0.02,0.07,0.78,81.0,74.0,8.6,178.0,M,0.45833333333333337
Star Wars The Clone Wars: Jedi Alliance,DS,2008.0,Action,LucasArts,0.61,0.11,0.0,0.06,0.78,68.0,10.0,7.8,32.0,E10+,0.45833333333333337
Drawn to Life,DS,2007.0,Action,THQ,0.71,0.01,0.0,0.06,0.78,73.0,34.0,8.0,31.0,E,0.45833333333333337
Sid Meiers Civilization Revolution,PS3,2008.0,Strategy,Take-Two Interactive,0.49,0.19,0.01,0.09,0.78,85.0,39.0,7.7,87.0,E10+,0.45833333333333337
NBA 2K7,PS2,2006.0,Sports,Take-Two Interactive,0.65,0.02,0.0,0.11,0.78,81.0,12.0,8.4,18.0,E,0.45833333333333337
James Bond 007: Nightfire,GC,2002.0,Shooter,Electronic Arts,0.6,0.16,0.0,0.02,0.78,80.0,17.0,8.5,47.0,T,0.45833333333333337
Goldeneye 007: Reloaded,PS3,2011.0,Shooter,Activision,0.33,0.33,0.0,0.12,0.78,72.0,38.0,6.3,53.0,T,0.45833333333333337
Rayman Origins,X360,2011.0,Platform,Ubisoft,0.38,0.32,0.0,0.08,0.78,87.0,55.0,8.2,210.0,E10+,0.45833333333333337
Aliens: Colonial Marines,X360,2013.0,Shooter,Sega,0.36,0.34,0.0,0.07,0.77,48.0,47.0,3.8,452.0,M,0.4523809523809524
Lips,X360,2008.0,Misc,Microsoft Game Studios,0.12,0.56,0.0,0.1,0.77,71.0,43.0,7.4,34.0,T,0.4523809523809524
Need for Speed: ProStreet,PSP,2008.0,Racing,Electronic Arts,0.24,0.33,0.01,0.19,0.77,57.0,14.0,7.1,19.0,E,0.4523809523809524
Perfect Dark Zero,X360,2005.0,Shooter,Microsoft Game Studios,0.66,0.02,0.03,0.06,0.77,81.0,75.0,7.3,229.0,M,0.4523809523809524
Marvel Nemesis: Rise of the Imperfects,PS2,2005.0,Fighting,Electronic Arts,0.64,0.02,0.0,0.1,0.77,53.0,30.0,6.3,46.0,T,0.4523809523809524
Need for Speed: Porsche Unleashed,PS,1999.0,Racing,Electronic Arts,0.43,0.29,0.0,0.05,0.77,78.0,13.0,8.5,24.0,E,0.4523809523809524
Resident Evil: Operation Raccoon City,X360,2012.0,Action,Capcom,0.55,0.14,0.03,0.06,0.77,52.0,56.0,4.9,331.0,M,0.4523809523809524
LEGO Batman 2: DC Super Heroes,3DS,2012.0,Action,Warner Bros. Interactive Entertainment,0.42,0.29,0.0,0.06,0.77,72.0,6.0,5.2,25.0,E10+,0.4523809523809524
Worms: Open Warfare,PSP,2006.0,Strategy,THQ,0.11,0.43,0.0,0.23,0.77,70.0,22.0,6.6,18.0,E10+,0.4523809523809524
UFC Personal Trainer: The Ultimate Fitness System,X360,2011.0,Sports,THQ,0.53,0.18,0.0,0.06,0.77,70.0,36.0,6.5,15.0,E,0.4523809523809524
Ghost Squad,Wii,2007.0,Shooter,Sega,0.42,0.21,0.08,0.07,0.77,69.0,42.0,7.5,31.0,T,0.4523809523809524
Star Wars Episode II: Attack of the Clones,GBA,2002.0,Action,THQ,0.55,0.2,0.0,0.01,0.77,38.0,14.0,5.0,6.0,E,0.4523809523809524
The Witcher 3: Wild Hunt,PC,2015.0,Role-Playing,Namco Bandai Games,0.23,0.49,0.0,0.06,0.77,93.0,32.0,9.3,10766.0,M,0.4523809523809524
Maximo: Ghosts to Glory,PS2,2001.0,Platform,Capcom,0.38,0.29,0.0,0.1,0.77,84.0,33.0,8.7,16.0,T,0.4523809523809524
Donkey Kong Country 3,GBA,2005.0,Platform,Nintendo,0.45,0.17,0.14,0.01,0.77,77.0,16.0,8.4,28.0,E,0.4523809523809524
All-Star Baseball 2003,PS2,2002.0,Sports,Acclaim Entertainment,0.38,0.29,0.0,0.1,0.77,81.0,15.0,8.4,17.0,E,0.4523809523809524
Unlimited Saga,PS2,2002.0,Role-Playing,Atari,0.1,0.08,0.56,0.03,0.77,45.0,26.0,3.0,29.0,T,0.4523809523809524
Pokemon Dash,DS,2004.0,Racing,Nintendo,0.21,0.14,0.38,0.04,0.77,46.0,28.0,5.9,34.0,E,0.4523809523809524
Dragon Ball: Raging Blast,PS3,2009.0,Fighting,Namco Bandai Games,0.37,0.19,0.11,0.1,0.77,57.0,26.0,7.2,58.0,T,0.4523809523809524
Twisted Metal: Head On,PSP,2005.0,Action,Sony Computer Entertainment,0.71,0.0,0.0,0.06,0.77,79.0,45.0,8.2,38.0,T,0.4523809523809524
Sonic Unleashed,PS2,2008.0,Platform,Sega,0.37,0.04,0.0,0.36,0.76,66.0,5.0,6.8,50.0,E10+,0.44642857142857145
Driv3r,X,2004.0,Racing,Atari,0.36,0.38,0.0,0.03,0.76,56.0,57.0,4.7,69.0,M,0.44642857142857145
ISS Pro Evolution,PS,1998.0,Sports,Konami Digital Entertainment,0.0,0.0,0.71,0.05,0.76,94.0,4.0,8.7,41.0,E,0.44642857142857145
Need For Speed: Undercover,PSP,2008.0,Racing,Electronic Arts,0.23,0.31,0.03,0.19,0.76,52.0,7.0,6.8,37.0,T,0.44642857142857145
DJ Hero,Wii,2009.0,Misc,Activision,0.46,0.23,0.0,0.07,0.76,87.0,22.0,7.6,19.0,T,0.44642857142857145
Metroid Prime Hunters,DS,2006.0,Shooter,Nintendo,0.57,0.04,0.11,0.06,0.76,85.0,54.0,8.0,188.0,T,0.44642857142857145
Star Wars: The Force Unleashed II,Wii,2010.0,Action,LucasArts,0.52,0.18,0.0,0.06,0.76,71.0,10.0,7.8,31.0,T,0.44642857142857145
Star Wars Battlefront: Elite Squadron,PSP,2009.0,Shooter,LucasArts,0.38,0.23,0.0,0.15,0.76,63.0,25.0,8.0,41.0,T,0.44642857142857145
Syphon Filter: The Omega Strain,PS2,2004.0,Shooter,Sony Computer Entertainment,0.37,0.29,0.0,0.1,0.76,65.0,47.0,6.9,30.0,M,0.44642857142857145
The Sims 3,3DS,2011.0,Simulation,Electronic Arts,0.3,0.37,0.03,0.07,0.76,52.0,29.0,3.3,31.0,T,0.44642857142857145
Mortal Kombat: Deception,X,2004.0,Fighting,Midway Games,0.61,0.12,0.0,0.03,0.76,81.0,53.0,8.8,24.0,M,0.44642857142857145
Thats So Raven,GBA,2004.0,Adventure,Disney Interactive Studios,0.54,0.2,0.0,0.01,0.76,39.0,6.0,7.6,5.0,E,0.44642857142857145
DJ Hero 2,PS3,2010.0,Misc,Activision,0.47,0.19,0.0,0.1,0.76,86.0,46.0,7.9,23.0,T,0.44642857142857145
Portal 2,PC,2011.0,Shooter,Valve Software,0.33,0.32,0.0,0.1,0.76,95.0,52.0,8.8,6035.0,E10+,0.44642857142857145
Duke Nukem Forever,PS3,2011.0,Shooter,Take-Two Interactive,0.33,0.31,0.0,0.12,0.76,51.0,48.0,4.9,278.0,M,0.44642857142857145
True Crime: New York City,PS2,2005.0,Action,Activision,0.57,0.02,0.07,0.09,0.76,60.0,47.0,7.8,62.0,M,0.44642857142857145
Legends of Wrestling,PS2,2001.0,Fighting,Acclaim Entertainment,0.37,0.29,0.0,0.1,0.76,55.0,24.0,8.1,15.0,T,0.44642857142857145
Lost Planet 2,X360,2010.0,Shooter,Capcom,0.38,0.23,0.08,0.06,0.76,68.0,63.0,6.1,102.0,T,0.44642857142857145
Harry Potter and the Half-Blood Prince,Wii,2009.0,Action,Electronic Arts,0.28,0.39,0.0,0.08,0.76,60.0,35.0,6.0,8.0,E10+,0.44642857142857145
Wall-E,PS2,2008.0,Platform,THQ,0.21,0.0,0.0,0.54,0.75,67.0,8.0,8.4,9.0,E,0.44047619047619047
Professor Layton and the Azran Legacy,3DS,2013.0,Puzzle,Nintendo,0.0,0.48,0.25,0.03,0.75,81.0,58.0,7.9,86.0,E10+,0.44047619047619047
Mega Man X5,PS,2000.0,Platform,Capcom,0.3,0.21,0.2,0.05,0.75,76.0,10.0,8.9,55.0,E,0.44047619047619047
Genji: Days of the Blade,PS3,2006.0,Action,Sony Computer Entertainment,0.18,0.37,0.06,0.14,0.75,55.0,46.0,5.8,30.0,T,0.44047619047619047
Rockstar Games presents Table Tennis,X360,2006.0,Sports,Take-Two Interactive,0.28,0.38,0.0,0.08,0.75,81.0,75.0,7.8,69.0,E,0.44047619047619047
Drawn to Life: The Next Chapter,Wii,2009.0,Puzzle,THQ,0.28,0.39,0.0,0.08,0.75,58.0,22.0,6.0,8.0,E,0.44047619047619047
PokePark 2: Wonders Beyond,Wii,2011.0,Action,Nintendo,0.26,0.19,0.27,0.04,0.75,60.0,18.0,7.0,27.0,E,0.44047619047619047
WWE SmackDown vs. Raw 2009,PSP,2008.0,Fighting,THQ,0.41,0.2,0.0,0.14,0.75,72.0,9.0,6.0,9.0,T,0.44047619047619047
Pro Evolution Soccer 2015,PS4,2014.0,Sports,Konami Digital Entertainment,0.09,0.45,0.11,0.1,0.75,82.0,56.0,7.2,387.0,E,0.44047619047619047
SoulCalibur V,PS3,2012.0,Fighting,Namco Bandai Games,0.35,0.23,0.07,0.09,0.75,81.0,53.0,6.7,152.0,T,0.44047619047619047
Shark Tale,PS2,2004.0,Action,Activision,0.37,0.29,0.0,0.1,0.75,69.0,30.0,6.5,6.0,E,0.44047619047619047
Zone of the Enders,PS2,2001.0,Shooter,Konami Digital Entertainment,0.3,0.24,0.13,0.08,0.75,78.0,21.0,7.4,49.0,M,0.44047619047619047
Tony Hawks Underground 2,X,2004.0,Sports,Activision,0.48,0.24,0.0,0.03,0.75,83.0,55.0,7.8,12.0,T,0.44047619047619047
Madden NFL 06,PSP,2005.0,Sports,Electronic Arts,0.69,0.0,0.0,0.06,0.75,75.0,23.0,7.9,16.0,E,0.44047619047619047
Dragon Age: Inquisition,PC,2014.0,Role-Playing,Electronic Arts,0.35,0.34,0.0,0.06,0.75,85.0,45.0,5.9,3951.0,M,0.44047619047619047
Raving Rabbids: Travel in Time,Wii,2010.0,Adventure,Ubisoft,0.21,0.46,0.0,0.08,0.75,62.0,24.0,7.6,14.0,E10+,0.44047619047619047
Capcom vs. SNK 2: Mark of the Millennium 2001,PS2,2001.0,Fighting,Capcom,0.22,0.17,0.3,0.06,0.75,81.0,22.0,7.9,27.0,T,0.44047619047619047
MVP 06 NCAA Baseball,PS2,2006.0,Sports,Electronic Arts,0.62,0.02,0.0,0.1,0.75,76.0,27.0,9.0,18.0,E,0.44047619047619047
[Prototype 2],PS3,2012.0,Action,Activision,0.37,0.28,0.0,0.11,0.75,79.0,39.0,6.8,179.0,M,0.44047619047619047
Dark Souls II,X360,2014.0,Role-Playing,Namco Bandai Games,0.49,0.18,0.01,0.07,0.75,91.0,30.0,7.9,916.0,T,0.44047619047619047
Turok,X360,2008.0,Action,Touchstone,0.46,0.2,0.01,0.07,0.75,69.0,63.0,7.1,120.0,M,0.44047619047619047
Coded Arms,PSP,2005.0,Shooter,Konami Digital Entertainment,0.28,0.29,0.0,0.17,0.75,59.0,42.0,6.5,61.0,T,0.44047619047619047
Assassins Creed: Revelations,PC,2011.0,Action,Ubisoft,0.15,0.48,0.0,0.12,0.75,80.0,20.0,7.4,782.0,M,0.44047619047619047
Final Fantasy Tactics A2: Grimoire of the Rift,DS,2007.0,Role-Playing,Square Enix,0.38,0.03,0.3,0.04,0.75,80.0,47.0,7.0,107.0,E10+,0.44047619047619047
The Lord of the Rings: Conquest,PS3,2009.0,Action,Electronic Arts,0.38,0.25,0.0,0.11,0.74,54.0,45.0,7.1,57.0,T,0.43452380952380953
Band Hero,PS3,2009.0,Misc,Activision,0.41,0.23,0.0,0.11,0.74,76.0,45.0,6.8,9.0,E10+,0.43452380952380953
Burnout,PS2,2001.0,Racing,Acclaim Entertainment,0.36,0.28,0.0,0.1,0.74,79.0,25.0,7.7,33.0,E,0.43452380952380953
Spectrobes,DS,2007.0,Role-Playing,Disney Interactive Studios,0.66,0.02,0.0,0.06,0.74,63.0,37.0,7.7,32.0,E,0.43452380952380953
Tom Clancys Rainbow Six: Vegas,PSP,2007.0,Shooter,Ubisoft,0.42,0.19,0.0,0.13,0.74,60.0,20.0,7.1,31.0,T,0.43452380952380953
The Godfather II,PS3,2009.0,Action,Electronic Arts,0.41,0.21,0.01,0.1,0.74,67.0,53.0,7.2,50.0,M,0.43452380952380953
Need for Speed: Shift,PSP,2009.0,Racing,Electronic Arts,0.16,0.37,0.01,0.21,0.74,69.0,11.0,6.5,31.0,E,0.43452380952380953
Mortal Kombat: Unchained,PSP,2006.0,Fighting,Midway Games,0.67,0.01,0.0,0.06,0.74,70.0,19.0,8.8,31.0,M,0.43452380952380953
LEGO Marvel Super Heroes,WiiU,2013.0,Action,Warner Bros. Interactive Entertainment,0.31,0.35,0.03,0.06,0.74,82.0,8.0,8.0,71.0,E10+,0.43452380952380953
MLB 13: The Show,PS3,2013.0,Sports,Sony Computer Entertainment,0.67,0.0,0.0,0.07,0.74,87.0,36.0,7.9,116.0,E,0.43452380952380953
Resident Evil: Revelations,PS3,2013.0,Action,Capcom,0.14,0.29,0.22,0.09,0.74,74.0,30.0,7.2,204.0,M,0.43452380952380953
Midnight Club 3: DUB Edition,X,2005.0,Racing,Take-Two Interactive,0.61,0.1,0.0,0.03,0.74,84.0,53.0,7.4,40.0,E10+,0.43452380952380953
Red Faction: Guerrilla,PS3,2009.0,Shooter,THQ,0.33,0.27,0.02,0.12,0.74,85.0,56.0,8.1,136.0,M,0.43452380952380953
Ace Combat: Assault Horizon,PS3,2011.0,Action,Namco Bandai Games,0.3,0.15,0.22,0.07,0.74,77.0,28.0,6.7,82.0,T,0.43452380952380953
Unreal Championship,X,2002.0,Shooter,Atari,0.59,0.12,0.0,0.03,0.74,83.0,29.0,8.2,24.0,M,0.43452380952380953
Crysis 2,PC,2011.0,Action,Electronic Arts,0.16,0.45,0.0,0.13,0.74,86.0,42.0,6.8,1604.0,M,0.43452380952380953
Tales of Vesperia,X360,2008.0,Role-Playing,Atari,0.32,0.17,0.19,0.05,0.74,79.0,67.0,8.2,265.0,T,0.43452380952380953
Style Savvy: Trendsetters,3DS,2012.0,Simulation,Nintendo,0.16,0.03,0.54,0.01,0.74,76.0,5.0,8.0,15.0,E,0.43452380952380953
Just Dance 2015,WiiU,2014.0,Misc,Ubisoft,0.39,0.29,0.0,0.06,0.74,75.0,6.0,6.6,26.0,E10+,0.43452380952380953
Namco Museum Remix,Wii,2007.0,Misc,Atari,0.68,0.0,0.0,0.05,0.74,49.0,18.0,6.3,4.0,E,0.43452380952380953
Sword of Mana,GBA,2003.0,Role-Playing,Nintendo,0.31,0.11,0.3,0.02,0.74,72.0,31.0,8.3,25.0,E,0.43452380952380953
Persona 4: Arena,PS3,2012.0,Fighting,Atlus,0.31,0.11,0.24,0.08,0.73,86.0,47.0,7.7,180.0,T,0.42857142857142855
Marvel: Ultimate Alliance 2,PS3,2009.0,Role-Playing,Activision,0.49,0.15,0.0,0.09,0.73,74.0,48.0,7.3,51.0,T,0.42857142857142855
Resonance of Fate,PS3,2010.0,Role-Playing,Sega,0.2,0.21,0.24,0.08,0.73,72.0,42.0,8.0,136.0,T,0.42857142857142855
Pirates of the Caribbean: At Worlds End,PS3,2007.0,Action,Disney Interactive Studios,0.17,0.41,0.0,0.15,0.73,55.0,24.0,6.9,19.0,T,0.42857142857142855
Tiger Woods PGA Tour 08,PS3,2007.0,Sports,Electronic Arts,0.22,0.37,0.0,0.14,0.73,79.0,30.0,6.6,7.0,E,0.42857142857142855
Mafia III,XOne,2016.0,Action,Take-Two Interactive,0.34,0.33,0.0,0.06,0.73,67.0,21.0,4.6,286.0,M,0.42857142857142855
Classic NES Series: Donkey Kong,GBA,2004.0,Platform,Nintendo,0.4,0.15,0.17,0.01,0.73,55.0,15.0,4.8,4.0,E,0.42857142857142855
Harvest Moon: Animal Parade,Wii,2008.0,Simulation,Rising Star Games,0.58,0.08,0.02,0.05,0.73,76.0,10.0,8.9,20.0,E,0.42857142857142855
WWE SmackDown vs. Raw 2010,Wii,2009.0,Fighting,THQ,0.49,0.17,0.0,0.06,0.73,78.0,11.0,7.7,9.0,T,0.42857142857142855
Final Fantasy XIII-2,X360,2011.0,Role-Playing,Square Enix,0.36,0.29,0.02,0.06,0.73,79.0,50.0,6.3,268.0,T,0.42857142857142855
Oddworld: Munchs Oddysee,X,2001.0,Platform,Atari,0.54,0.16,0.0,0.03,0.73,80.0,30.0,8.7,32.0,T,0.42857142857142855
Brink,PS3,2011.0,Shooter,Bethesda Softworks,0.29,0.32,0.01,0.12,0.73,72.0,39.0,5.8,168.0,T,0.42857142857142855
NHL 11,X360,2010.0,Sports,Electronic Arts,0.61,0.07,0.0,0.05,0.73,88.0,49.0,7.7,71.0,E10+,0.42857142857142855
NCAA Football 07,X360,2006.0,Sports,Electronic Arts,0.67,0.0,0.0,0.06,0.73,79.0,43.0,6.9,20.0,E,0.42857142857142855
Persona Q: Shadow of the Labyrinth,3DS,2014.0,Role-Playing,Nippon Ichi Software,0.34,0.07,0.27,0.05,0.73,83.0,56.0,8.1,169.0,M,0.42857142857142855
Borderlands: The Pre-Sequel,X360,2014.0,Shooter,Take-Two Interactive,0.46,0.19,0.01,0.07,0.73,74.0,16.0,6.4,161.0,M,0.42857142857142855
Full Spectrum Warrior,X,2004.0,Strategy,THQ,0.54,0.16,0.0,0.03,0.73,84.0,67.0,8.7,27.0,M,0.42857142857142855
Madden NFL 11,Wii,2010.0,Sports,Electronic Arts,0.68,0.0,0.0,0.04,0.73,75.0,6.0,5.4,7.0,E,0.42857142857142855
Katamari Damacy,PS2,2004.0,Puzzle,Namco Bandai Games,0.47,0.02,0.17,0.08,0.73,86.0,55.0,9.0,86.0,E,0.42857142857142855
Naruto Shippuden: Ultimate Ninja Storm Generations,PS3,2012.0,Fighting,Namco Bandai Games,0.27,0.24,0.14,0.08,0.73,74.0,23.0,7.1,83.0,T,0.42857142857142855
MLB 10: The Show,PS3,2010.0,Sports,Sony Computer Entertainment,0.67,0.0,0.0,0.06,0.73,91.0,33.0,8.3,107.0,E,0.42857142857142855
Shaun Palmers Pro Snowboarder,PS2,2001.0,Sports,Codemasters,0.36,0.28,0.0,0.09,0.73,64.0,17.0,8.7,13.0,E,0.42857142857142855
James Bond 007: Agent Under Fire,GC,2002.0,Shooter,Electronic Arts,0.56,0.15,0.0,0.02,0.72,74.0,16.0,6.8,26.0,T,0.4226190476190476
Harvest Moon DS: Island of Happiness,DS,2007.0,Simulation,Rising Star Games,0.43,0.01,0.25,0.04,0.72,65.0,15.0,7.0,22.0,E,0.4226190476190476
Star Wars Episode III: Revenge of the Sith,GBA,2005.0,Action,Ubisoft,0.52,0.19,0.0,0.01,0.72,73.0,13.0,7.5,12.0,E10+,0.4226190476190476
Monopoly Streets,Wii,2010.0,Misc,Electronic Arts,0.23,0.42,0.0,0.08,0.72,65.0,9.0,5.2,5.0,E,0.4226190476190476
Ultimate Spider-Man,PS2,2005.0,Action,Activision,0.6,0.02,0.0,0.1,0.72,74.0,52.0,7.9,54.0,T,0.4226190476190476
Skylanders: Trap Team,WiiU,2014.0,Action,Activision,0.4,0.26,0.0,0.06,0.72,86.0,4.0,7.1,18.0,E10+,0.4226190476190476
Total War: Rome II,PC,2013.0,Strategy,Sega,0.12,0.53,0.0,0.07,0.72,76.0,71.0,4.2,3750.0,T,0.4226190476190476
MLB 14: The Show,PS4,2014.0,Sports,Sony Computer Entertainment America,0.59,0.0,0.0,0.14,0.72,83.0,17.0,7.7,205.0,E,0.4226190476190476
NBA Live 08,PS2,2007.0,Sports,Electronic Arts,0.59,0.02,0.01,0.1,0.72,68.0,10.0,6.6,9.0,E,0.4226190476190476
Star Ocean: The Last Hope International,PS3,2010.0,Role-Playing,Square Enix,0.28,0.15,0.22,0.07,0.72,74.0,45.0,6.7,155.0,T,0.4226190476190476
Indiana Jones and the Staff of Kings,Wii,2009.0,Action,Activision,0.36,0.29,0.0,0.07,0.72,55.0,32.0,7.0,28.0,T,0.4226190476190476
Dead to Rights,X,2002.0,Shooter,Electronic Arts,0.53,0.17,0.0,0.03,0.72,73.0,39.0,8.9,16.0,M,0.4226190476190476
Tiger Woods PGA Tour 07,PS2,2006.0,Sports,Electronic Arts,0.6,0.02,0.0,0.1,0.72,79.0,33.0,6.0,8.0,E,0.4226190476190476
Major League Baseball 2K7,X360,2007.0,Sports,Spike,0.67,0.0,0.0,0.06,0.72,79.0,31.0,7.1,34.0,E,0.4226190476190476
XCOM: Enemy Unknown,PC,2012.0,Strategy,Take-Two Interactive,0.27,0.36,0.0,0.08,0.72,89.0,57.0,8.2,2241.0,M,0.4226190476190476
X-Men: Mutant Academy 2,PS,2001.0,Fighting,Activision,0.4,0.27,0.0,0.05,0.72,72.0,12.0,8.4,18.0,T,0.4226190476190476
Kirby: Canvas Curse,DS,2005.0,Platform,Nintendo,0.36,0.0,0.32,0.03,0.72,86.0,48.0,8.2,87.0,E,0.4226190476190476
Madden NFL 10,Wii,2009.0,Sports,Electronic Arts,0.62,0.04,0.0,0.06,0.72,77.0,23.0,7.2,24.0,E,0.4226190476190476
MLB 09: The Show,PS3,2009.0,Sports,Sony Computer Entertainment,0.66,0.0,0.0,0.06,0.72,90.0,27.0,8.1,61.0,E,0.4226190476190476
Super Monkey Ball Jr.,GBA,2002.0,Puzzle,Atari,0.51,0.19,0.0,0.01,0.72,82.0,20.0,8.6,11.0,E,0.4226190476190476
F1 2011,X360,2011.0,Racing,Codemasters,0.11,0.5,0.01,0.09,0.72,84.0,61.0,7.1,55.0,E,0.4226190476190476
Mobile Suit Gundam: Encounters in Space,PS2,2003.0,Simulation,Namco Bandai Games,0.05,0.04,0.61,0.01,0.72,66.0,10.0,8.5,37.0,T,0.4226190476190476
NBA Live 09,X360,2008.0,Sports,Electronic Arts,0.51,0.14,0.0,0.07,0.72,77.0,32.0,7.4,14.0,E,0.4226190476190476
MX vs. ATV Reflex,X360,2009.0,Racing,THQ,0.52,0.14,0.0,0.06,0.72,75.0,47.0,6.5,31.0,E,0.4226190476190476
Blur,PS3,2010.0,Racing,Activision,0.22,0.36,0.02,0.12,0.72,81.0,58.0,8.2,86.0,E10+,0.4226190476190476
Battlefield: Bad Company 2,PC,2010.0,Shooter,Electronic Arts,0.19,0.53,0.0,0.0,0.72,87.0,46.0,8.3,1476.0,M,0.4226190476190476
DiRT 3,X360,2011.0,Racing,Codemasters,0.23,0.4,0.01,0.08,0.72,87.0,81.0,7.1,166.0,T,0.4226190476190476
The Lord of the Rings: The Two Towers,X,2002.0,Action,Electronic Arts,0.45,0.24,0.0,0.03,0.71,79.0,17.0,8.1,18.0,T,0.41666666666666663
Madden NFL 2003,X,2002.0,Sports,Electronic Arts,0.67,0.02,0.0,0.03,0.71,92.0,16.0,8.3,16.0,E,0.41666666666666663
Skate,X360,2007.0,Sports,Electronic Arts,0.62,0.03,0.0,0.06,0.71,86.0,59.0,8.4,137.0,T,0.41666666666666663
Ben 10: Protector of Earth,PSP,2007.0,Action,D3Publisher,0.23,0.31,0.0,0.18,0.71,60.0,4.0,7.2,23.0,E10+,0.41666666666666663
Virtua Fighter 4: Evolution,PS2,2003.0,Fighting,Sega,0.35,0.27,0.0,0.09,0.71,93.0,30.0,9.0,48.0,T,0.41666666666666663
Crysis,PC,2007.0,Shooter,Electronic Arts,0.0,0.69,0.0,0.02,0.71,91.0,56.0,8.0,1983.0,M,0.41666666666666663
The Sims 2: Castaway,DS,2007.0,Simulation,Electronic Arts,0.62,0.04,0.0,0.06,0.71,66.0,8.0,4.0,5.0,E,0.41666666666666663
Resident Evil: Survivor,PS,2000.0,Action,Eidos Interactive,0.23,0.15,0.29,0.05,0.71,39.0,10.0,7.0,47.0,M,0.41666666666666663
Godzilla: Destroy All Monsters Melee,GC,2002.0,Fighting,Atari,0.55,0.14,0.0,0.02,0.71,73.0,30.0,7.8,24.0,T,0.41666666666666663
Silent Hill 3,PS2,2003.0,Action,Konami Digital Entertainment,0.35,0.27,0.0,0.09,0.71,85.0,41.0,8.8,321.0,M,0.41666666666666663
Spyro: Enter the Dragonfly,GC,2002.0,Platform,Universal Interactive,0.55,0.14,0.0,0.02,0.71,48.0,13.0,5.1,24.0,E,0.41666666666666663
Power Rangers: Dino Thunder,PS2,2004.0,Action,THQ,0.35,0.27,0.0,0.09,0.71,49.0,6.0,6.2,5.0,E,0.41666666666666663
Madden NFL 08,PSP,2007.0,Sports,Electronic Arts,0.6,0.04,0.0,0.07,0.71,75.0,10.0,6.8,8.0,E,0.41666666666666663
Madden NFL 09,PSP,2008.0,Sports,Electronic Arts,0.65,0.0,0.0,0.06,0.71,68.0,8.0,6.5,4.0,E,0.41666666666666663
Call of Duty: Ghosts,PC,2013.0,Shooter,Activision,0.24,0.41,0.0,0.05,0.71,68.0,14.0,2.1,3416.0,M,0.41666666666666663
Dynasty Warriors 6,PS3,2007.0,Action,Tecmo Koei,0.18,0.07,0.41,0.04,0.71,59.0,31.0,7.2,50.0,T,0.41666666666666663
NCAA Football 09,X360,2008.0,Sports,Electronic Arts,0.65,0.0,0.0,0.05,0.71,83.0,24.0,7.7,26.0,E,0.41666666666666663
Doom 3: Resurrection of Evil,X,2005.0,Shooter,Activision,0.53,0.15,0.0,0.03,0.71,77.0,41.0,7.9,16.0,M,0.41666666666666663
SSX,X360,2012.0,Sports,Electronic Arts,0.38,0.26,0.0,0.06,0.7,82.0,65.0,6.4,186.0,E,0.4107142857142857
Dragon Quest Swords: The Masked Queen and the Tower of Mirrors,Wii,2007.0,Role-Playing,Square Enix,0.18,0.01,0.5,0.02,0.7,65.0,43.0,5.9,21.0,T,0.4107142857142857
Two Worlds,X360,2007.0,Role-Playing,SouthPeak Games,0.41,0.22,0.0,0.07,0.7,50.0,44.0,5.5,183.0,M,0.4107142857142857
Watch Dogs 2,XOne,2016.0,Action,Ubisoft,0.33,0.31,0.0,0.06,0.7,83.0,10.0,7.5,160.0,M,0.4107142857142857
Tony Hawks Underground,GC,2003.0,Sports,Activision,0.54,0.14,0.0,0.02,0.7,89.0,19.0,8.5,24.0,T,0.4107142857142857
Spider-Man 2,PSP,2005.0,Action,Activision,0.35,0.21,0.0,0.14,0.7,67.0,43.0,6.9,8.0,T,0.4107142857142857
NCAA Football 08,X360,2007.0,Sports,Electronic Arts,0.65,0.0,0.0,0.05,0.7,81.0,30.0,7.8,44.0,E,0.4107142857142857
Star Wars: Obi-Wan,X,2001.0,Action,Activision,0.52,0.16,0.0,0.02,0.7,58.0,28.0,5.9,14.0,T,0.4107142857142857
Ace Attorney Investigations: Miles Edgeworth,DS,2009.0,Adventure,Capcom,0.23,0.14,0.3,0.04,0.7,78.0,51.0,8.4,79.0,T,0.4107142857142857
Catherine,PS3,2011.0,Adventure,Deep Silver,0.3,0.14,0.2,0.06,0.7,79.0,61.0,8.1,377.0,M,0.4107142857142857
Kill.Switch,PS2,2003.0,Shooter,Sony Computer Entertainment,0.34,0.27,0.0,0.09,0.7,73.0,33.0,8.3,19.0,T,0.4107142857142857
SplashDown,PS2,2001.0,Racing,Atari,0.34,0.27,0.0,0.09,0.7,84.0,22.0,8.2,11.0,E,0.4107142857142857
Jade Empire,X,2005.0,Role-Playing,Microsoft Game Studios,0.48,0.19,0.0,0.03,0.7,89.0,84.0,8.6,113.0,M,0.4107142857142857
Infinite Undiscovery,X360,2008.0,Role-Playing,Square Enix,0.34,0.18,0.12,0.06,0.7,68.0,60.0,7.0,158.0,T,0.4107142857142857
The Last Guardian,PS4,2016.0,Action,Sony Computer Entertainment,0.25,0.26,0.08,0.1,0.7,82.0,99.0,7.6,1410.0,T,0.4107142857142857
NHL 12,X360,2011.0,Sports,Electronic Arts,0.55,0.1,0.0,0.05,0.7,86.0,56.0,7.0,73.0,E10+,0.4107142857142857
Advance Wars,GBA,2001.0,Strategy,Nintendo,0.5,0.19,0.0,0.01,0.7,92.0,28.0,9.0,95.0,E,0.4107142857142857
NASCAR 2001,PS2,2000.0,Racing,Electronic Arts,0.34,0.27,0.0,0.09,0.7,66.0,16.0,6.6,9.0,E,0.4107142857142857
Mafia,PS2,2004.0,Action,Illusion Softworks,0.34,0.27,0.0,0.09,0.7,65.0,30.0,7.6,63.0,M,0.4107142857142857
Ape Escape: On the Loose,PSP,2005.0,Platform,Sony Computer Entertainment,0.52,0.01,0.12,0.05,0.7,66.0,35.0,6.5,17.0,E,0.4107142857142857
MLB 08: The Show,PS3,2008.0,Sports,Sony Computer Entertainment,0.64,0.0,0.0,0.05,0.7,85.0,33.0,8.7,76.0,E,0.4107142857142857
Mobile Suit Gundam: Journey to Jaburo,PS2,2000.0,Simulation,Namco Bandai Games,0.16,0.13,0.36,0.04,0.7,58.0,16.0,8.1,49.0,T,0.4107142857142857
TimeSplitters 2,PS2,2002.0,Shooter,Eidos Interactive,0.34,0.27,0.0,0.09,0.7,90.0,33.0,8.8,127.0,T,0.4107142857142857
Omerta: City of Gangsters,X360,2011.0,Simulation,Konami Digital Entertainment,0.42,0.22,0.0,0.06,0.7,43.0,18.0,3.3,25.0,T,0.4107142857142857
Driver: San Francisco,X360,2011.0,Racing,Ubisoft,0.25,0.37,0.0,0.07,0.7,80.0,63.0,7.6,130.0,T,0.4107142857142857
James Bond 007: Blood Stone,PS3,2010.0,Shooter,Activision,0.18,0.36,0.02,0.13,0.7,65.0,49.0,7.4,46.0,T,0.4107142857142857
Classic NES Series: Zelda II: The Adventure of Link,GBA,2004.0,Adventure,Nintendo,0.37,0.14,0.17,0.01,0.7,73.0,8.0,7.5,40.0,E,0.4107142857142857
Metal Gear Solid: Portable Ops Plus,PSP,2007.0,Action,Konami Digital Entertainment,0.26,0.0,0.26,0.17,0.69,65.0,19.0,7.5,27.0,T,0.40476190476190477
LEGO Rock Band,Wii,2009.0,Misc,Warner Bros. Interactive Entertainment,0.41,0.22,0.0,0.06,0.69,70.0,15.0,6.8,6.0,E10+,0.40476190476190477
Need for Speed Rivals,XOne,2013.0,Racing,Electronic Arts,0.46,0.17,0.0,0.07,0.69,75.0,18.0,5.8,175.0,E10+,0.40476190476190477
Halo 2 Multiplayer Map Pack,X,2005.0,Shooter,Microsoft Game Studios,0.54,0.13,0.0,0.02,0.69,89.0,37.0,7.4,34.0,M,0.40476190476190477
The Sims: Medieval,PC,2011.0,Simulation,Electronic Arts,0.28,0.32,0.0,0.1,0.69,77.0,56.0,6.0,174.0,T,0.40476190476190477
Mortal Kombat: Shaolin Monks,PS2,2005.0,Action,Midway Games,0.58,0.02,0.0,0.09,0.69,77.0,41.0,8.6,77.0,M,0.40476190476190477
MotionSports,X360,2010.0,Sports,Ubisoft,0.38,0.25,0.0,0.06,0.69,40.0,30.0,4.0,10.0,T,0.40476190476190477
MX vs. ATV Unleashed: On the Edge,PSP,2006.0,Racing,THQ,0.64,0.0,0.0,0.05,0.69,68.0,22.0,8.1,7.0,E,0.40476190476190477
Mario Pinball Land,GBA,2004.0,Misc,Nintendo,0.5,0.18,0.0,0.01,0.69,62.0,35.0,4.9,11.0,E,0.40476190476190477
Sniper Elite 3,PS4,2014.0,Shooter,505 Games,0.24,0.34,0.0,0.11,0.69,67.0,41.0,7.1,180.0,M,0.40476190476190477
Dragon Ball Z: Budokai,GC,2003.0,Fighting,Atari,0.53,0.14,0.0,0.02,0.69,65.0,16.0,6.4,16.0,T,0.40476190476190477
Plants vs. Zombies: Garden Warfare,XOne,2014.0,Shooter,Electronic Arts,0.39,0.23,0.0,0.06,0.69,76.0,65.0,7.4,440.0,E10+,0.40476190476190477
The Sims 2: Apartment Pets,DS,2008.0,Simulation,Electronic Arts,0.31,0.3,0.0,0.07,0.69,50.0,12.0,3.3,4.0,E,0.40476190476190477
Harry Potter and the Chamber of Secrets,GC,2002.0,Action,Electronic Arts,0.53,0.14,0.0,0.02,0.69,77.0,14.0,8.3,27.0,E,0.40476190476190477
Prince of Persia: The Forgotten Sands,PS3,2010.0,Action,Ubisoft,0.19,0.36,0.01,0.12,0.69,75.0,49.0,7.5,122.0,T,0.40476190476190477
The Lord of the Rings: The Return of the King,GC,2003.0,Action,Electronic Arts,0.53,0.14,0.0,0.02,0.69,84.0,23.0,8.5,21.0,T,0.40476190476190477
Top Spin 4,PS3,2011.0,Sports,Take-Two Interactive,0.17,0.39,0.0,0.13,0.69,82.0,37.0,7.7,55.0,E,0.40476190476190477
Baldurs Gate: Dark Alliance II,PS2,2004.0,Role-Playing,Interplay,0.34,0.26,0.0,0.09,0.68,78.0,44.0,8.7,54.0,T,0.39880952380952384
Shark Tale,GBA,2004.0,Action,Activision,0.49,0.18,0.0,0.01,0.68,63.0,8.0,9.0,4.0,E,0.39880952380952384
IL-2 Sturmovik: Birds of Prey,PS3,2009.0,Simulation,505 Games,0.34,0.25,0.0,0.1,0.68,81.0,28.0,7.3,20.0,T,0.39880952380952384
Test Drive Unlimited 2,X360,2011.0,Racing,Atari,0.3,0.31,0.0,0.07,0.68,68.0,61.0,6.4,87.0,T,0.39880952380952384
LEGO Jurassic World,XOne,2015.0,Action,Warner Bros. Interactive Entertainment,0.4,0.23,0.0,0.06,0.68,70.0,17.0,6.7,44.0,E10+,0.39880952380952384
NBA Street Vol. 2,X,2003.0,Sports,Electronic Arts,0.62,0.04,0.0,0.02,0.68,89.0,22.0,8.8,24.0,E,0.39880952380952384
MX vs. ATV Untamed,X360,2007.0,Racing,THQ,0.55,0.08,0.0,0.06,0.68,70.0,43.0,7.1,17.0,E,0.39880952380952384
The Last Remnant,X360,2008.0,Role-Playing,Square Enix,0.25,0.2,0.18,0.06,0.68,66.0,49.0,6.9,123.0,M,0.39880952380952384
NCAA Football 2005,X,2004.0,Sports,Electronic Arts,0.63,0.02,0.0,0.03,0.68,89.0,29.0,8.0,12.0,E,0.39880952380952384
Wolfenstein: The New Order,XOne,2014.0,Shooter,Bethesda Softworks,0.34,0.28,0.0,0.06,0.68,79.0,18.0,7.8,399.0,M,0.39880952380952384
The Sly Collection,PS3,2010.0,Platform,Sony Computer Entertainment,0.52,0.08,0.01,0.08,0.68,85.0,46.0,8.8,172.0,E10+,0.39880952380952384
Naruto: Clash of Ninja,GC,2003.0,Fighting,Tomy Corporation,0.53,0.14,0.0,0.02,0.68,72.0,21.0,8.1,20.0,T,0.39880952380952384
Prince of Persia: The Two Thrones,PS2,2005.0,Action,Ubisoft,0.57,0.02,0.0,0.09,0.68,85.0,46.0,8.6,113.0,M,0.39880952380952384
Hot Shots Golf: Open Tee 2,PSP,2007.0,Sports,Sony Computer Entertainment,0.21,0.11,0.28,0.08,0.68,82.0,42.0,8.6,12.0,E,0.39880952380952384
Iron Man,PS3,2008.0,Action,Sega,0.32,0.25,0.0,0.11,0.68,42.0,27.0,6.2,45.0,T,0.39880952380952384
Suikoden II,PS,1998.0,Role-Playing,Konami Digital Entertainment,0.15,0.1,0.38,0.04,0.68,82.0,8.0,8.4,163.0,T,0.39880952380952384
RIFT,PC,2011.0,Role-Playing,Trion Worlds,0.45,0.16,0.0,0.07,0.68,84.0,59.0,7.3,562.0,T,0.39880952380952384
FIFA Soccer 06,X,2005.0,Sports,Electronic Arts,0.29,0.38,0.0,0.01,0.68,80.0,39.0,7.5,22.0,E,0.39880952380952384
Terraria,X360,2013.0,Action,505 Games,0.35,0.27,0.0,0.06,0.68,81.0,39.0,7.1,140.0,T,0.39880952380952384
Fight Night 2004,X,2004.0,Fighting,Electronic Arts,0.51,0.15,0.0,0.02,0.68,85.0,47.0,8.7,20.0,T,0.39880952380952384
.hack//Mutation Part 2,PS2,2002.0,Role-Playing,Atari,0.23,0.18,0.2,0.06,0.68,76.0,24.0,8.9,81.0,T,0.39880952380952384
Cars: Mater-National Championship,DS,2007.0,Racing,THQ,0.63,0.0,0.0,0.05,0.68,69.0,7.0,6.8,5.0,E,0.39880952380952384
Kirbys Dream Collection: Special Edition,Wii,2012.0,Action,Nintendo,0.33,0.0,0.33,0.02,0.68,82.0,6.0,8.8,37.0,E10+,0.39880952380952384
Return to Castle Wolfenstein: Tides of War,X,2003.0,Shooter,Activision,0.49,0.16,0.0,0.02,0.67,84.0,38.0,8.8,33.0,M,0.3928571428571429
The Evil Within,XOne,2014.0,Action,Bethesda Softworks,0.36,0.25,0.0,0.06,0.67,79.0,24.0,7.3,432.0,M,0.3928571428571429
Spider-Man 3,PS3,2007.0,Platform,Activision,0.26,0.29,0.02,0.11,0.67,60.0,33.0,7.0,40.0,T,0.3928571428571429
F1 2015,PS4,2015.0,Racing,Codemasters,0.09,0.45,0.03,0.1,0.67,65.0,46.0,6.4,44.0,E,0.3928571428571429
Mass Effect,PC,2008.0,Role-Playing,Electronic Arts,0.0,0.59,0.0,0.08,0.67,89.0,45.0,8.6,2411.0,M,0.3928571428571429
Star Wars: Republic Commando,X,2005.0,Shooter,Activision,0.48,0.17,0.0,0.02,0.67,78.0,54.0,8.9,89.0,T,0.3928571428571429
Armored Core 3,PS2,2002.0,Simulation,Metro 3D,0.22,0.17,0.23,0.06,0.67,74.0,23.0,9.0,33.0,T,0.3928571428571429
The LEGO Movie Videogame,PS4,2014.0,Action,Warner Bros. Interactive Entertainment,0.24,0.31,0.01,0.11,0.67,71.0,31.0,7.1,98.0,E10+,0.3928571428571429
Turok,PS3,2008.0,Action,Touchstone,0.35,0.21,0.01,0.1,0.67,67.0,38.0,6.0,39.0,M,0.3928571428571429
Red Steel,Wii,2006.0,Shooter,Ubisoft,0.54,0.03,0.04,0.05,0.67,63.0,54.0,6.8,121.0,T,0.3928571428571429
Unreal Tournament III,PS3,2007.0,Shooter,Midway Games,0.33,0.23,0.0,0.1,0.67,86.0,42.0,7.7,127.0,M,0.3928571428571429
The Sims 3,DS,2010.0,Simulation,Electronic Arts,0.38,0.22,0.0,0.06,0.67,73.0,9.0,6.4,20.0,E,0.3928571428571429
Napoleon: Total War,PC,2010.0,Strategy,Sega,0.02,0.53,0.0,0.12,0.67,81.0,56.0,7.9,517.0,T,0.3928571428571429
Fossil Fighters: Champions,DS,2010.0,Role-Playing,Nintendo,0.31,0.0,0.34,0.02,0.67,68.0,8.0,7.1,11.0,E,0.3928571428571429
"The Chronicles of Narnia: The Lion, The Witch and The Wardrobe",GBA,2005.0,Action,Disney Interactive Studios,0.48,0.18,0.0,0.01,0.67,66.0,7.0,6.8,5.0,E,0.3928571428571429
NFL Street,X,2004.0,Sports,Electronic Arts,0.49,0.15,0.0,0.02,0.66,81.0,38.0,8.8,9.0,E,0.3869047619047619
Final Fantasy Crystal Chronicles: Ring of Fates,DS,2007.0,Role-Playing,Square Enix,0.22,0.01,0.42,0.02,0.66,77.0,41.0,7.1,26.0,E10+,0.3869047619047619
Blazing Angels: Squadrons of WWII,PS3,2006.0,Simulation,Ubisoft,0.35,0.22,0.0,0.1,0.66,67.0,26.0,6.9,9.0,T,0.3869047619047619
Bakugan: Battle Brawlers,Wii,2009.0,Action,Activision,0.59,0.03,0.0,0.05,0.66,62.0,12.0,7.2,11.0,E,0.3869047619047619
WWE SmackDown vs. RAW 2007,PSP,2006.0,Fighting,THQ,0.33,0.2,0.0,0.14,0.66,78.0,13.0,8.1,21.0,T,0.3869047619047619
Tony Hawks Proving Ground,PS2,2007.0,Sports,Activision,0.55,0.02,0.0,0.09,0.66,65.0,6.0,6.6,17.0,T,0.3869047619047619
The Darkness,PS3,2007.0,Shooter,Take-Two Interactive,0.2,0.33,0.0,0.13,0.66,80.0,35.0,7.7,109.0,M,0.3869047619047619
MLB 2004,PS2,2003.0,Sports,Sony Computer Entertainment,0.32,0.25,0.0,0.08,0.66,61.0,21.0,7.9,9.0,E,0.3869047619047619
BioShock Infinite,PC,2013.0,Shooter,Take-Two Interactive,0.29,0.3,0.0,0.07,0.66,94.0,68.0,8.5,7350.0,M,0.3869047619047619
Darkstone,PS,2001.0,Role-Playing,Electronic Arts,0.37,0.25,0.0,0.04,0.66,58.0,10.0,8.4,13.0,T,0.3869047619047619
NCAA March Madness 2003,PS2,2002.0,Sports,Electronic Arts,0.32,0.25,0.0,0.08,0.66,74.0,13.0,8.0,27.0,E,0.3869047619047619
Thrillville,PS2,2006.0,Strategy,Atari,0.55,0.02,0.0,0.09,0.66,69.0,32.0,2.9,52.0,E10+,0.3869047619047619
Lollipop Chainsaw,PS3,2012.0,Action,Warner Bros. Interactive Entertainment,0.27,0.2,0.11,0.08,0.66,67.0,37.0,7.1,199.0,M,0.3869047619047619
Tom Clancys EndWar,PS3,2008.0,Strategy,Ubisoft,0.33,0.22,0.01,0.11,0.66,76.0,33.0,6.6,42.0,T,0.3869047619047619
Castlevania: Lords of Shadow,X360,2010.0,Action,Konami Digital Entertainment,0.42,0.17,0.01,0.05,0.66,83.0,70.0,7.8,239.0,M,0.3869047619047619
NHL 10,X360,2009.0,Sports,Electronic Arts,0.51,0.1,0.0,0.06,0.66,88.0,52.0,8.4,71.0,E10+,0.3869047619047619
Street Fighter Anniversary Collection,PS2,2004.0,Fighting,Capcom,0.32,0.25,0.0,0.08,0.66,78.0,30.0,8.7,20.0,T,0.3869047619047619
NHL 13,X360,2012.0,Sports,Electronic Arts,0.51,0.1,0.0,0.05,0.66,83.0,44.0,6.6,86.0,E10+,0.3869047619047619
Rayman Legends,WiiU,2013.0,Platform,Ubisoft,0.25,0.33,0.03,0.05,0.66,92.0,35.0,8.7,467.0,E10+,0.3869047619047619
The Sims: Bustin Out,GC,2003.0,Simulation,Electronic Arts,0.43,0.2,0.0,0.03,0.66,81.0,30.0,9.0,15.0,T,0.3869047619047619
Ratatouille,PSP,2007.0,Action,THQ,0.22,0.27,0.0,0.16,0.66,64.0,7.0,7.1,7.0,E,0.3869047619047619
The Crew,XOne,2014.0,Racing,Ubisoft,0.27,0.34,0.0,0.05,0.66,64.0,18.0,5.9,177.0,T,0.3869047619047619
Shrek: Hassle at the Castle,GBA,2002.0,Action,TDK Mediactive,0.47,0.17,0.0,0.01,0.66,71.0,7.0,7.4,5.0,E,0.3869047619047619
Suikoden IV,PS2,2004.0,Role-Playing,Konami Digital Entertainment,0.17,0.13,0.3,0.05,0.66,63.0,44.0,7.4,48.0,T,0.3869047619047619
Gods Eater Burst,PSP,2010.0,Action,Namco Bandai Games,0.03,0.0,0.62,0.0,0.66,71.0,30.0,7.9,35.0,T,0.3869047619047619
Fist of the North Star: Kens Rage,PS3,2010.0,Action,Ubisoft Annecy,0.06,0.03,0.55,0.01,0.66,60.0,30.0,6.9,29.0,M,0.3869047619047619
One Piece: Pirate Warriors 2,PS3,2013.0,Action,Namco Bandai Games,0.0,0.19,0.42,0.05,0.66,71.0,35.0,7.8,61.0,T,0.3869047619047619
Brothers In Arms: Road to Hill 30,X,2005.0,Shooter,Ubisoft,0.49,0.14,0.0,0.02,0.66,88.0,64.0,8.0,69.0,M,0.3869047619047619
Mortal Kombat,PSV,2012.0,Fighting,Warner Bros. Interactive Entertainment,0.42,0.13,0.0,0.1,0.65,85.0,51.0,7.8,192.0,M,0.380952380952381
Freedom Wars,PSV,2014.0,Role-Playing,Sony Computer Entertainment,0.15,0.1,0.32,0.08,0.65,73.0,39.0,8.3,266.0,T,0.380952380952381
Kung Fu Panda,PS2,2008.0,Action,Activision,0.24,0.0,0.0,0.41,0.65,73.0,6.0,8.6,5.0,E10+,0.380952380952381
Evolve,XOne,2015.0,Shooter,Take-Two Interactive,0.39,0.2,0.0,0.06,0.65,74.0,31.0,5.1,337.0,M,0.380952380952381
The Last Story,Wii,2011.0,Role-Playing,Nintendo,0.3,0.13,0.18,0.04,0.65,80.0,61.0,8.4,179.0,T,0.380952380952381
Shaun White Snowboarding,PS3,2008.0,Sports,Ubisoft,0.31,0.24,0.01,0.1,0.65,63.0,30.0,6.3,26.0,T,0.380952380952381
Radiata Stories,PS2,2005.0,Role-Playing,Square Enix,0.18,0.14,0.29,0.05,0.65,74.0,36.0,9.1,55.0,T,0.380952380952381
Far Cry 4,PC,2014.0,Shooter,Ubisoft,0.16,0.45,0.0,0.05,0.65,80.0,17.0,6.7,1079.0,M,0.380952380952381
Wario: Master of Disguise,DS,2007.0,Platform,Nintendo,0.28,0.02,0.33,0.03,0.65,60.0,35.0,7.4,19.0,E10+,0.380952380952381
F-Zero GX,GC,2003.0,Racing,Nintendo,0.41,0.11,0.12,0.02,0.65,89.0,50.0,8.6,163.0,T,0.380952380952381
Disney's Chicken Little,PS2,2005.0,Platform,Disney Interactive Studios,0.32,0.25,0.0,0.08,0.65,60.0,20.0,8.9,7.0,E10+,0.380952380952381
Scene It? Box Office Smash,X360,2008.0,Misc,Microsoft Game Studios,0.33,0.25,0.0,0.07,0.65,76.0,32.0,7.4,25.0,T,0.380952380952381
Yoshi Topsy-Turvy,GBA,2004.0,Platform,Nintendo,0.25,0.09,0.3,0.01,0.65,60.0,23.0,6.6,5.0,E,0.380952380952381
Monster Jam: Maximum Destruction,PS2,2002.0,Racing,Ubisoft,0.32,0.25,0.0,0.08,0.65,47.0,11.0,6.0,6.0,T,0.380952380952381
Tiger Woods PGA Tour 09,PS3,2008.0,Sports,Electronic Arts,0.34,0.22,0.0,0.1,0.65,82.0,34.0,7.2,9.0,E,0.380952380952381
Tiger Woods PGA Tour 09,X360,2008.0,Sports,Electronic Arts,0.35,0.23,0.0,0.07,0.65,84.0,41.0,7.8,29.0,E,0.380952380952381
Assassins Creed IV: Black Flag,PC,2013.0,Action,Ubisoft,0.22,0.38,0.0,0.05,0.65,84.0,10.0,7.7,1483.0,M,0.380952380952381
Advance Wars 2: Black Hole Rising,GBA,2003.0,Strategy,Nintendo,0.47,0.17,0.0,0.01,0.65,89.0,34.0,9.4,97.0,E,0.380952380952381
Borderlands 2,PSV,2014.0,Shooter,Take-Two Interactive,0.33,0.16,0.01,0.15,0.65,64.0,31.0,7.6,358.0,M,0.380952380952381
Drakengard,PS2,2003.0,Role-Playing,Square Enix,0.19,0.15,0.26,0.05,0.65,63.0,55.0,9.1,89.0,M,0.380952380952381
Champions: Return to Arms,PS2,2005.0,Role-Playing,Sony Online Entertainment,0.32,0.25,0.0,0.08,0.65,77.0,48.0,8.8,43.0,T,0.380952380952381
Harry Potter and the Goblet of Fire,PS2,2005.0,Action,Electronic Arts,0.54,0.02,0.0,0.09,0.65,68.0,29.0,6.7,48.0,E10+,0.380952380952381
007: Quantum of Solace,Wii,2008.0,Action,Activision,0.29,0.28,0.01,0.07,0.65,54.0,11.0,7.5,26.0,T,0.380952380952381
Tiger Woods PGA Tour 10,X360,2009.0,Sports,Electronic Arts,0.39,0.2,0.0,0.06,0.65,80.0,51.0,6.9,20.0,E,0.380952380952381
Overwatch,PC,2016.0,Shooter,Activision,0.28,0.31,0.0,0.05,0.65,91.0,62.0,6.8,4160.0,T,0.380952380952381
Crash Bandicoot Purple: Riptos Rampage,GBA,2004.0,Platform,Vivendi Games,0.46,0.17,0.0,0.01,0.64,67.0,23.0,6.8,13.0,E,0.375
Need For Speed: Undercover,Wii,2008.0,Racing,Electronic Arts,0.27,0.31,0.0,0.07,0.64,54.0,12.0,6.2,29.0,T,0.375
The LEGO Movie Videogame,WiiU,2014.0,Action,Warner Bros. Interactive Entertainment,0.33,0.23,0.03,0.05,0.64,68.0,5.0,7.7,25.0,E10+,0.375
Spyro: A Heros Tail,PS2,2004.0,Platform,Vivendi Games,0.32,0.25,0.0,0.08,0.64,60.0,16.0,8.0,44.0,E,0.375
Crash: Twinsanity,PS2,2004.0,Platform,Vivendi Games,0.32,0.25,0.0,0.08,0.64,64.0,38.0,8.0,132.0,E,0.375
Quantum Break,XOne,2016.0,Action,Microsoft Game Studios,0.38,0.2,0.01,0.06,0.64,77.0,106.0,6.8,1682.0,M,0.375
Drawn to Life: The Next Chapter,DS,2009.0,Puzzle,THQ,0.44,0.14,0.0,0.06,0.64,72.0,21.0,7.7,22.0,E,0.375
Max Payne 2: The Fall of Max Payne,X,2003.0,Shooter,Take-Two Interactive,0.47,0.15,0.0,0.02,0.64,84.0,34.0,8.2,50.0,M,0.375
GoldenEye: Rogue Agent,PS2,2004.0,Shooter,Electronic Arts,0.54,0.02,0.0,0.09,0.64,60.0,38.0,7.0,32.0,T,0.375
WWE 2K15,X360,2014.0,Sports,Take-Two Interactive,0.38,0.21,0.0,0.06,0.64,50.0,5.0,4.0,65.0,T,0.375
Star Ocean: First Departure,PSP,2007.0,Role-Playing,Square Enix,0.2,0.13,0.22,0.09,0.64,74.0,32.0,7.4,28.0,T,0.375
James Bond 007: Everything or Nothing,X,2004.0,Shooter,Electronic Arts,0.43,0.19,0.0,0.02,0.64,83.0,51.0,7.4,27.0,T,0.375
NHL 16,PS4,2015.0,Sports,Electronic Arts,0.37,0.16,0.0,0.11,0.64,78.0,28.0,5.5,158.0,E10+,0.375
X2: Wolverines Revenge,PS2,2003.0,Platform,Activision,0.31,0.24,0.0,0.08,0.64,58.0,24.0,7.2,13.0,T,0.375
NBA Live 06,X,2005.0,Sports,Electronic Arts,0.57,0.04,0.0,0.03,0.64,79.0,30.0,6.4,15.0,E,0.375
Rayman 3D,3DS,2011.0,Platform,Ubisoft,0.23,0.35,0.0,0.06,0.64,61.0,39.0,6.5,49.0,E,0.375
Football Manager 2014,PC,2013.0,Sports,Sega,0.0,0.6,0.0,0.03,0.64,85.0,41.0,5.5,277.0,E,0.375
TimeSplitters 2,X,2002.0,Shooter,Eidos Interactive,0.29,0.33,0.0,0.01,0.64,88.0,20.0,7.7,34.0,T,0.375
Onimusha: Dawn of Dreams,PS2,2006.0,Action,Capcom,0.15,0.12,0.34,0.04,0.64,81.0,45.0,8.9,63.0,M,0.375
Sengoku Basara: Samurai Heroes,PS3,2010.0,Action,Capcom,0.17,0.04,0.4,0.02,0.64,61.0,37.0,7.9,29.0,T,0.375
Stuntman: Ignition,X360,2007.0,Racing,THQ,0.25,0.31,0.0,0.07,0.64,75.0,38.0,7.3,31.0,T,0.375
Real Heroes: Firefighter,Wii,2009.0,Action,Rondomedia,0.56,0.04,0.0,0.05,0.64,67.0,18.0,8.2,10.0,E10+,0.375
Dead or Alive 5,PS3,2012.0,Fighting,Tecmo Koei,0.23,0.14,0.2,0.07,0.64,74.0,34.0,7.7,109.0,M,0.375
Paper Mario: Color Splash,WiiU,2016.0,Role-Playing,Nintendo,0.29,0.23,0.06,0.05,0.64,76.0,73.0,6.9,226.0,E,0.375
Dragon Ball: Raging Blast 2,X360,2010.0,Fighting,Namco Bandai Games,0.49,0.09,0.01,0.05,0.64,57.0,33.0,7.4,31.0,T,0.375
NHL 13,PS3,2012.0,Sports,Electronic Arts,0.33,0.21,0.0,0.09,0.64,84.0,22.0,6.8,60.0,E10+,0.375
Lemony Snickets A Series of Unfortunate Events,PS2,2004.0,Platform,Activision,0.31,0.24,0.0,0.08,0.64,63.0,25.0,5.7,12.0,E,0.375
Lost Planet: Extreme Condition,PS3,2008.0,Shooter,Capcom,0.31,0.17,0.07,0.08,0.64,67.0,34.0,7.0,36.0,T,0.375
X-Men Legends II: Rise of Apocalypse,PS2,2005.0,Role-Playing,Activision,0.53,0.02,0.0,0.09,0.63,82.0,44.0,7.3,41.0,T,0.36904761904761907
LEGO Star Wars II: The Original Trilogy,X360,2006.0,Action,LucasArts,0.55,0.03,0.0,0.05,0.63,81.0,50.0,8.0,45.0,E10+,0.36904761904761907
Rock Band 3,Wii,2010.0,Misc,MTV Games,0.53,0.06,0.0,0.04,0.63,91.0,10.0,6.9,36.0,T,0.36904761904761907
Dragon Age II,PC,2011.0,Action,Electronic Arts,0.23,0.33,0.0,0.08,0.63,82.0,45.0,4.5,4546.0,M,0.36904761904761907
Tony Hawks Pro Skater 2x,X,2001.0,Sports,Activision,0.41,0.19,0.0,0.03,0.63,78.0,24.0,8.8,5.0,T,0.36904761904761907
NBA Live 08,PS3,2007.0,Sports,Electronic Arts,0.56,0.02,0.01,0.05,0.63,73.0,28.0,6.8,10.0,E,0.36904761904761907
Shin Megami Tensei: Persona 3 Portable,PSP,2009.0,Role-Playing,Ghostlight,0.18,0.06,0.34,0.05,0.63,89.0,40.0,8.3,321.0,M,0.36904761904761907
FIFA Soccer 2003,X,2002.0,Sports,Electronic Arts,0.2,0.4,0.0,0.04,0.63,88.0,11.0,7.7,11.0,E,0.36904761904761907
The Lord of the Rings: Conquest,X360,2009.0,Action,Electronic Arts,0.37,0.2,0.0,0.06,0.63,55.0,58.0,7.0,111.0,T,0.36904761904761907
NASCAR 06: Total Team Control,PS2,2005.0,Racing,Electronic Arts,0.53,0.02,0.0,0.09,0.63,78.0,18.0,7.7,18.0,E,0.36904761904761907
Dogz,GBA,2004.0,Simulation,Ubisoft,0.45,0.17,0.0,0.01,0.63,48.0,9.0,6.3,13.0,E,0.36904761904761907
White Knight Chronicles II,PS3,2010.0,Role-Playing,Sony Computer Entertainment,0.23,0.09,0.27,0.04,0.63,60.0,45.0,7.2,65.0,T,0.36904761904761907
Iron Man,PSP,2008.0,Action,Sega,0.46,0.09,0.0,0.09,0.63,44.0,7.0,6.5,16.0,T,0.36904761904761907
Wolfenstein,PS3,2009.0,Shooter,Activision,0.25,0.27,0.0,0.11,0.63,71.0,58.0,7.4,77.0,M,0.36904761904761907
The Sims 3: Generations,PC,2011.0,Simulation,Electronic Arts,0.4,0.23,0.0,0.0,0.63,70.0,22.0,3.6,81.0,T,0.36904761904761907
Juiced 2: Hot Import Nights,X360,2007.0,Racing,THQ,0.22,0.34,0.0,0.07,0.63,68.0,24.0,7.5,22.0,T,0.36904761904761907
The Walking Dead: Survival Instinct,X360,2013.0,Shooter,Activision,0.46,0.11,0.0,0.05,0.63,32.0,30.0,4.0,412.0,M,0.36904761904761907
Ape Escape 2,PS2,2002.0,Platform,Sony Computer Entertainment,0.12,0.09,0.38,0.03,0.63,82.0,31.0,8.4,33.0,E,0.36904761904761907
Sega Rally Revo,PS3,2007.0,Racing,Sega,0.07,0.42,0.0,0.14,0.63,75.0,40.0,7.0,20.0,E,0.36904761904761907
Shin Megami Tensei: Persona 3 FES,PS2,2007.0,Role-Playing,Tecmo Koei,0.22,0.2,0.16,0.05,0.63,89.0,25.0,8.3,298.0,M,0.36904761904761907
Angry Birds Trilogy,3DS,2012.0,Action,Activision,0.38,0.2,0.0,0.05,0.63,62.0,7.0,4.6,20.0,E,0.36904761904761907
FIFA Soccer 2002,PS2,2001.0,Sports,Electronic Arts,0.31,0.24,0.0,0.08,0.63,82.0,17.0,5.8,28.0,E,0.36904761904761907
Condemned 2: Bloodshot,X360,2008.0,Action,Sega,0.38,0.19,0.0,0.06,0.63,80.0,76.0,8.4,178.0,M,0.36904761904761907
Okami,PS2,2006.0,Action,Capcom,0.11,0.03,0.15,0.34,0.63,93.0,69.0,9.3,333.0,T,0.36904761904761907
NHL 2001,PS,2000.0,Sports,Electronic Arts,0.35,0.24,0.0,0.04,0.63,88.0,10.0,7.7,7.0,E,0.36904761904761907
Crysis 3,PC,2013.0,Shooter,Electronic Arts,0.17,0.39,0.0,0.07,0.63,76.0,47.0,6.5,1232.0,M,0.36904761904761907
Just Dance 3,PS3,2011.0,Misc,Ubisoft,0.33,0.2,0.0,0.09,0.63,75.0,5.0,6.0,7.0,E10+,0.36904761904761907
Buzz Lightyear of Star Command,PS,2000.0,Platform,Activision,0.35,0.24,0.0,0.04,0.63,54.0,10.0,5.4,5.0,E,0.36904761904761907
Ghostbusters: The Video Game,X360,2009.0,Action,Atari,0.43,0.14,0.0,0.06,0.63,79.0,53.0,8.5,125.0,T,0.36904761904761907
Tony Hawks Project 8,PS3,2006.0,Sports,Activision,0.3,0.22,0.01,0.1,0.63,76.0,43.0,7.1,15.0,T,0.36904761904761907
XCOM: Enemy Unknown,X360,2012.0,Strategy,Take-Two Interactive,0.36,0.21,0.0,0.05,0.63,90.0,35.0,8.3,367.0,M,0.36904761904761907
Metal Gear Solid 2: Substance,X,2002.0,Action,Konami Digital Entertainment,0.38,0.22,0.0,0.03,0.62,87.0,28.0,8.5,39.0,M,0.3630952380952381
Tony Hawks American Wasteland,X,2005.0,Sports,Activision,0.4,0.2,0.0,0.03,0.62,77.0,40.0,7.7,15.0,T,0.3630952380952381
Wild ARMs 3,PS2,2002.0,Role-Playing,Ubisoft,0.16,0.13,0.29,0.04,0.62,78.0,30.0,8.5,39.0,T,0.3630952380952381
Madden NFL 07,GC,2006.0,Sports,Electronic Arts,0.48,0.13,0.0,0.02,0.62,82.0,14.0,9.2,5.0,E,0.3630952380952381
Tiger Woods PGA Tour 2004,X,2003.0,Sports,Electronic Arts,0.47,0.13,0.0,0.02,0.62,89.0,18.0,8.2,14.0,E,0.3630952380952381
Test Drive Unlimited 2,PS3,2011.0,Racing,Atari,0.16,0.34,0.01,0.12,0.62,70.0,43.0,6.1,44.0,T,0.3630952380952381
Tak 2: The Staff of Dreams,PS2,2004.0,Platform,THQ,0.3,0.24,0.0,0.08,0.62,71.0,31.0,8.0,10.0,E,0.3630952380952381
LEGO Pirates of the Caribbean: The Video Game,3DS,2011.0,Action,Disney Interactive Studios,0.29,0.28,0.0,0.06,0.62,71.0,16.0,7.3,20.0,E10+,0.3630952380952381
Donkey Kong Barrel Blast,Wii,2007.0,Racing,Nintendo,0.19,0.26,0.11,0.06,0.62,46.0,34.0,6.8,26.0,E,0.3630952380952381
Viewtiful Joe,GC,2003.0,Action,Capcom,0.38,0.1,0.12,0.02,0.62,93.0,52.0,8.3,117.0,T,0.3630952380952381
Guitar Hero: Metallica,PS3,2009.0,Misc,Activision,0.28,0.24,0.0,0.1,0.62,86.0,44.0,8.0,48.0,T,0.3630952380952381
The Urbz: Sims in the City,GBA,2004.0,Simulation,Electronic Arts,0.37,0.22,0.0,0.03,0.62,72.0,6.0,9.2,25.0,E,0.3630952380952381
Strike Force Bowling,PS2,2004.0,Sports,Play It,0.3,0.24,0.0,0.08,0.62,48.0,14.0,6.8,4.0,E,0.3630952380952381
Red Steel 2,Wii,2010.0,Shooter,Ubisoft,0.35,0.21,0.01,0.06,0.62,80.0,73.0,8.5,179.0,T,0.3630952380952381
Scribblenauts: Unlimited,3DS,2012.0,Action,Warner Bros. Interactive Entertainment,0.56,0.01,0.0,0.05,0.62,73.0,13.0,7.4,21.0,E10+,0.3630952380952381
DJ Hero 2,Wii,2010.0,Misc,Activision,0.48,0.09,0.0,0.04,0.62,88.0,20.0,7.5,17.0,T,0.3630952380952381
Disney Infinity,WiiU,2013.0,Action,Disney Interactive Studios,0.35,0.22,0.0,0.05,0.62,71.0,10.0,7.6,58.0,E10+,0.3630952380952381
XGRA: Extreme G-Racing Association,PS2,2004.0,Racing,Eidos Interactive,0.3,0.24,0.0,0.08,0.62,68.0,23.0,8.6,8.0,T,0.3630952380952381
Warriors Orochi 3,PS3,2011.0,Action,Ubisoft Annecy,0.0,0.04,0.57,0.01,0.62,70.0,17.0,7.9,35.0,T,0.3630952380952381
Prince of Persia: The Forgotten Sands,X360,2010.0,Action,Ubisoft,0.3,0.26,0.0,0.06,0.62,74.0,69.0,7.8,112.0,T,0.3630952380952381
2014 FIFA World Cup Brazil,PS3,2014.0,Sports,Electronic Arts,0.15,0.36,0.01,0.1,0.62,73.0,33.0,4.3,87.0,E,0.3630952380952381
Plants vs. Zombies: Garden Warfare,PS4,2014.0,Shooter,Electronic Arts,0.22,0.29,0.01,0.1,0.62,75.0,23.0,7.6,261.0,E10+,0.3630952380952381
Borderlands: The Pre-Sequel,PS3,2014.0,Shooter,Take-Two Interactive,0.26,0.21,0.05,0.1,0.62,77.0,24.0,6.3,130.0,M,0.3630952380952381
Tiger Woods PGA Tour 12: The Masters,X360,2011.0,Sports,Electronic Arts,0.4,0.16,0.0,0.05,0.62,80.0,50.0,6.0,26.0,E,0.3630952380952381
Wall-E,X360,2008.0,Platform,THQ,0.29,0.26,0.0,0.07,0.62,50.0,32.0,6.3,6.0,E,0.3630952380952381
NieR,PS3,2010.0,Role-Playing,Square Enix,0.17,0.18,0.2,0.07,0.62,68.0,58.0,8.4,268.0,M,0.3630952380952381
Harry Potter and the Half-Blood Prince,DS,2009.0,Action,Electronic Arts,0.2,0.34,0.0,0.07,0.62,48.0,9.0,4.3,7.0,E,0.3630952380952381
NBA 2K9,PS3,2008.0,Sports,Take-Two Interactive,0.56,0.0,0.0,0.05,0.61,82.0,30.0,7.0,37.0,E,0.35714285714285715
Jak and Daxter: The Lost Frontier,PSP,2009.0,Platform,Sony Computer Entertainment,0.18,0.27,0.0,0.16,0.61,71.0,47.0,6.3,28.0,E10+,0.35714285714285715
NFL Fever 2003,X,2002.0,Sports,Microsoft Game Studios,0.46,0.13,0.0,0.02,0.61,72.0,25.0,8.6,12.0,E,0.35714285714285715
Wet,PS3,2009.0,Shooter,Bethesda Softworks,0.22,0.27,0.01,0.11,0.61,70.0,61.0,6.4,56.0,M,0.35714285714285715
Samurai Warriors 2,PS2,2006.0,Action,Tecmo Koei,0.02,0.02,0.57,0.01,0.61,58.0,26.0,8.8,13.0,T,0.35714285714285715
Cooking Mama 4: Kitchen Magic!,3DS,2011.0,Simulation,505 Games,0.5,0.07,0.0,0.05,0.61,56.0,6.0,6.0,7.0,E,0.35714285714285715
Kinect Sports Rivals,XOne,2014.0,Sports,Microsoft Game Studios,0.3,0.24,0.02,0.05,0.61,60.0,53.0,5.1,144.0,E10+,0.35714285714285715
Fire Emblem: Shadow Dragon,DS,2008.0,Role-Playing,Nintendo,0.29,0.02,0.27,0.03,0.61,81.0,42.0,7.0,106.0,E10+,0.35714285714285715
Metroid Prime: Trilogy,Wii,2009.0,Shooter,Nintendo,0.42,0.05,0.0,0.14,0.61,91.0,48.0,9.3,318.0,T,0.35714285714285715
Robotech: Battlecry,PS2,2002.0,Shooter,TDK Mediactive,0.3,0.23,0.0,0.08,0.61,72.0,20.0,8.5,8.0,T,0.35714285714285715
Disney Universe,PS3,2011.0,Action,Disney Interactive Studios,0.3,0.22,0.0,0.09,0.61,70.0,29.0,6.9,13.0,E10+,0.35714285714285715
Tearaway,PSV,2013.0,Adventure,Sony Computer Entertainment Europe,0.14,0.34,0.0,0.14,0.61,87.0,82.0,8.8,393.0,E,0.35714285714285715
Advance Wars: Days of Ruin,DS,2008.0,Strategy,Nintendo,0.43,0.12,0.0,0.05,0.61,86.0,55.0,8.7,96.0,E10+,0.35714285714285715
Time Crisis 3,PS2,2003.0,Shooter,Namco Bandai Games,0.3,0.23,0.0,0.08,0.61,81.0,29.0,8.1,12.0,T,0.35714285714285715
Texas Hold Em Poker,GBA,2004.0,Misc,Majesco Entertainment,0.44,0.16,0.0,0.01,0.61,49.0,7.0,6.8,6.0,E,0.35714285714285715
Vanquish,PS3,2010.0,Shooter,Sega,0.21,0.21,0.11,0.08,0.61,84.0,61.0,8.1,305.0,M,0.35714285714285715
Half-Life 2,X,2005.0,Shooter,Electronic Arts,0.37,0.21,0.0,0.03,0.61,90.0,35.0,8.6,115.0,M,0.35714285714285715
Tony Hawk: RIDE,X360,2009.0,Sports,Activision,0.46,0.1,0.0,0.05,0.61,46.0,43.0,3.0,67.0,E10+,0.35714285714285715
Major League Baseball 2K8,X360,2008.0,Sports,Bethesda Softworks,0.56,0.0,0.0,0.05,0.61,70.0,28.0,5.9,34.0,E,0.35714285714285715
Sacred 2: Fallen Angel,PS3,2009.0,Role-Playing,Deep Silver,0.22,0.22,0.08,0.09,0.61,70.0,45.0,7.0,52.0,M,0.35714285714285715
pro evolution soccer 2011,X360,2010.0,Sports,Konami Digital Entertainment,0.09,0.44,0.0,0.07,0.61,79.0,43.0,5.9,33.0,E,0.35714285714285715
Major League Baseball 2K9,X360,2009.0,Sports,Spike,0.56,0.0,0.0,0.05,0.61,64.0,29.0,5.3,26.0,E,0.35714285714285715
Dragon Ball Z: Ultimate Tenkaichi,PS3,2011.0,Fighting,Namco Bandai Games,0.27,0.18,0.09,0.07,0.61,58.0,26.0,5.4,77.0,T,0.35714285714285715
WWE 2K16,XOne,2015.0,Sports,Take-Two Interactive,0.32,0.23,0.0,0.05,0.61,72.0,18.0,5.7,77.0,T,0.35714285714285715
Final Fantasy IV Advance,GBA,2005.0,Role-Playing,Nintendo,0.27,0.1,0.22,0.01,0.61,85.0,30.0,7.4,72.0,E10+,0.35714285714285715
Harry Potter and the Goblet of Fire,GBA,2005.0,Action,Electronic Arts,0.44,0.16,0.0,0.01,0.61,71.0,9.0,6.0,8.0,E,0.35714285714285715
Dragon Ball Z: Buus Fury,GBA,2004.0,Action,Atari,0.44,0.16,0.0,0.01,0.61,62.0,19.0,8.9,39.0,E,0.35714285714285715
Madden NFL 2002,GC,2001.0,Sports,Electronic Arts,0.47,0.12,0.0,0.02,0.61,89.0,12.0,7.5,4.0,E,0.35714285714285715
Spider-Man: Mysterios Menace,GBA,2001.0,Action,Activision,0.43,0.16,0.0,0.01,0.61,84.0,8.0,8.7,11.0,E,0.35714285714285715
MySims Racing,DS,2009.0,Racing,Electronic Arts,0.25,0.29,0.0,0.07,0.61,67.0,11.0,7.3,4.0,E,0.35714285714285715
Pac-Man Party,Wii,2010.0,Misc,Namco Bandai Games,0.47,0.08,0.01,0.04,0.61,59.0,14.0,5.9,8.0,E10+,0.35714285714285715
Naruto: Ultimate Ninja,PS2,2003.0,Fighting,Atari,0.5,0.02,0.0,0.08,0.61,75.0,34.0,7.7,35.0,T,0.35714285714285715
LEGO The Hobbit,PS4,2014.0,Action,Warner Bros. Interactive Entertainment,0.13,0.38,0.0,0.09,0.6,72.0,47.0,6.6,88.0,E10+,0.35119047619047616
Tony Hawks Underground,GBA,2003.0,Sports,Activision,0.43,0.16,0.0,0.01,0.6,86.0,9.0,7.7,9.0,E,0.35119047619047616
Shadow The Hedgehog,PS2,2005.0,Platform,Sega,0.5,0.02,0.0,0.08,0.6,45.0,28.0,5.9,138.0,E10+,0.35119047619047616
Plants vs. Zombies: Garden Warfare 2,XOne,2016.0,Shooter,Electronic Arts,0.37,0.18,0.0,0.06,0.6,80.0,64.0,8.0,81.0,E10+,0.35119047619047616
NHL 15,PS4,2014.0,Sports,Electronic Arts,0.31,0.19,0.0,0.1,0.6,60.0,28.0,3.6,307.0,E10+,0.35119047619047616
Wave Race: Blue Storm,GC,2001.0,Racing,Nintendo,0.4,0.1,0.09,0.02,0.6,80.0,21.0,8.3,29.0,E,0.35119047619047616
Aliens: Colonial Marines,PS3,2013.0,Shooter,Sega,0.2,0.29,0.0,0.11,0.6,43.0,25.0,3.5,297.0,M,0.35119047619047616
Dead Island: Riptide,PS3,2013.0,Action,Deep Silver,0.26,0.19,0.07,0.09,0.6,62.0,25.0,5.9,142.0,M,0.35119047619047616
Backyard Wrestling: Dont Try This at Home,PS2,2003.0,Fighting,Eidos Interactive,0.3,0.23,0.0,0.08,0.6,51.0,24.0,7.8,29.0,M,0.35119047619047616
Yakuza: Dead Souls,PS3,2011.0,Shooter,Sega,0.09,0.06,0.42,0.03,0.6,64.0,55.0,7.4,69.0,M,0.35119047619047616
Fight Night Round 2,X,2005.0,Fighting,Electronic Arts,0.42,0.16,0.0,0.02,0.6,88.0,48.0,8.8,27.0,T,0.35119047619047616
NBA 2K8,PS2,2007.0,Sports,Take-Two Interactive,0.5,0.02,0.0,0.08,0.6,72.0,7.0,6.0,9.0,E,0.35119047619047616
Dynasty Warriors 8,PS3,2013.0,Action,Tecmo Koei,0.12,0.1,0.34,0.05,0.6,68.0,26.0,8.4,77.0,T,0.35119047619047616
Total War: Shogun 2,PC,2011.0,Strategy,Sega,0.19,0.32,0.0,0.09,0.6,90.0,62.0,8.3,1187.0,T,0.35119047619047616
Just Dance 2014,WiiU,2013.0,Misc,Ubisoft,0.32,0.23,0.0,0.05,0.6,72.0,13.0,7.6,45.0,E10+,0.35119047619047616
Secret Agent Clank,PS2,2009.0,Platform,Sony Computer Entertainment,0.13,0.18,0.0,0.29,0.6,61.0,9.0,6.7,14.0,E10+,0.35119047619047616
Call of Juarez: Bound in Blood,X360,2009.0,Shooter,Ubisoft,0.3,0.24,0.0,0.06,0.6,77.0,77.0,7.6,94.0,M,0.35119047619047616
Fighters Uncaged,X360,2010.0,Fighting,Ubisoft,0.31,0.23,0.0,0.06,0.6,32.0,38.0,4.6,23.0,T,0.35119047619047616
Rayman Arena,PS2,2001.0,Racing,Ubisoft,0.29,0.23,0.0,0.08,0.6,63.0,10.0,8.6,8.0,E,0.35119047619047616
Jaws Unleashed,PS2,2006.0,Action,THQ,0.5,0.02,0.0,0.08,0.6,52.0,29.0,7.5,39.0,M,0.35119047619047616
Half-Life,PS2,2001.0,Shooter,Vivendi Games,0.29,0.23,0.0,0.08,0.6,87.0,24.0,8.6,94.0,M,0.35119047619047616
Okami,Wii,2008.0,Action,Capcom,0.43,0.09,0.04,0.05,0.6,90.0,44.0,8.9,236.0,T,0.35119047619047616
Split/Second,X360,2010.0,Racing,Disney Interactive Studios,0.32,0.23,0.0,0.06,0.6,82.0,78.0,8.1,101.0,E10+,0.35119047619047616
The Golden Compass,DS,2007.0,Action,Sega,0.28,0.25,0.0,0.06,0.6,43.0,7.0,4.9,8.0,E10+,0.35119047619047616
The Golden Compass,Wii,2007.0,Action,Sega,0.26,0.28,0.0,0.07,0.6,35.0,12.0,6.8,6.0,E10+,0.35119047619047616
Muramasa: The Demon Blade,Wii,2009.0,Role-Playing,Rising Star Games,0.32,0.12,0.11,0.04,0.6,81.0,58.0,8.7,101.0,T,0.35119047619047616
Rocket League,PS4,2016.0,Sports,505 Games,0.07,0.44,0.0,0.09,0.6,85.0,50.0,8.7,1302.0,E,0.35119047619047616
Tony Hawk: RIDE,PS3,2009.0,Sports,Activision,0.38,0.14,0.0,0.08,0.6,44.0,29.0,2.1,31.0,E10+,0.35119047619047616
Guitar Hero Live,XOne,2015.0,Misc,Activision,0.33,0.21,0.0,0.05,0.6,81.0,21.0,5.2,71.0,T,0.35119047619047616
SimCity DS,DS,2007.0,Simulation,Electronic Arts,0.33,0.02,0.21,0.03,0.6,69.0,27.0,6.3,18.0,E,0.35119047619047616
Hot Wheels: Stunt Track Challenge,PS2,2004.0,Racing,THQ,0.29,0.23,0.0,0.08,0.59,62.0,8.0,8.1,8.0,E,0.34523809523809523
Assassins Creed: Brotherhood,PC,2011.0,Action,Ubisoft,0.15,0.34,0.0,0.1,0.59,88.0,24.0,8.2,1115.0,M,0.34523809523809523
Monopoly,X360,2008.0,Misc,Electronic Arts,0.34,0.2,0.0,0.06,0.59,56.0,9.0,5.8,17.0,E,0.34523809523809523
Dead Space,PC,2008.0,Action,Electronic Arts,0.0,0.54,0.0,0.06,0.59,86.0,28.0,8.0,1111.0,M,0.34523809523809523
Medal of Honor: Frontline,GC,2002.0,Shooter,Electronic Arts,0.46,0.12,0.0,0.02,0.59,80.0,16.0,7.9,16.0,T,0.34523809523809523
NHL 11,PS3,2010.0,Sports,Electronic Arts,0.4,0.12,0.0,0.07,0.59,88.0,38.0,7.1,54.0,E10+,0.34523809523809523
Yakuza 5,PS3,2012.0,Action,Sega,0.0,0.0,0.59,0.0,0.59,83.0,34.0,8.5,182.0,M,0.34523809523809523
2002 FIFA World Cup,PS2,2002.0,Sports,Electronic Arts,0.21,0.17,0.16,0.06,0.59,73.0,19.0,5.6,18.0,E,0.34523809523809523
MVP Baseball 2004,X,2004.0,Sports,Electronic Arts,0.44,0.13,0.0,0.02,0.59,90.0,31.0,8.5,19.0,E,0.34523809523809523
Crash Bandicoot: The Wrath of Cortex,GC,2002.0,Platform,Universal Interactive,0.46,0.12,0.0,0.02,0.59,62.0,11.0,7.5,25.0,E,0.34523809523809523
NBA 2K7,X360,2006.0,Sports,Take-Two Interactive,0.54,0.0,0.0,0.05,0.59,84.0,46.0,7.8,67.0,E,0.34523809523809523
Dead or Alive Xtreme Beach Volleyball,X,2003.0,Sports,Microsoft Game Studios,0.36,0.08,0.14,0.02,0.59,73.0,42.0,7.8,47.0,M,0.34523809523809523
Silent Hill: Shattered Memories,PS2,2010.0,Action,Konami Digital Entertainment,0.13,0.22,0.01,0.23,0.59,77.0,8.0,6.8,83.0,M,0.34523809523809523
Metal Gear Solid V: Ground Zeroes,PS3,2014.0,Action,Konami Digital Entertainment,0.14,0.12,0.28,0.05,0.59,66.0,5.0,5.9,244.0,M,0.34523809523809523
Blur,X360,2010.0,Racing,Activision,0.25,0.27,0.0,0.06,0.59,82.0,78.0,8.3,169.0,E10+,0.34523809523809523
Madden NFL 06,X360,2005.0,Sports,Electronic Arts,0.54,0.0,0.01,0.03,0.59,74.0,48.0,4.8,45.0,E,0.34523809523809523
Asphalt: Urban GT,DS,2004.0,Racing,Ubisoft,0.31,0.22,0.0,0.06,0.59,60.0,38.0,7.5,13.0,E,0.34523809523809523
Mega Man Anniversary Collection,PS2,2004.0,Platform,Capcom,0.29,0.22,0.0,0.08,0.59,81.0,26.0,9.0,20.0,E,0.34523809523809523
Skylanders SWAP Force,WiiU,2013.0,Platform,Activision,0.38,0.15,0.0,0.05,0.59,89.0,7.0,6.0,96.0,E10+,0.34523809523809523
Harvest Moon: Friends of Mineral Town,GBA,2003.0,Simulation,Ubisoft,0.34,0.13,0.11,0.01,0.59,81.0,25.0,9.6,116.0,E,0.34523809523809523
Farming Simulator 17,PS4,2016.0,Simulation,Focus Home Interactive,0.07,0.43,0.0,0.09,0.59,69.0,18.0,8.0,13.0,E,0.34523809523809523
Naruto: The Broken Bond,X360,2008.0,Action,Ubisoft,0.24,0.28,0.0,0.06,0.59,80.0,34.0,7.7,47.0,T,0.34523809523809523
WarioWare D.I.Y.,DS,2009.0,Misc,Nintendo,0.17,0.18,0.2,0.04,0.59,82.0,53.0,8.7,39.0,E,0.34523809523809523
Iron Man,Wii,2008.0,Action,Sega,0.3,0.22,0.0,0.06,0.59,44.0,14.0,7.0,8.0,T,0.34523809523809523
The Fight: Lights Out,PS3,2010.0,Fighting,Sony Computer Entertainment,0.29,0.21,0.0,0.09,0.59,48.0,39.0,7.5,77.0,T,0.34523809523809523
Deus Ex: Human Revolution,PC,2011.0,Shooter,Square Enix,0.25,0.25,0.0,0.08,0.58,90.0,52.0,8.5,3083.0,M,0.33928571428571425
Mega Man X7,PS2,2003.0,Action,Capcom,0.22,0.17,0.14,0.06,0.58,58.0,30.0,5.1,38.0,E,0.33928571428571425
MLB 11: The Show,PS3,2011.0,Sports,Sony Computer Entertainment,0.54,0.0,0.0,0.04,0.58,90.0,30.0,7.8,87.0,E,0.33928571428571425
The LEGO Movie Videogame,XOne,2014.0,Action,Warner Bros. Interactive Entertainment,0.4,0.13,0.0,0.06,0.58,69.0,18.0,6.9,49.0,E10+,0.33928571428571425
Final Fantasy Anniversary Edition,PSP,2007.0,Role-Playing,Square Enix,0.39,0.02,0.13,0.04,0.58,67.0,34.0,7.7,47.0,E10+,0.33928571428571425
SoulCalibur V,X360,2012.0,Fighting,Namco Bandai Games,0.39,0.13,0.02,0.04,0.58,77.0,56.0,6.3,125.0,T,0.33928571428571425
FIFA Soccer,PSV,2012.0,Sports,Electronic Arts,0.16,0.32,0.02,0.08,0.58,79.0,45.0,7.1,80.0,E,0.33928571428571425
Romancing SaGa,PS2,2005.0,Role-Playing,Square Enix,0.06,0.04,0.47,0.01,0.58,58.0,23.0,8.0,35.0,E10+,0.33928571428571425
Lost: Via Domus,X360,2008.0,Action,Ubisoft,0.18,0.34,0.0,0.07,0.58,55.0,50.0,6.4,58.0,T,0.33928571428571425
Top Spin 3,Wii,2008.0,Action,Take-Two Interactive,0.15,0.37,0.0,0.07,0.58,68.0,18.0,5.7,29.0,E,0.33928571428571425
Game Party in Motion,X360,2010.0,Misc,Warner Bros. Interactive Entertainment,0.36,0.17,0.0,0.05,0.58,33.0,6.0,3.7,9.0,E,0.33928571428571425
The Lord of the Rings: The Third Age,PS2,2004.0,Role-Playing,Electronic Arts,0.49,0.02,0.0,0.08,0.58,73.0,35.0,8.2,60.0,T,0.33928571428571425
Call of Duty: Black Ops,DS,2010.0,Shooter,Activision,0.5,0.04,0.0,0.04,0.58,74.0,13.0,6.0,54.0,T,0.33928571428571425
Just Dance 2016,WiiU,2015.0,Misc,Ubisoft,0.28,0.25,0.0,0.05,0.58,73.0,7.0,6.9,11.0,E10+,0.33928571428571425
NCAA Football 09,PS3,2008.0,Sports,Electronic Arts,0.54,0.0,0.0,0.04,0.58,81.0,20.0,7.3,25.0,E,0.33928571428571425
Kinect Rush: A Disney Pixar Adventure,X360,2012.0,Adventure,Microsoft Game Studios,0.38,0.15,0.0,0.05,0.58,68.0,31.0,5.1,15.0,E,0.33928571428571425
Guitar Hero: Smash Hits,Wii,2009.0,Misc,Activision,0.31,0.21,0.0,0.06,0.58,74.0,17.0,7.7,6.0,T,0.33928571428571425
Terminator 3: Rise of the Machines,PS2,2003.0,Action,Atari,0.28,0.22,0.0,0.07,0.58,38.0,21.0,6.3,23.0,T,0.33928571428571425
Alice: Madness Returns,PS3,2011.0,Adventure,Electronic Arts,0.22,0.24,0.04,0.08,0.58,70.0,51.0,7.9,181.0,M,0.33928571428571425
Tom Clancys HAWX,X360,2009.0,Action,Ubisoft,0.31,0.19,0.02,0.06,0.58,73.0,64.0,7.3,51.0,T,0.33928571428571425
Shin Megami Tensei IV,3DS,2013.0,Role-Playing,Atlus,0.28,0.0,0.27,0.03,0.58,83.0,48.0,8.3,256.0,M,0.33928571428571425
NHL 12,PS3,2011.0,Sports,Electronic Arts,0.36,0.15,0.0,0.07,0.58,86.0,33.0,7.5,52.0,E10+,0.33928571428571425
NASCAR: Dirt to Daytona,PS2,2002.0,Racing,Monster Games,0.28,0.22,0.0,0.07,0.58,84.0,10.0,8.8,19.0,E,0.33928571428571425
Unreal Tournament,PS2,2000.0,Shooter,Infogrames,0.28,0.22,0.0,0.07,0.58,77.0,23.0,6.8,13.0,M,0.33928571428571425
Digimon World 2,PS,2000.0,Role-Playing,Namco Bandai Games,0.23,0.16,0.16,0.04,0.58,42.0,5.0,7.6,47.0,E,0.33928571428571425
Prince of Persia: The Two Thrones,X,2005.0,Action,Ubisoft,0.33,0.22,0.0,0.03,0.58,85.0,46.0,8.4,28.0,M,0.33928571428571425
XCOM: Enemy Unknown,PS3,2012.0,Strategy,Take-Two Interactive,0.25,0.23,0.0,0.1,0.58,89.0,20.0,8.2,298.0,M,0.33928571428571425
JoJos Bizarre Adventure: All Star Battle,PS3,2013.0,Fighting,Namco Bandai Games,0.05,0.02,0.5,0.01,0.58,71.0,53.0,8.3,55.0,T,0.33928571428571425
Contra: Shattered Soldier,PS2,2002.0,Shooter,Konami Digital Entertainment,0.28,0.22,0.0,0.07,0.58,78.0,33.0,6.6,25.0,T,0.33928571428571425
Skylanders: Spyros Adventure,3DS,2011.0,Action,Activision,0.33,0.2,0.0,0.05,0.58,82.0,8.0,4.9,62.0,E10+,0.33928571428571425
Rune Factory 4,3DS,2012.0,Role-Playing,Xseed Games,0.33,0.0,0.21,0.04,0.58,78.0,33.0,8.2,124.0,E10+,0.33928571428571425
Final Fantasy: The 4 Heroes of Light,DS,2009.0,Role-Playing,Square Enix,0.22,0.1,0.23,0.03,0.58,71.0,49.0,7.1,38.0,E10+,0.33928571428571425
Rayman Legends,PS3,2013.0,Platform,Ubisoft,0.14,0.34,0.0,0.1,0.58,91.0,23.0,8.7,312.0,E10+,0.33928571428571425
Tenchu 2: Birth of the Stealth Assassins,PS,2000.0,Action,Activision,0.32,0.22,0.0,0.04,0.58,77.0,14.0,8.7,32.0,M,0.33928571428571425
Tony Hawks Pro Skater 4,GC,2002.0,Sports,Activision,0.45,0.12,0.0,0.02,0.58,91.0,19.0,8.5,22.0,T,0.33928571428571425
Naruto: Uzumaki Chronicles 2,PS2,2006.0,Action,Namco Bandai Games,0.28,0.22,0.0,0.07,0.58,52.0,22.0,6.9,17.0,T,0.33928571428571425
NHL 06,PS2,2005.0,Sports,Electronic Arts,0.48,0.02,0.0,0.08,0.58,78.0,27.0,8.5,29.0,E10+,0.33928571428571425
WWE 2K15,XOne,2014.0,Sports,Take-Two Interactive,0.29,0.23,0.0,0.05,0.58,56.0,25.0,5.7,63.0,T,0.33928571428571425
Parasite Eve II,PS,1999.0,Role-Playing,SquareSoft,0.32,0.22,0.0,0.04,0.58,79.0,14.0,9.0,79.0,M,0.33928571428571425
Skate it,Wii,2008.0,Sports,Electronic Arts,0.5,0.03,0.0,0.04,0.58,70.0,37.0,8.4,25.0,E,0.33928571428571425
Madden NFL 2002,X,2001.0,Sports,Electronic Arts,0.53,0.02,0.0,0.03,0.58,90.0,16.0,8.1,8.0,E,0.33928571428571425
Phineas and Ferb: Across the 2nd Dimension,Wii,2011.0,Action,Disney Interactive Studios,0.35,0.18,0.0,0.05,0.58,76.0,4.0,8.3,6.0,E10+,0.33928571428571425
Far Cry Instincts,X,2005.0,Shooter,Ubisoft,0.32,0.24,0.0,0.02,0.57,85.0,56.0,5.7,73.0,M,0.3333333333333333
Tony Hawks Pro Skater 4,GBA,2002.0,Sports,Activision,0.41,0.15,0.0,0.01,0.57,85.0,13.0,8.8,4.0,E,0.3333333333333333
ATV Offroad Fury: Blazin Trails,PSP,2005.0,Racing,SouthPeak Games,0.53,0.0,0.0,0.04,0.57,63.0,32.0,7.8,16.0,E,0.3333333333333333
Tales of the Abyss,PS2,2005.0,Role-Playing,Namco Bandai Games,0.0,0.0,0.57,0.0,0.57,78.0,22.0,8.4,109.0,T,0.3333333333333333
Payday 2,X360,2013.0,Shooter,505 Games,0.33,0.19,0.0,0.05,0.57,75.0,18.0,6.3,203.0,M,0.3333333333333333
Pro Evolution Soccer 2012,PSP,2011.0,Action,Konami Digital Entertainment,0.11,0.11,0.29,0.07,0.57,74.0,4.0,6.3,8.0,E,0.3333333333333333
Blacksite: Area 51,X360,2007.0,Shooter,Midway Games,0.29,0.22,0.0,0.06,0.57,62.0,48.0,6.1,65.0,T,0.3333333333333333
Spyro Orange: The Cortex Conspiracy,GBA,2004.0,Action,Vivendi Games,0.41,0.15,0.0,0.01,0.57,60.0,25.0,7.0,12.0,E,0.3333333333333333
The Sims 3: World Adventures,PC,2009.0,Simulation,Electronic Arts,0.02,0.18,0.0,0.38,0.57,81.0,31.0,8.0,72.0,T,0.3333333333333333
Madden NFL 06,GC,2005.0,Sports,Electronic Arts,0.44,0.11,0.0,0.02,0.57,86.0,21.0,8.5,11.0,E,0.3333333333333333
BlazBlue: Calamity Trigger,PS3,2009.0,Fighting,PQube,0.36,0.1,0.06,0.06,0.57,87.0,50.0,8.4,112.0,T,0.3333333333333333
Final Fantasy Explorers,3DS,2014.0,Role-Playing,Square Enix,0.17,0.09,0.28,0.03,0.57,69.0,57.0,6.9,89.0,E10+,0.3333333333333333
Iron Man,X360,2008.0,Action,Sega,0.27,0.24,0.0,0.06,0.57,45.0,43.0,5.9,53.0,T,0.3333333333333333
Naruto: Ultimate Ninja 2,PS2,2004.0,Fighting,Namco Bandai Games,0.47,0.02,0.0,0.08,0.57,73.0,27.0,7.9,28.0,T,0.3333333333333333
Mario Party: Star Rush,3DS,2016.0,Misc,Nintendo,0.17,0.25,0.11,0.04,0.57,68.0,38.0,6.6,18.0,E,0.3333333333333333
NHL 10,PS3,2009.0,Sports,Electronic Arts,0.38,0.12,0.0,0.07,0.57,88.0,35.0,7.9,40.0,E10+,0.3333333333333333
Rock Band 3,PS3,2010.0,Misc,MTV Games,0.43,0.09,0.0,0.05,0.57,91.0,34.0,8.0,95.0,T,0.3333333333333333
Blood Wake,X,2001.0,Shooter,Microsoft Game Studios,0.43,0.12,0.0,0.02,0.57,71.0,30.0,7.5,13.0,T,0.3333333333333333
Dynasty Warriors 5: Xtreme Legends,PS2,2005.0,Action,Tecmo Koei,0.11,0.08,0.35,0.03,0.57,57.0,22.0,9.1,26.0,T,0.3333333333333333
Titanfall,PC,2014.0,Shooter,Electronic Arts,0.22,0.3,0.0,0.05,0.57,86.0,29.0,6.2,1733.0,M,0.3333333333333333
LEGO Dimensions,WiiU,2015.0,Action,Warner Bros. Interactive Entertainment,0.31,0.21,0.0,0.05,0.57,62.0,5.0,6.5,29.0,E10+,0.3333333333333333
FIFA World Cup Germany 2006,PS2,2006.0,Sports,Electronic Arts,0.47,0.02,0.0,0.08,0.57,77.0,28.0,8.1,33.0,E,0.3333333333333333
Wreckless: ThE YaKuza MisSiOns,X,2002.0,Racing,Activision,0.42,0.11,0.02,0.02,0.57,74.0,36.0,5.2,13.0,T,0.3333333333333333
Defiance,X360,2013.0,Shooter,Trion Worlds,0.38,0.14,0.0,0.05,0.57,60.0,27.0,7.2,249.0,M,0.3333333333333333
Disgaea 4: A Promise Unforgotten,PS3,2011.0,Role-Playing,Nippon Ichi Software,0.27,0.11,0.14,0.05,0.57,80.0,39.0,7.8,127.0,T,0.3333333333333333
Doom 3 BFG Edition,PS3,2012.0,Shooter,Bethesda Softworks,0.26,0.21,0.0,0.1,0.57,67.0,16.0,6.4,108.0,M,0.3333333333333333
SpongeBob SquarePants: Battle for Bikini Bottom,X,2003.0,Platform,THQ,0.45,0.1,0.0,0.02,0.57,70.0,8.0,8.9,17.0,E,0.3333333333333333
The Conduit,Wii,2009.0,Shooter,Sega,0.28,0.23,0.0,0.06,0.57,69.0,79.0,8.2,258.0,T,0.3333333333333333
Spider-Man 3,X360,2007.0,Platform,Activision,0.49,0.04,0.0,0.04,0.57,63.0,61.0,7.0,54.0,T,0.3333333333333333
Up,Wii,2009.0,Action,THQ,0.22,0.28,0.0,0.06,0.57,62.0,6.0,8.0,4.0,E10+,0.3333333333333333
Disney Universe,X360,2011.0,Action,Disney Interactive Studios,0.37,0.14,0.0,0.05,0.57,66.0,31.0,5.3,13.0,E10+,0.3333333333333333
Top Spin 3,PS3,2008.0,Action,Take-Two Interactive,0.08,0.36,0.0,0.12,0.57,75.0,36.0,7.5,20.0,E,0.3333333333333333
RalliSport Challenge,X,2002.0,Racing,Microsoft Game Studios,0.39,0.16,0.0,0.02,0.57,87.0,32.0,8.3,19.0,E,0.3333333333333333
Resident Evil Outbreak File #2,PS2,2004.0,Action,Capcom,0.19,0.15,0.17,0.05,0.57,58.0,35.0,7.7,71.0,M,0.3333333333333333
XIII,PS2,2003.0,Shooter,Ubisoft,0.28,0.22,0.0,0.07,0.57,73.0,37.0,8.6,35.0,M,0.3333333333333333
Tomb Raider: Anniversary,PSP,2007.0,Action,Eidos Interactive,0.21,0.22,0.0,0.13,0.57,78.0,32.0,8.2,28.0,T,0.3333333333333333
3D Dot Game Heroes,PS3,2009.0,Role-Playing,SouthPeak Games,0.36,0.11,0.03,0.07,0.57,77.0,66.0,8.1,97.0,E10+,0.3333333333333333
Breath of Fire IV,PS,2000.0,Role-Playing,Capcom,0.11,0.08,0.34,0.04,0.56,83.0,10.0,8.9,47.0,T,0.32738095238095244
True Crime: Streets of LA,GC,2003.0,Action,Activision,0.44,0.11,0.0,0.02,0.56,77.0,29.0,7.3,29.0,M,0.32738095238095244
Odin Sphere,PS2,2007.0,Role-Playing,Square Enix,0.23,0.18,0.09,0.06,0.56,83.0,49.0,8.6,60.0,T,0.32738095238095244
The Legend of Spyro: Dawn of the Dragon,Wii,2008.0,Platform,Vivendi Games,0.34,0.17,0.0,0.05,0.56,64.0,11.0,6.5,19.0,E10+,0.32738095238095244
Arena Football,PS2,2006.0,Sports,Electronic Arts,0.28,0.22,0.0,0.07,0.56,66.0,18.0,8.6,14.0,E10+,0.32738095238095244
The Lord of the Rings: The Return of the King,GBA,2003.0,Action,Electronic Arts,0.4,0.15,0.0,0.01,0.56,77.0,13.0,8.2,11.0,T,0.32738095238095244
NHL Hitz 20-02,PS2,2001.0,Sports,Midway Games,0.28,0.22,0.0,0.07,0.56,78.0,18.0,7.6,8.0,E,0.32738095238095244
Classic NES Series: Dr. Mario,GBA,2004.0,Puzzle,Nintendo,0.31,0.11,0.13,0.01,0.56,66.0,10.0,7.5,6.0,E,0.32738095238095244
The Sims: Bustin Out,X,2003.0,Simulation,Electronic Arts,0.4,0.14,0.0,0.02,0.56,81.0,26.0,8.9,12.0,T,0.32738095238095244
NCAA March Madness 07,PS2,2007.0,Sports,Electronic Arts,0.28,0.22,0.0,0.07,0.56,63.0,9.0,8.6,7.0,E,0.32738095238095244
"Warhammer 40,000: Space Marine",X360,2011.0,Shooter,THQ,0.25,0.26,0.0,0.06,0.56,76.0,57.0,7.8,233.0,M,0.32738095238095244
"Monsters, Inc. Scream Team",PS,2001.0,Platform,Sony Computer Entertainment,0.31,0.21,0.0,0.04,0.56,65.0,10.0,6.9,8.0,E,0.32738095238095244
Top Spin 3,X360,2008.0,Action,Take-Two Interactive,0.09,0.4,0.0,0.07,0.56,78.0,47.0,7.6,36.0,E,0.32738095238095244
Cabelas Big Game Hunter 2005 Adventures,PS2,2004.0,Sports,Activision,0.28,0.21,0.0,0.07,0.56,55.0,4.0,8.4,16.0,T,0.32738095238095244
LEGO Rock Band,X360,2009.0,Misc,Warner Bros. Interactive Entertainment,0.4,0.11,0.0,0.05,0.56,71.0,50.0,7.2,31.0,E10+,0.32738095238095244
Battlefield 2: Modern Combat,X,2005.0,Shooter,Electronic Arts,0.39,0.15,0.0,0.02,0.56,80.0,49.0,8.2,29.0,T,0.32738095238095244
Tom Clancys HAWX,PS3,2009.0,Action,Ubisoft,0.21,0.22,0.05,0.09,0.56,74.0,35.0,8.2,40.0,T,0.32738095238095244
All-Star Baseball 2002,PS2,2001.0,Sports,Acclaim Entertainment,0.27,0.21,0.0,0.07,0.56,77.0,16.0,7.6,8.0,E,0.32738095238095244
TMNT,X360,2007.0,Action,Ubisoft,0.48,0.03,0.0,0.05,0.56,58.0,31.0,6.3,32.0,E10+,0.32738095238095244
Need for Speed: Most Wanted,GC,2005.0,Racing,Electronic Arts,0.43,0.11,0.0,0.02,0.56,80.0,18.0,9.1,23.0,T,0.32738095238095244
Bolt,Wii,2008.0,Adventure,Disney Interactive Studios,0.19,0.31,0.0,0.06,0.56,50.0,4.0,5.8,5.0,E10+,0.32738095238095244
WWE Raw 2,X,2003.0,Fighting,THQ,0.43,0.11,0.0,0.02,0.56,68.0,26.0,7.3,25.0,T,0.32738095238095244
Harvest Moon: The Tale of Two Towns,DS,2010.0,Simulation,Natsume,0.26,0.05,0.22,0.03,0.56,68.0,6.0,7.5,13.0,E,0.32738095238095244
Manhunt 2,PS2,2007.0,Action,Take-Two Interactive,0.27,0.21,0.0,0.07,0.56,67.0,22.0,7.8,53.0,M,0.32738095238095244
Fullmetal Alchemist and the Broken Angel,PS2,2003.0,Role-Playing,Square Enix,0.15,0.12,0.26,0.04,0.56,56.0,35.0,8.1,38.0,T,0.32738095238095244
Tony Hawks Project 8,PSP,2006.0,Sports,Activision,0.41,0.07,0.0,0.07,0.56,68.0,11.0,7.6,14.0,T,0.32738095238095244
Batman Begins,PS2,2005.0,Action,Electronic Arts,0.27,0.21,0.0,0.07,0.56,64.0,41.0,7.3,70.0,T,0.32738095238095244
Assassins Creed: Unity,PC,2014.0,Action,Ubisoft,0.18,0.33,0.0,0.04,0.56,70.0,10.0,3.0,1474.0,M,0.32738095238095244
Tony Hawks Proving Ground,X360,2007.0,Sports,Activision,0.49,0.02,0.0,0.04,0.56,72.0,59.0,5.4,44.0,T,0.32738095238095244
Dr. Seuss The Cat in the Hat,PS2,2003.0,Misc,Vivendi Games,0.27,0.21,0.0,0.07,0.56,56.0,6.0,6.5,8.0,E,0.32738095238095244
Barbie Groovy Games,GBA,2002.0,Misc,Universal Interactive,0.4,0.15,0.0,0.01,0.56,47.0,5.0,7.0,4.0,E,0.32738095238095244
Resident Evil: Revelations 2,PS4,2015.0,Action,Capcom,0.14,0.24,0.1,0.07,0.56,75.0,30.0,7.7,287.0,M,0.32738095238095244
Wolfenstein,X360,2009.0,Shooter,Activision,0.28,0.22,0.0,0.06,0.56,72.0,66.0,7.5,128.0,M,0.32738095238095244
Blinx: The Time Sweeper,X,2002.0,Platform,Microsoft Game Studios,0.39,0.15,0.0,0.02,0.56,71.0,36.0,8.0,41.0,E,0.32738095238095244
ESPN NFL Football,PS2,2003.0,Sports,Sega,0.27,0.21,0.0,0.07,0.56,91.0,20.0,8.5,25.0,E,0.32738095238095244
Tetris Party Deluxe,Wii,2010.0,Puzzle,Nintendo,0.33,0.16,0.02,0.05,0.56,72.0,19.0,5.8,4.0,E,0.32738095238095244
Major League Baseball 2K5,X,2005.0,Sports,Take-Two Interactive,0.52,0.02,0.0,0.02,0.56,81.0,25.0,8.2,17.0,E,0.32738095238095244
Gravity Rush,PSV,2012.0,Action,Sony Computer Entertainment,0.21,0.17,0.09,0.08,0.56,83.0,73.0,8.5,635.0,T,0.32738095238095244
Archer Macleans Mercury,PSP,2005.0,Puzzle,Ignition Entertainment,0.17,0.24,0.0,0.14,0.56,75.0,39.0,6.6,21.0,E,0.32738095238095244
Soldier of Fortune: Gold Edition,PS2,2001.0,Shooter,Codemasters,0.27,0.21,0.0,0.07,0.56,59.0,14.0,6.8,17.0,M,0.32738095238095244
Final Fantasy IV: The Complete Collection,PSP,2011.0,Role-Playing,Square Enix,0.13,0.09,0.27,0.06,0.56,77.0,41.0,7.5,80.0,E10+,0.32738095238095244
Pro Evolution Soccer 2017,PS4,2016.0,Sports,Konami Digital Entertainment,0.04,0.34,0.12,0.06,0.56,85.0,62.0,7.5,498.0,E,0.32738095238095244
Frontlines: Fuel of War,X360,2008.0,Shooter,THQ,0.34,0.15,0.01,0.05,0.56,75.0,55.0,7.8,77.0,T,0.32738095238095244
MX 2002 Featuring Ricky Carmichael,PS2,2001.0,Racing,THQ,0.27,0.21,0.0,0.07,0.56,76.0,17.0,8.3,9.0,E,0.32738095238095244
NCAA Football 07,X,2006.0,Sports,Electronic Arts,0.42,0.12,0.0,0.01,0.56,88.0,20.0,6.9,10.0,E,0.32738095238095244
No More Heroes,Wii,2007.0,Action,Rising Star Games,0.29,0.17,0.04,0.05,0.55,83.0,64.0,8.4,259.0,M,0.32142857142857145
Lunar: Silver Star Story Complete,PS,1998.0,Role-Playing,Kadokawa Shoten,0.27,0.18,0.06,0.04,0.55,78.0,15.0,9.1,36.0,T,0.32142857142857145
Hot Shots Golf: World Invitational,PSV,2011.0,Sports,Sony Computer Entertainment,0.15,0.11,0.25,0.05,0.55,76.0,55.0,8.1,77.0,E,0.32142857142857145
God of War: Origins Collection,PS3,2011.0,Action,Sony Computer Entertainment,0.39,0.08,0.02,0.06,0.55,84.0,58.0,8.4,208.0,M,0.32142857142857145
Dora The Explorer: Dora Saves the Snow Princess,Wii,2008.0,Platform,Take-Two Interactive,0.49,0.02,0.0,0.04,0.55,47.0,4.0,7.0,5.0,E,0.32142857142857145
StarCraft II: Legacy of the Void,PC,2015.0,Strategy,Activision,0.22,0.29,0.0,0.04,0.55,88.0,62.0,8.3,835.0,T,0.32142857142857145
Soul Reaver 2,PS2,2001.0,Action,Eidos Interactive,0.27,0.21,0.0,0.07,0.55,80.0,22.0,8.5,35.0,M,0.32142857142857145
Metal Gear Solid 3: Subsistence,PS2,2005.0,Action,Konami Digital Entertainment,0.34,0.01,0.15,0.06,0.55,94.0,53.0,9.3,442.0,M,0.32142857142857145
Enslaved: Odyssey to the West,PS3,2010.0,Action,Namco Bandai Games,0.24,0.22,0.01,0.09,0.55,80.0,53.0,7.5,313.0,T,0.32142857142857145
WWF Raw,X,2002.0,Fighting,THQ,0.4,0.13,0.0,0.02,0.55,68.0,33.0,6.6,15.0,T,0.32142857142857145
Extermination,PS2,2001.0,Action,Sony Computer Entertainment,0.21,0.16,0.12,0.05,0.55,67.0,19.0,7.8,19.0,M,0.32142857142857145
Batman: Vengeance,PS2,2001.0,Adventure,Ubisoft,0.27,0.21,0.0,0.07,0.55,68.0,19.0,6.7,12.0,T,0.32142857142857145
Tony Hawks Pro Skater 3,X,2002.0,Sports,Activision,0.34,0.18,0.0,0.02,0.55,93.0,22.0,8.4,17.0,T,0.32142857142857145
Mega Man Zero,GBA,2002.0,Platform,Capcom,0.22,0.08,0.24,0.01,0.55,82.0,17.0,8.9,31.0,E,0.32142857142857145
NBA 2K8,PS3,2007.0,Sports,Take-Two Interactive,0.5,0.01,0.0,0.05,0.55,81.0,18.0,6.8,19.0,E,0.32142857142857145
Rayman Origins,Wii,2011.0,Platform,Ubisoft,0.21,0.27,0.0,0.06,0.55,92.0,13.0,8.3,129.0,E10+,0.32142857142857145
MX vs. ATV: Alive,X360,2011.0,Racing,THQ,0.37,0.13,0.0,0.04,0.55,63.0,43.0,7.2,24.0,E,0.32142857142857145
Purr Pals,DS,2007.0,Simulation,THQ,0.18,0.35,0.0,0.02,0.55,67.0,4.0,6.8,6.0,E,0.32142857142857145
Shrek 2,X,2004.0,Platform,Activision,0.4,0.13,0.0,0.02,0.55,72.0,31.0,8.4,5.0,E,0.32142857142857145
Assassins Creed II,PC,2010.0,Action,Ubisoft,0.01,0.45,0.0,0.09,0.55,86.0,22.0,6.9,1625.0,M,0.32142857142857145
Tak and the Power of Juju,GBA,2003.0,Platform,THQ,0.39,0.15,0.0,0.01,0.55,79.0,28.0,8.3,21.0,E,0.32142857142857145
Lips: Number One Hits,X360,2009.0,Misc,Microsoft Game Studios,0.15,0.34,0.0,0.06,0.55,70.0,22.0,7.6,7.0,T,0.32142857142857145
Turok: Evolution,X,2002.0,Shooter,Acclaim Entertainment,0.39,0.14,0.0,0.02,0.55,68.0,25.0,6.7,9.0,M,0.32142857142857145
Jak X: Combat Racing,PS2,2005.0,Racing,Sony Computer Entertainment,0.45,0.02,0.0,0.07,0.55,76.0,46.0,7.7,63.0,T,0.32142857142857145
American Idol,PS2,2003.0,Misc,Codemasters,0.27,0.21,0.0,0.07,0.55,41.0,14.0,4.8,12.0,E,0.32142857142857145
Red Dead Revolver,X,2004.0,Shooter,Take-Two Interactive,0.4,0.12,0.0,0.02,0.55,74.0,61.0,8.5,27.0,M,0.32142857142857145
CrossworDS,DS,2008.0,Puzzle,Deep Silver,0.5,0.0,0.0,0.04,0.55,67.0,19.0,6.8,6.0,E,0.32142857142857145
Viva Pinata: Pocket Paradise,DS,2008.0,Simulation,THQ,0.26,0.23,0.0,0.06,0.55,82.0,34.0,7.1,15.0,E,0.32142857142857145
Sly Cooper: Thieves in Time,PS3,2013.0,Platform,Sony Computer Entertainment Europe,0.35,0.12,0.0,0.08,0.54,75.0,69.0,8.3,343.0,E10+,0.3154761904761905
Kirby and the Rainbow Curse,WiiU,2015.0,Platform,Nintendo,0.25,0.14,0.13,0.04,0.54,73.0,72.0,8.0,228.0,E,0.3154761904761905
Spec Ops: The Line,PS3,2012.0,Shooter,Take-Two Interactive,0.19,0.23,0.04,0.08,0.54,77.0,27.0,8.0,351.0,M,0.3154761904761905
Iron Man,PS2,2008.0,Action,Sega,0.36,0.0,0.0,0.19,0.54,47.0,8.0,5.6,15.0,T,0.3154761904761905
F1 2013,PS3,2013.0,Racing,Codemasters,0.01,0.42,0.03,0.09,0.54,77.0,22.0,6.3,41.0,E,0.3154761904761905
The SpongeBob SquarePants Movie,X,2004.0,Platform,THQ,0.4,0.12,0.0,0.02,0.54,74.0,14.0,8.5,8.0,E,0.3154761904761905
NHL 14,PS3,2013.0,Sports,Electronic Arts,0.28,0.17,0.0,0.09,0.54,80.0,22.0,6.0,79.0,E10+,0.3154761904761905
Legends of WrestleMania,PS3,2009.0,Fighting,THQ,0.3,0.16,0.0,0.07,0.54,70.0,43.0,6.5,19.0,T,0.3154761904761905
Tiger Woods PGA Tour 08,X360,2007.0,Sports,Electronic Arts,0.49,0.02,0.0,0.04,0.54,80.0,45.0,7.8,26.0,E,0.3154761904761905
Rock Band 4,XOne,2015.0,Misc,Harmonix Music Systems,0.44,0.04,0.0,0.06,0.54,79.0,27.0,6.4,54.0,T,0.3154761904761905
Dance Dance Revolution Ultramix,X,2003.0,Simulation,Konami Digital Entertainment,0.42,0.11,0.0,0.02,0.54,82.0,24.0,8.8,10.0,E,0.3154761904761905
Crash Tag Team Racing,PS2,2005.0,Racing,Vivendi Games,0.27,0.21,0.0,0.07,0.54,66.0,21.0,7.0,50.0,E10+,0.3154761904761905
Front Mission 4,PS2,2003.0,Strategy,Square Enix,0.14,0.11,0.25,0.04,0.54,75.0,39.0,8.6,22.0,T,0.3154761904761905
Rayman Origins,PSV,2012.0,Platform,Ubisoft,0.12,0.33,0.0,0.09,0.54,88.0,54.0,8.4,300.0,E10+,0.3154761904761905
F.E.A.R.,PS3,2007.0,Shooter,Vivendi Games,0.18,0.26,0.0,0.1,0.54,72.0,31.0,7.4,64.0,M,0.3154761904761905
Enslaved: Odyssey to the West,X360,2010.0,Action,Namco Bandai Games,0.3,0.19,0.0,0.05,0.54,82.0,72.0,7.8,297.0,T,0.3154761904761905
Dragon Ball Z: Shin Budokai,PSP,2006.0,Fighting,Atari,0.26,0.08,0.13,0.07,0.54,70.0,21.0,8.1,19.0,T,0.3154761904761905
Tiger Woods PGA Tour 13,PS3,2012.0,Sports,Electronic Arts,0.24,0.21,0.0,0.08,0.54,75.0,14.0,5.7,9.0,E,0.3154761904761905
Dynasty Warriors: Gundam 3,PS3,2010.0,Action,Tecmo Koei,0.11,0.04,0.36,0.02,0.54,58.0,18.0,7.5,20.0,T,0.3154761904761905
Def Jam: Fight for NY,X,2004.0,Fighting,Electronic Arts,0.43,0.1,0.0,0.02,0.54,84.0,33.0,8.6,14.0,M,0.3154761904761905
Tiger Woods PGA Tour 11,Wii,2010.0,Sports,Electronic Arts,0.23,0.25,0.0,0.06,0.54,84.0,29.0,8.3,23.0,E,0.3154761904761905
NBA Live 10,PS3,2009.0,Sports,Electronic Arts,0.46,0.02,0.01,0.05,0.54,81.0,32.0,7.5,25.0,E,0.3154761904761905
Metro 2033,X360,2010.0,Shooter,THQ,0.22,0.23,0.03,0.05,0.54,77.0,83.0,7.8,354.0,M,0.3154761904761905
Fire Emblem: Path of Radiance,GC,2005.0,Action,Nintendo,0.29,0.08,0.16,0.01,0.54,85.0,42.0,8.9,143.0,T,0.3154761904761905
Hotel Dusk: Room 215,DS,2007.0,Adventure,Nintendo,0.26,0.04,0.22,0.03,0.54,78.0,57.0,8.6,103.0,T,0.3154761904761905
Dragons Crown,PS3,2013.0,Role-Playing,Nippon Ichi Software,0.25,0.07,0.17,0.05,0.54,82.0,62.0,8.3,289.0,T,0.3154761904761905
SSX Tricky,GC,2001.0,Sports,Electronic Arts,0.42,0.11,0.0,0.01,0.54,87.0,20.0,8.6,18.0,E,0.3154761904761905
Greg Hastings Tournament Paintball,X,2004.0,Shooter,Activision,0.46,0.06,0.0,0.02,0.54,74.0,11.0,9.2,42.0,T,0.3154761904761905
ESPN NBA Basketball,PS2,2003.0,Sports,Sega,0.26,0.21,0.0,0.07,0.54,89.0,18.0,8.4,38.0,E,0.3154761904761905
Just Dance 2015,XOne,2014.0,Misc,Ubisoft,0.36,0.13,0.0,0.05,0.54,70.0,17.0,7.5,20.0,E10+,0.3154761904761905
Dragon Ball Z: Ultimate Tenkaichi,X360,2011.0,Fighting,Namco Bandai Games,0.39,0.1,0.01,0.04,0.54,55.0,24.0,5.8,53.0,T,0.3154761904761905
Sacred 2: Fallen Angel,X360,2009.0,Role-Playing,Deep Silver,0.29,0.16,0.04,0.05,0.54,71.0,56.0,7.3,64.0,M,0.3154761904761905
Two Worlds II,X360,2011.0,Role-Playing,SouthPeak Games,0.4,0.07,0.03,0.03,0.54,67.0,50.0,6.6,140.0,M,0.3154761904761905
Over the Hedge,PS2,2006.0,Platform,Activision,0.45,0.02,0.0,0.07,0.54,58.0,29.0,8.6,10.0,E10+,0.3154761904761905
Mat Hoffmans Pro BMX,PS,2001.0,Sports,Activision,0.3,0.2,0.0,0.04,0.54,80.0,15.0,8.6,16.0,E,0.3154761904761905
NHL 14,X360,2013.0,Sports,Electronic Arts,0.4,0.09,0.0,0.05,0.54,81.0,30.0,5.9,92.0,E10+,0.3154761904761905
The Hobbit,PS2,2003.0,Platform,Vivendi Games,0.26,0.2,0.0,0.07,0.54,59.0,17.0,8.6,14.0,E,0.3154761904761905
Harry Potter and the Deathly Hallows - Part 1,Wii,2010.0,Action,Electronic Arts,0.22,0.27,0.0,0.05,0.54,41.0,8.0,5.0,11.0,T,0.3154761904761905
War of the Monsters,PS2,2003.0,Fighting,Sony Computer Entertainment,0.26,0.2,0.0,0.07,0.54,80.0,41.0,8.9,68.0,T,0.3154761904761905
Time Crisis: Razing Storm,PS3,2010.0,Shooter,Namco Bandai Games,0.18,0.2,0.07,0.08,0.54,58.0,49.0,5.9,15.0,T,0.3154761904761905
NBA Street Vol. 2,GC,2003.0,Sports,Electronic Arts,0.41,0.11,0.0,0.01,0.54,88.0,16.0,8.1,7.0,E,0.3154761904761905
The Incredible Hulk: Ultimate Destruction,PS2,2005.0,Action,Vivendi Games,0.26,0.2,0.0,0.07,0.54,83.0,41.0,8.7,38.0,T,0.3154761904761905
Summer Sports: Paradise Island,Wii,2008.0,Sports,Ubisoft,0.48,0.01,0.0,0.04,0.54,46.0,7.0,4.6,7.0,E,0.3154761904761905
Time Crisis II,PS2,2001.0,Shooter,Namco Bandai Games,0.26,0.2,0.0,0.07,0.53,81.0,21.0,7.9,20.0,T,0.30952380952380953
NCAA March Madness 06,PS2,2005.0,Sports,Electronic Arts,0.45,0.02,0.0,0.07,0.53,78.0,19.0,9.1,13.0,E,0.30952380952380953
Valkyria Chronicles II,PSP,2010.0,Role-Playing,Sega,0.12,0.15,0.18,0.09,0.53,83.0,54.0,8.1,67.0,T,0.30952380952380953
Tatsunoko vs. Capcom: Ultimate All-Stars,Wii,2010.0,Fighting,Capcom,0.3,0.15,0.03,0.05,0.53,85.0,62.0,8.8,85.0,T,0.30952380952380953
Rune Factory: A Fantasy Harvest Moon,DS,2006.0,Role-Playing,Rising Star Games,0.35,0.01,0.14,0.03,0.53,78.0,26.0,8.1,52.0,E,0.30952380952380953
Legacy of Kain: Defiance,PS2,2003.0,Action,Eidos Interactive,0.26,0.2,0.0,0.07,0.53,75.0,34.0,9.3,49.0,M,0.30952380952380953
Battlefield 1,PC,2016.0,Shooter,Electronic Arts,0.17,0.32,0.0,0.04,0.53,88.0,54.0,7.5,1263.0,M,0.30952380952380953
007 Racing,PS,2000.0,Racing,Electronic Arts,0.3,0.2,0.0,0.03,0.53,51.0,16.0,4.6,14.0,T,0.30952380952380953
NCAA March Madness 2005,PS2,2004.0,Sports,Electronic Arts,0.44,0.02,0.0,0.07,0.53,78.0,19.0,8.3,13.0,E,0.30952380952380953
Tactics Ogre: Let Us Cling Together,PSP,2010.0,Role-Playing,Square Enix,0.15,0.07,0.27,0.05,0.53,87.0,49.0,8.7,102.0,T,0.30952380952380953
Conflict: Vietnam,PS2,2004.0,Shooter,SCi,0.26,0.2,0.0,0.07,0.53,58.0,24.0,8.1,21.0,M,0.30952380952380953
Manhunt 2,Wii,2007.0,Action,Take-Two Interactive,0.25,0.23,0.0,0.06,0.53,62.0,38.0,7.1,46.0,M,0.30952380952380953
MLB SlugFest 20-04,PS2,2003.0,Sports,Midway Games,0.26,0.2,0.0,0.07,0.53,78.0,23.0,8.3,8.0,E,0.30952380952380953
Blitz: The League,X,2004.0,Sports,Midway Games,0.4,0.11,0.0,0.02,0.53,78.0,30.0,7.7,14.0,M,0.30952380952380953
Peter Jacksons King Kong: The Official Game of the Movie,X,2005.0,Action,Ubisoft,0.34,0.17,0.0,0.02,0.53,82.0,43.0,8.5,11.0,T,0.30952380952380953
Burnout Revenge,X,2005.0,Racing,Electronic Arts,0.32,0.19,0.0,0.01,0.53,89.0,65.0,8.4,66.0,E10+,0.30952380952380953
Medal of Honor: European Assault,X,2005.0,Shooter,Electronic Arts,0.32,0.19,0.0,0.02,0.53,72.0,42.0,7.0,15.0,T,0.30952380952380953
Ty the Tasmanian Tiger 2: Bush Rescue,PS2,2004.0,Platform,Electronic Arts,0.26,0.2,0.0,0.07,0.53,71.0,24.0,8.2,22.0,E,0.30952380952380953
The Lord of the Rings: The Fellowship of the Ring,X,2002.0,Action,Universal Interactive,0.31,0.19,0.0,0.03,0.53,59.0,23.0,6.6,10.0,T,0.30952380952380953
NBA 06,PS2,2005.0,Sports,Sony Computer Entertainment,0.26,0.2,0.0,0.07,0.53,63.0,26.0,6.3,27.0,E,0.30952380952380953
Inazuma Eleven,DS,2008.0,Role-Playing,Nintendo,0.0,0.13,0.38,0.02,0.53,74.0,11.0,8.5,11.0,E,0.30952380952380953
Excite Truck,Wii,2006.0,Racing,Nintendo,0.39,0.03,0.08,0.04,0.53,72.0,57.0,8.4,83.0,E,0.30952380952380953
Bulletstorm,PS3,2011.0,Shooter,Electronic Arts,0.24,0.2,0.01,0.09,0.53,83.0,57.0,7.7,288.0,M,0.30952380952380953
Magicians Quest: Mysterious Times,DS,2008.0,Role-Playing,Konami Digital Entertainment,0.04,0.01,0.48,0.0,0.53,69.0,13.0,7.6,9.0,E10+,0.30952380952380953
X-Men Legends,GC,2004.0,Role-Playing,Activision,0.41,0.11,0.0,0.01,0.53,81.0,36.0,8.4,12.0,T,0.30952380952380953
Plants vs. Zombies: Garden Warfare 2,PS4,2016.0,Shooter,Electronic Arts,0.21,0.23,0.0,0.09,0.53,81.0,29.0,7.7,114.0,E10+,0.30952380952380953
ModNation Racers,PSP,2010.0,Racing,Sony Computer Entertainment,0.11,0.26,0.02,0.14,0.53,73.0,22.0,7.7,22.0,E,0.30952380952380953
LEGO Jurassic World,WiiU,2015.0,Action,Warner Bros. Interactive Entertainment,0.27,0.19,0.03,0.04,0.53,71.0,5.0,8.1,14.0,E10+,0.30952380952380953
WWE SmackDown vs. Raw 2010,DS,2009.0,Fighting,THQ,0.35,0.13,0.0,0.05,0.53,75.0,7.0,8.3,4.0,T,0.30952380952380953
Oni,PS2,2001.0,Action,Take-Two Interactive,0.26,0.2,0.0,0.07,0.53,69.0,24.0,7.8,23.0,T,0.30952380952380953
Tom Clancys Ghost Recon Advanced Warfighter 2,PSP,2007.0,Shooter,Ubisoft,0.35,0.09,0.0,0.08,0.53,61.0,12.0,6.4,9.0,T,0.30952380952380953
SpongeBob SquarePants featuring Nicktoons: Globs of Doom,Wii,2008.0,Action,THQ,0.49,0.0,0.0,0.04,0.53,47.0,5.0,5.4,10.0,E,0.30952380952380953
Terminator Salvation,PS3,2009.0,Shooter,Warner Bros. Interactive Entertainment,0.13,0.28,0.01,0.1,0.53,43.0,41.0,3.9,71.0,T,0.30952380952380953
Disgaea 3: Absence of Justice,PS3,2008.0,Role-Playing,Square Enix,0.34,0.03,0.11,0.04,0.53,78.0,51.0,7.5,150.0,T,0.30952380952380953
The Lord of the Rings: The Two Towers,GC,2002.0,Action,Electronic Arts,0.41,0.11,0.0,0.01,0.53,82.0,13.0,8.7,23.0,T,0.30952380952380953
Batman: Arkham City,PC,2011.0,Action,Warner Bros. Interactive Entertainment,0.16,0.28,0.0,0.09,0.53,91.0,27.0,8.6,1861.0,T,0.30952380952380953
Skylanders: SuperChargers,WiiU,2015.0,Action,Activision,0.28,0.21,0.0,0.05,0.53,87.0,13.0,5.6,65.0,E10+,0.30952380952380953
Juiced,PS2,2005.0,Racing,THQ,0.26,0.2,0.0,0.07,0.53,68.0,36.0,7.7,24.0,T,0.30952380952380953
The Warriors,PS2,2005.0,Action,Take-Two Interactive,0.44,0.02,0.0,0.07,0.53,84.0,52.0,8.5,73.0,M,0.30952380952380953
Star Fox Command,DS,2006.0,Shooter,Nintendo,0.38,0.01,0.1,0.04,0.53,76.0,56.0,7.3,56.0,E10+,0.30952380952380953
Return to Castle Wolfenstein: Operation Resurrection,PS2,2003.0,Shooter,Activision,0.26,0.2,0.0,0.07,0.53,66.0,21.0,8.0,23.0,M,0.30952380952380953
Mario Tennis: Power Tour,GBA,2005.0,Sports,Nintendo,0.24,0.09,0.19,0.01,0.52,81.0,21.0,8.0,25.0,E,0.3035714285714286
Seaman,DC,1999.0,Simulation,Sega,0.0,0.0,0.52,0.0,0.52,82.0,24.0,8.4,16.0,T,0.3035714285714286
Rory McIlroy PGA Tour,PS4,2015.0,Action,Electronic Arts,0.19,0.25,0.0,0.09,0.52,61.0,33.0,3.7,78.0,E,0.3035714285714286
Michael Jackson: The Experience,PS3,2011.0,Misc,Ubisoft,0.25,0.19,0.0,0.08,0.52,66.0,11.0,8.4,16.0,E10+,0.3035714285714286
Lords of the Fallen,PS4,2014.0,Role-Playing,Square Enix,0.18,0.24,0.02,0.08,0.52,68.0,45.0,6.5,436.0,M,0.3035714285714286
Stuntman: Ignition,PS3,2007.0,Racing,THQ,0.17,0.26,0.0,0.1,0.52,76.0,18.0,6.2,12.0,T,0.3035714285714286
F.E.A.R. 2: Project Origin,X360,2009.0,Shooter,Warner Bros. Interactive Entertainment,0.32,0.15,0.0,0.05,0.52,77.0,68.0,8.0,114.0,M,0.3035714285714286
Madden NFL 07,PS3,2006.0,Sports,Electronic Arts,0.47,0.0,0.01,0.04,0.52,76.0,25.0,4.2,22.0,E,0.3035714285714286
Mystery Dungeon: Shiren the Wanderer,DS,2006.0,Role-Playing,Sega,0.17,0.0,0.33,0.02,0.52,69.0,27.0,8.2,21.0,E,0.3035714285714286
GT Pro Series,Wii,2006.0,Racing,Ubisoft,0.46,0.01,0.02,0.04,0.52,41.0,15.0,4.0,21.0,E,0.3035714285714286
Tiger Woods PGA Tour 11,X360,2010.0,Sports,Electronic Arts,0.28,0.19,0.0,0.05,0.52,79.0,51.0,7.8,19.0,E,0.3035714285714286
The Golden Compass,PS2,2007.0,Action,Sega,0.13,0.0,0.0,0.39,0.52,46.0,10.0,5.2,6.0,E10+,0.3035714285714286
Final Fantasy Chronicles,PS,2001.0,Role-Playing,Square,0.29,0.2,0.0,0.03,0.52,89.0,15.0,9.1,37.0,T,0.3035714285714286
F1 2009,PSP,2009.0,Racing,Codemasters,0.08,0.29,0.0,0.16,0.52,68.0,23.0,7.2,14.0,E,0.3035714285714286
Tales of Symphonia: Dawn of the New World,Wii,2008.0,Role-Playing,Namco Bandai Games,0.21,0.04,0.24,0.02,0.52,68.0,46.0,7.1,94.0,T,0.3035714285714286
Syphon Filter 3,PS,2001.0,Shooter,Sony Computer Entertainment,0.29,0.2,0.0,0.03,0.52,73.0,19.0,8.5,36.0,M,0.3035714285714286
Metal Gear Solid 2: Substance,PS2,2002.0,Action,Konami Digital Entertainment,0.18,0.14,0.16,0.05,0.52,87.0,17.0,9.0,126.0,M,0.3035714285714286
NBA Live 08,X360,2007.0,Sports,Electronic Arts,0.47,0.0,0.0,0.04,0.52,73.0,37.0,5.3,19.0,E,0.3035714285714286
We Love Katamari,PS2,2005.0,Puzzle,Electronic Arts,0.26,0.2,0.0,0.07,0.52,86.0,61.0,8.9,51.0,E,0.3035714285714286
Sesame Street: Once Upon A Monster,X360,2011.0,Misc,Warner Bros. Interactive Entertainment,0.39,0.09,0.0,0.04,0.52,79.0,26.0,6.9,22.0,E,0.3035714285714286
NCAA Football 2003,X,2002.0,Sports,Electronic Arts,0.39,0.11,0.0,0.02,0.52,90.0,14.0,8.2,15.0,E,0.3035714285714286
We Cheer,Wii,2008.0,Simulation,505 Games,0.47,0.0,0.0,0.04,0.52,56.0,12.0,7.3,13.0,E10+,0.3035714285714286
NBA Live 09,PS3,2008.0,Sports,Electronic Arts,0.46,0.0,0.02,0.04,0.52,75.0,32.0,7.8,15.0,E,0.3035714285714286
SingStar Dance,PS3,2010.0,Misc,Sony Computer Entertainment,0.09,0.31,0.0,0.11,0.52,65.0,21.0,3.9,8.0,T,0.3035714285714286
Tomb Raider: Legend,PS2,2006.0,Action,Eidos Interactive,0.25,0.19,0.02,0.06,0.52,82.0,43.0,7.2,99.0,T,0.3035714285714286
Silent Hill: Origins,PSP,2007.0,Action,Konami Digital Entertainment,0.22,0.15,0.04,0.1,0.52,78.0,40.0,7.8,107.0,M,0.3035714285714286
Freedom Fighters,PS2,2003.0,Shooter,Electronic Arts,0.25,0.2,0.0,0.07,0.52,81.0,26.0,8.4,57.0,T,0.3035714285714286
Gun,X,2005.0,Shooter,Activision,0.38,0.12,0.0,0.02,0.52,79.0,55.0,7.8,29.0,M,0.3035714285714286
Fight Night Round 3,PSP,2006.0,Fighting,Electronic Arts,0.46,0.01,0.0,0.04,0.52,74.0,22.0,8.1,22.0,T,0.3035714285714286
The Punisher,PS2,2005.0,Action,THQ,0.25,0.2,0.0,0.07,0.52,68.0,44.0,8.2,56.0,M,0.3035714285714286
SSX On Tour,PS2,2005.0,Sports,Electronic Arts,0.25,0.2,0.0,0.07,0.52,80.0,41.0,7.9,26.0,E,0.3035714285714286
The Sims 2: Open for Business,PC,2006.0,Simulation,Electronic Arts,0.46,0.05,0.0,0.0,0.52,78.0,29.0,8.6,35.0,T,0.3035714285714286
Rune Factory 2: A Fantasy Harvest Moon,DS,2008.0,Role-Playing,Rising Star Games,0.32,0.03,0.15,0.03,0.52,77.0,14.0,7.9,30.0,E,0.3035714285714286
Way of the Samurai 3,PS3,2008.0,Action,Gamebridge,0.18,0.08,0.22,0.04,0.52,58.0,18.0,7.9,22.0,M,0.3035714285714286
Tony Hawks Pro Skater 3,GBA,2002.0,Sports,Activision,0.37,0.14,0.0,0.01,0.52,90.0,20.0,8.0,6.0,E,0.3035714285714286
Harry Potter and the Prisoner of Azkaban,GBA,2004.0,Action,Electronic Arts,0.37,0.14,0.0,0.01,0.52,69.0,11.0,8.2,13.0,E,0.3035714285714286
SimAnimals,DS,2009.0,Simulation,Electronic Arts,0.26,0.2,0.0,0.05,0.52,70.0,10.0,7.5,4.0,E,0.3035714285714286
NBA Live 2002,PS,2001.0,Sports,Electronic Arts,0.29,0.19,0.0,0.03,0.52,81.0,6.0,8.8,9.0,E,0.3035714285714286
The 3rd Birthday,PSP,2010.0,Role-Playing,Square Enix,0.13,0.07,0.27,0.05,0.51,71.0,56.0,6.1,113.0,M,0.2976190476190476
Way of the Samurai,PS2,2002.0,Action,Eidos Interactive,0.13,0.1,0.25,0.03,0.51,74.0,22.0,8.2,19.0,M,0.2976190476190476
Alien: Isolation,XOne,2014.0,Shooter,Sega,0.23,0.24,0.0,0.04,0.51,78.0,24.0,7.9,318.0,M,0.2976190476190476
Epic Mickey 2: The Power of Two,X360,2012.0,Action,Disney Interactive Studios,0.32,0.15,0.0,0.04,0.51,59.0,35.0,5.5,22.0,E,0.2976190476190476
Kung Fu Panda,PS3,2008.0,Action,Activision,0.21,0.21,0.0,0.09,0.51,76.0,23.0,7.3,18.0,E10+,0.2976190476190476
Spectrobes: Beyond the Portals,DS,2008.0,Role-Playing,Disney Interactive Studios,0.36,0.11,0.0,0.04,0.51,70.0,26.0,7.7,14.0,E10+,0.2976190476190476
Pac-Man Fever,PS2,2001.0,Misc,Sony Computer Entertainment,0.25,0.2,0.0,0.07,0.51,47.0,14.0,6.3,7.0,E,0.2976190476190476
HSX HyperSonic.Xtreme,PS2,2002.0,Racing,Midas Interactive Entertainment,0.25,0.2,0.0,0.07,0.51,53.0,17.0,8.4,8.0,E,0.2976190476190476
Lair,PS3,2007.0,Action,Sony Computer Entertainment,0.36,0.03,0.08,0.04,0.51,53.0,55.0,6.4,230.0,T,0.2976190476190476
Naruto Shippuden: Ultimate Ninja Storm 3,X360,2013.0,Fighting,Namco Bandai Games,0.3,0.16,0.01,0.05,0.51,70.0,16.0,7.6,67.0,T,0.2976190476190476
Dishonored,PC,2012.0,Action,Bethesda Softworks,0.26,0.19,0.0,0.06,0.51,91.0,29.0,8.4,3441.0,M,0.2976190476190476
Madden NFL 2004,GC,2003.0,Sports,Electronic Arts,0.4,0.1,0.0,0.01,0.51,94.0,19.0,7.7,17.0,E,0.2976190476190476
Soul Sacrifice,PSV,2013.0,Role-Playing,Sony Computer Entertainment,0.15,0.08,0.22,0.06,0.51,77.0,71.0,8.2,298.0,M,0.2976190476190476
Summoner,PS2,2000.0,Role-Playing,THQ,0.25,0.2,0.0,0.07,0.51,74.0,16.0,7.8,12.0,T,0.2976190476190476
DC Universe Online,PS3,2011.0,Role-Playing,Sony Online Entertainment,0.35,0.11,0.0,0.06,0.51,67.0,46.0,7.4,139.0,T,0.2976190476190476
NBA Live 07,PSP,2006.0,Sports,Electronic Arts,0.47,0.0,0.0,0.04,0.51,64.0,9.0,7.5,4.0,E,0.2976190476190476
IL-2 Sturmovik: Birds of Prey,X360,2009.0,Simulation,505 Games,0.23,0.23,0.0,0.05,0.51,80.0,43.0,8.4,18.0,T,0.2976190476190476
The Walking Dead: Survival Instinct,PS3,2013.0,Shooter,Activision,0.28,0.15,0.0,0.08,0.51,34.0,14.0,3.6,196.0,M,0.2976190476190476
Major League Baseball 2K10,X360,2010.0,Sports,Take-Two Interactive,0.47,0.0,0.0,0.04,0.51,76.0,26.0,7.6,38.0,E,0.2976190476190476
Alice in Wonderland,Wii,2010.0,Adventure,Disney Interactive Studios,0.25,0.21,0.0,0.05,0.51,69.0,18.0,7.4,13.0,E10+,0.2976190476190476
Ratatouille,PS3,2007.0,Action,THQ,0.09,0.32,0.0,0.1,0.51,55.0,8.0,4.8,4.0,E,0.2976190476190476
Pro Evolution Soccer 2010,Wii,2009.0,Sports,Konami Digital Entertainment,0.12,0.27,0.06,0.05,0.51,82.0,13.0,8.4,17.0,E,0.2976190476190476
NBA Live 2004,X,2003.0,Sports,Electronic Arts,0.44,0.04,0.0,0.02,0.51,85.0,19.0,8.2,11.0,E,0.2976190476190476
Iron Man,DS,2008.0,Action,Sega,0.35,0.12,0.0,0.05,0.51,56.0,10.0,7.0,4.0,E10+,0.2976190476190476
Disney's Kim Possible: Revenge of Monkey Fist,GBA,2002.0,Platform,THQ,0.37,0.14,0.0,0.01,0.51,62.0,4.0,8.8,8.0,E,0.2976190476190476
Naruto Shippuden: Clash of Ninja Revolution 3,Wii,2009.0,Fighting,Nintendo,0.44,0.03,0.0,0.04,0.51,74.0,23.0,8.1,21.0,T,0.2976190476190476
Ace Combat Zero: The Belkan War,PS2,2006.0,Simulation,Namco Bandai Games,0.15,0.12,0.2,0.04,0.51,75.0,45.0,8.4,55.0,T,0.2976190476190476
Dragon Age: Origins,PC,2009.0,Role-Playing,Electronic Arts,0.0,0.46,0.0,0.05,0.51,91.0,67.0,8.6,3564.0,M,0.2976190476190476
Dynasty Warriors,PSP,2004.0,Action,Tecmo Koei,0.18,0.0,0.3,0.02,0.51,62.0,26.0,7.3,24.0,T,0.2976190476190476
SoulCalibur: Broken Destiny,PSP,2009.0,Fighting,Namco Bandai Games,0.12,0.2,0.07,0.12,0.51,80.0,52.0,6.2,45.0,T,0.2976190476190476
NHL 07,PS2,2006.0,Sports,Electronic Arts,0.42,0.02,0.0,0.07,0.51,76.0,11.0,4.6,51.0,E10+,0.2976190476190476
Dragon Ball: Raging Blast,X360,2009.0,Fighting,Namco Bandai Games,0.36,0.08,0.02,0.04,0.51,56.0,29.0,7.5,33.0,T,0.2976190476190476
The BIGS,PS2,2007.0,Sports,Take-Two Interactive,0.25,0.19,0.0,0.06,0.51,71.0,4.0,4.8,4.0,E,0.2976190476190476
Dragon Ball Z: Supersonic Warriors,GBA,2004.0,Fighting,Atari,0.36,0.13,0.0,0.01,0.51,73.0,26.0,7.0,21.0,T,0.2976190476190476
Bravely Second: End Layer,3DS,2015.0,Role-Playing,Nintendo,0.19,0.11,0.19,0.03,0.51,81.0,70.0,7.4,108.0,T,0.2976190476190476
NBA Ballers,X,2004.0,Sports,Midway Games,0.37,0.11,0.0,0.02,0.51,82.0,35.0,8.1,8.0,E,0.2976190476190476
Silent Hill 4: The Room,PS2,2004.0,Action,Konami Digital Entertainment,0.25,0.19,0.0,0.06,0.51,76.0,54.0,7.8,191.0,M,0.2976190476190476
Capcom Classics Collection,PS2,2005.0,Misc,Capcom,0.22,0.17,0.05,0.06,0.51,78.0,30.0,8.4,5.0,T,0.2976190476190476
Tiger Woods PGA Tour 13,X360,2012.0,Sports,Electronic Arts,0.29,0.18,0.0,0.04,0.51,77.0,47.0,5.6,39.0,E,0.2976190476190476
The Saboteur,X360,2009.0,Action,Electronic Arts,0.26,0.2,0.0,0.05,0.51,73.0,69.0,8.2,141.0,M,0.2976190476190476
Sonic Riders,PS2,2006.0,Racing,Sega,0.42,0.02,0.0,0.07,0.5,55.0,41.0,7.2,25.0,E,0.2916666666666667
Looney Tunes: Back in Action,PS2,2003.0,Platform,Warner Bros. Interactive Entertainment,0.25,0.19,0.0,0.06,0.5,51.0,9.0,7.5,6.0,E,0.2916666666666667
NHL 09,X360,2008.0,Sports,Electronic Arts,0.45,0.01,0.0,0.04,0.5,88.0,41.0,8.4,61.0,E10+,0.2916666666666667
Bully: Scholarship Edition,Wii,2008.0,Action,Take-Two Interactive,0.17,0.28,0.0,0.06,0.5,83.0,34.0,8.4,60.0,T,0.2916666666666667
WWE SmackDown vs. RAW 2007,X360,2006.0,Fighting,THQ,0.44,0.03,0.0,0.04,0.5,81.0,50.0,7.8,46.0,T,0.2916666666666667
Midnight Club II,X,2003.0,Racing,Take-Two Interactive,0.42,0.06,0.0,0.02,0.5,86.0,33.0,7.6,12.0,T,0.2916666666666667
Ratatouille,Wii,2007.0,Action,THQ,0.43,0.03,0.0,0.04,0.5,62.0,16.0,6.7,12.0,E,0.2916666666666667
Avatar: The Last Airbender,GC,2006.0,Adventure,THQ,0.39,0.1,0.0,0.01,0.5,60.0,10.0,6.5,4.0,E10+,0.2916666666666667
The Mummy Returns,PS2,2001.0,Action,Universal Interactive,0.25,0.19,0.0,0.06,0.5,44.0,13.0,7.0,11.0,T,0.2916666666666667
Hitman: Blood Money,PS2,2006.0,Action,Eidos Interactive,0.25,0.19,0.0,0.06,0.5,83.0,36.0,8.4,105.0,M,0.2916666666666667
Lost: Via Domus,PS3,2008.0,Action,Ubisoft,0.19,0.22,0.0,0.09,0.5,54.0,30.0,6.7,29.0,T,0.2916666666666667
Picross DS,DS,2007.0,Puzzle,Nintendo,0.17,0.02,0.3,0.02,0.5,83.0,33.0,8.7,36.0,E,0.2916666666666667
Crash: Mind Over Mutant,PS2,2008.0,Platform,Vivendi Games,0.25,0.19,0.0,0.06,0.5,73.0,7.0,6.5,37.0,E10+,0.2916666666666667
Activision Anthology,PS2,2002.0,Misc,Activision,0.25,0.19,0.0,0.06,0.5,75.0,13.0,7.7,6.0,E,0.2916666666666667
Final Fantasy II Anniversary Edition,PSP,2007.0,Role-Playing,Square Enix,0.36,0.02,0.07,0.04,0.5,63.0,31.0,7.1,24.0,T,0.2916666666666667
Pro Evolution Soccer 2012,X360,2011.0,Action,Konami Digital Entertainment,0.1,0.34,0.0,0.07,0.5,78.0,36.0,6.6,55.0,E,0.2916666666666667
Test Drive Unlimited,PSP,2007.0,Racing,Atari,0.08,0.27,0.0,0.15,0.5,80.0,18.0,7.3,29.0,E10+,0.2916666666666667
Unit 13,PSV,2012.0,Shooter,Sony Computer Entertainment,0.25,0.13,0.04,0.07,0.5,71.0,60.0,7.5,169.0,T,0.2916666666666667
R.U.S.E.,PS3,2010.0,Strategy,Ubisoft,0.18,0.22,0.02,0.08,0.5,76.0,37.0,7.3,50.0,T,0.2916666666666667
Theatrhythm: Final Fantasy,3DS,2012.0,Misc,Square Enix,0.22,0.07,0.18,0.02,0.5,78.0,60.0,7.8,113.0,E10+,0.2916666666666667
Goldeneye 007: Reloaded,X360,2011.0,Shooter,Activision,0.25,0.2,0.0,0.05,0.5,72.0,56.0,6.0,96.0,T,0.2916666666666667
Star Wars: Jedi Starfighter,PS2,2002.0,Simulation,Activision,0.24,0.19,0.0,0.06,0.5,81.0,22.0,8.3,8.0,T,0.2916666666666667
Tactics Ogre: The Knight of Lodis,GBA,2001.0,Role-Playing,Nintendo,0.13,0.05,0.31,0.01,0.5,88.0,20.0,9.1,26.0,E,0.2916666666666667
Sega Bass Fishing,Wii,2008.0,Sports,Sega,0.45,0.01,0.0,0.04,0.5,59.0,29.0,5.8,10.0,E,0.2916666666666667
Dead or Alive Ultimate,X,2004.0,Fighting,Tecmo Koei,0.3,0.1,0.08,0.02,0.5,83.0,64.0,8.7,25.0,M,0.2916666666666667
Major League Baseball 2K12,X360,2012.0,Sports,Take-Two Interactive,0.47,0.0,0.0,0.03,0.5,68.0,19.0,6.4,22.0,E,0.2916666666666667
RPG Maker,PS,1997.0,Role-Playing,ASCII Entertainment,0.11,0.07,0.29,0.03,0.5,66.0,11.0,8.2,9.0,E,0.2916666666666667
Until Dawn: Rush of Blood,PS4,2016.0,Adventure,Sony Computer Entertainment,0.24,0.17,0.0,0.09,0.5,72.0,50.0,8.1,77.0,M,0.2916666666666667
Dance Dance Revolution Universe 2,X360,2007.0,Simulation,Konami Digital Entertainment,0.46,0.0,0.0,0.04,0.5,65.0,10.0,7.4,5.0,E10+,0.2916666666666667
Burnout Revenge,X360,2006.0,Racing,Electronic Arts,0.42,0.04,0.0,0.04,0.5,89.0,61.0,8.1,141.0,E10+,0.2916666666666667
The Adventures of Jimmy Neutron Boy Genius: Attack of the Twonkies,PS2,2004.0,Action,THQ,0.24,0.19,0.0,0.06,0.5,65.0,8.0,7.3,8.0,E,0.2916666666666667
Monster Hunter,PS2,2004.0,Role-Playing,Capcom,0.11,0.08,0.28,0.03,0.5,68.0,37.0,8.9,46.0,T,0.2916666666666667
NBA Street Homecourt,X360,2007.0,Sports,Electronic Arts,0.45,0.01,0.0,0.04,0.5,80.0,42.0,8.2,30.0,E,0.2916666666666667
SplashDown: Rides Gone Wild,PS2,2003.0,Racing,THQ,0.24,0.19,0.0,0.06,0.5,80.0,25.0,8.7,16.0,E,0.2916666666666667
Tony Hawks Underground 2,GC,2004.0,Sports,Activision,0.38,0.1,0.0,0.01,0.5,82.0,30.0,8.9,17.0,T,0.2916666666666667
Shrek SuperSlam,PS2,2005.0,Action,Activision,0.24,0.19,0.0,0.06,0.5,67.0,21.0,9.0,26.0,E10+,0.2916666666666667
Deus Ex: Mankind Divided,PS4,2016.0,Role-Playing,Square Enix,0.19,0.22,0.0,0.08,0.5,84.0,59.0,7.6,536.0,M,0.2916666666666667
Rayman Advance,GBA,2001.0,Platform,Ubisoft,0.36,0.13,0.0,0.01,0.5,84.0,17.0,8.4,16.0,E,0.2916666666666667
Wet,X360,2009.0,Shooter,Bethesda Softworks,0.23,0.21,0.01,0.05,0.5,69.0,79.0,7.3,86.0,M,0.2916666666666667
Fantastic 4,PS2,2005.0,Action,Activision,0.41,0.01,0.0,0.07,0.5,64.0,42.0,7.8,19.0,T,0.2916666666666667
Men in Black II: Alien Escape,PS2,2002.0,Shooter,Infogrames,0.24,0.19,0.0,0.06,0.5,50.0,19.0,7.3,6.0,T,0.2916666666666667
Alice: Madness Returns,X360,2011.0,Adventure,Electronic Arts,0.27,0.14,0.04,0.04,0.5,70.0,67.0,8.1,157.0,M,0.2916666666666667
Spider-Man 2,DS,2004.0,Action,Activision,0.41,0.02,0.03,0.04,0.5,61.0,46.0,5.0,6.0,E,0.2916666666666667
Madden NFL 07,Wii,2006.0,Sports,Electronic Arts,0.46,0.0,0.0,0.04,0.5,81.0,35.0,8.0,16.0,E,0.2916666666666667
Ridge Racer 3D,3DS,2011.0,Racing,Namco Bandai Games,0.19,0.15,0.12,0.03,0.49,75.0,59.0,7.2,56.0,E,0.2857142857142857
Picross 3D,DS,2009.0,Puzzle,Nintendo,0.28,0.03,0.16,0.02,0.49,83.0,35.0,8.4,33.0,E,0.2857142857142857
Dynasty Warriors: Gundam 2,PS3,2008.0,Action,Namco Bandai Games,0.09,0.06,0.32,0.03,0.49,54.0,22.0,7.0,28.0,T,0.2857142857142857
Super Monkey Ball 3D,3DS,2011.0,Action,Sega,0.26,0.15,0.05,0.04,0.49,55.0,57.0,5.5,31.0,E,0.2857142857142857
SpongeBob SquarePants: Creature from the Krusty Kra,Wii,2006.0,Platform,THQ,0.44,0.02,0.0,0.04,0.49,57.0,16.0,5.6,7.0,E,0.2857142857142857
F1 2012,X360,2012.0,Racing,Codemasters,0.1,0.34,0.0,0.05,0.49,84.0,42.0,6.9,56.0,E,0.2857142857142857
Tony Hawks Project 8,X360,2006.0,Sports,Activision,0.44,0.02,0.0,0.04,0.49,81.0,65.0,7.6,38.0,T,0.2857142857142857
Sonic Lost World,3DS,2013.0,Platform,Sega,0.24,0.14,0.07,0.04,0.49,59.0,34.0,6.4,145.0,E10+,0.2857142857142857
Bleach: Soul Resurreccion,PS3,2011.0,Fighting,Nippon Ichi Software,0.27,0.1,0.07,0.05,0.49,58.0,34.0,7.1,47.0,T,0.2857142857142857
Dragon Ball Z: Supersonic Warriors 2,DS,2005.0,Fighting,Atari,0.13,0.02,0.32,0.02,0.49,66.0,13.0,7.6,28.0,E10+,0.2857142857142857
The Matrix: Path of Neo,PS2,2005.0,Action,Atari,0.41,0.01,0.0,0.07,0.49,69.0,42.0,7.9,42.0,T,0.2857142857142857
NHL 16,XOne,2015.0,Sports,Electronic Arts,0.39,0.05,0.0,0.05,0.49,80.0,18.0,6.0,81.0,E10+,0.2857142857142857
Boogie,Wii,2007.0,Misc,Electronic Arts,0.43,0.03,0.0,0.04,0.49,57.0,37.0,5.3,54.0,E10+,0.2857142857142857
WWE Wrestlemania X8,GC,2002.0,Fighting,THQ,0.38,0.1,0.0,0.01,0.49,64.0,25.0,6.9,20.0,T,0.2857142857142857
GoldenEye: Rogue Agent,X,2004.0,Shooter,Electronic Arts,0.34,0.13,0.0,0.02,0.49,61.0,55.0,7.2,20.0,T,0.2857142857142857
Fire Emblem: Radiant Dawn,Wii,2007.0,Strategy,Nintendo,0.27,0.03,0.17,0.03,0.49,78.0,36.0,8.7,180.0,E10+,0.2857142857142857
The Sims,GC,2003.0,Simulation,Electronic Arts,0.35,0.13,0.0,0.01,0.49,85.0,16.0,7.7,22.0,T,0.2857142857142857
Grandia III,PS2,2005.0,Role-Playing,Square Enix,0.12,0.1,0.24,0.03,0.49,77.0,38.0,8.3,53.0,T,0.2857142857142857
Ace Combat: Assault Horizon,X360,2011.0,Action,Namco Bandai Games,0.3,0.12,0.03,0.04,0.49,78.0,71.0,6.2,82.0,T,0.2857142857142857
Resident Evil: The Mercenaries 3D,3DS,2011.0,Action,Capcom,0.16,0.16,0.13,0.03,0.49,65.0,69.0,6.4,110.0,M,0.2857142857142857
Scarface: The World is Yours,X,2006.0,Action,Vivendi Games,0.37,0.11,0.0,0.02,0.49,76.0,41.0,8.4,46.0,M,0.2857142857142857
Pokemon Art Academy ,3DS,2014.0,Misc,Nintendo,0.18,0.12,0.16,0.03,0.49,76.0,22.0,7.7,19.0,E,0.2857142857142857
Star Wars Battlefront: Elite Squadron,DS,2009.0,Shooter,LucasArts,0.42,0.03,0.0,0.04,0.49,61.0,12.0,5.0,8.0,E10+,0.2857142857142857
SpongeBob SquarePants: Creature from the Krusty Kra,DS,2006.0,Platform,THQ,0.45,0.0,0.0,0.04,0.49,56.0,7.0,7.3,4.0,E,0.2857142857142857
Rock Band Unplugged,PSP,2009.0,Misc,MTV Games,0.24,0.14,0.0,0.1,0.49,79.0,50.0,8.6,31.0,T,0.2857142857142857
Medal of Honor,PC,2010.0,Shooter,Electronic Arts,0.2,0.23,0.0,0.06,0.49,72.0,26.0,6.4,518.0,M,0.2857142857142857
Asphalt 3D,3DS,2011.0,Racing,Ubisoft,0.27,0.16,0.02,0.04,0.49,43.0,37.0,4.4,24.0,E10+,0.2857142857142857
Dragon Ball Z: Burst Limit,X360,2008.0,Fighting,Atari,0.24,0.18,0.03,0.05,0.49,72.0,50.0,7.6,42.0,T,0.2857142857142857
Crazy Taxi,GC,2001.0,Racing,Acclaim Entertainment,0.36,0.09,0.02,0.01,0.49,69.0,20.0,7.4,23.0,T,0.2857142857142857
Spy Hunter 2,PS2,2003.0,Racing,Midway Games,0.24,0.19,0.0,0.06,0.49,57.0,30.0,6.4,8.0,T,0.2857142857142857
Sniper: Art of Victory,PC,2008.0,Shooter,City Interactive,0.0,0.45,0.0,0.03,0.49,36.0,7.0,3.6,16.0,M,0.2857142857142857
Steel Diver,3DS,2011.0,Action,Nintendo,0.31,0.1,0.05,0.03,0.49,58.0,55.0,6.3,29.0,E10+,0.2857142857142857
Tales of Legendia,PS2,2005.0,Role-Playing,Namco Bandai Games,0.07,0.05,0.35,0.02,0.49,72.0,37.0,7.7,38.0,T,0.2857142857142857
FIFA Soccer 09,DS,2008.0,Sports,Electronic Arts,0.12,0.31,0.0,0.06,0.49,84.0,5.0,6.1,31.0,E,0.2857142857142857
Alone in the Dark,X360,2008.0,Adventure,Atari,0.14,0.3,0.0,0.05,0.49,58.0,53.0,5.7,162.0,M,0.2857142857142857
Shrek the Third,PS2,2007.0,Action,Activision,0.4,0.02,0.0,0.07,0.48,56.0,18.0,6.1,9.0,E10+,0.27976190476190477
Need for Speed: Porsche Unleashed,GBA,2004.0,Racing,Zoo Digital Publishing,0.35,0.13,0.0,0.01,0.48,62.0,4.0,7.8,8.0,E,0.27976190476190477
Far Cry 2,PC,2008.0,Action,Ubisoft,0.01,0.45,0.0,0.03,0.48,85.0,34.0,5.8,1353.0,M,0.27976190476190477
NFL Street 2,X,2004.0,Sports,Electronic Arts,0.36,0.11,0.0,0.02,0.48,78.0,44.0,6.5,11.0,E,0.27976190476190477
One Piece: Pirate Warriors 3,PS4,2015.0,Action,Namco Bandai Games,0.1,0.22,0.11,0.06,0.48,74.0,34.0,7.4,118.0,T,0.27976190476190477
Mario Golf: World Tour,3DS,2014.0,Sports,Nintendo,0.15,0.13,0.17,0.03,0.48,78.0,73.0,8.2,76.0,E,0.27976190476190477
Metal Gear Rising: Revengeance,X360,2013.0,Action,Konami Digital Entertainment,0.3,0.14,0.0,0.04,0.48,82.0,46.0,7.8,361.0,M,0.27976190476190477
Youre in the Movies,X360,2008.0,Misc,Microsoft Game Studios,0.27,0.17,0.0,0.05,0.48,55.0,21.0,5.2,21.0,E,0.27976190476190477
BioShock The Collection,PS4,2016.0,Shooter,Take-Two Interactive,0.15,0.24,0.02,0.07,0.48,84.0,39.0,8.5,221.0,M,0.27976190476190477
Scene It? Lights Camera Action,X360,2007.0,Misc,Microsoft Game Studios,0.43,0.01,0.0,0.04,0.48,73.0,41.0,8.1,21.0,T,0.27976190476190477
MotorStorm: Apocalypse,PS3,2011.0,Racing,Sony Computer Entertainment,0.21,0.19,0.0,0.08,0.48,77.0,74.0,7.7,155.0,T,0.27976190476190477
Dark Sector,X360,2008.0,Shooter,D3Publisher,0.22,0.2,0.01,0.05,0.48,72.0,71.0,7.5,147.0,M,0.27976190476190477
Tiger Woods PGA Tour 07,X360,2006.0,Sports,Electronic Arts,0.44,0.0,0.0,0.04,0.48,80.0,44.0,7.9,21.0,E,0.27976190476190477
FIFA Soccer 13,WiiU,2012.0,Action,Electronic Arts,0.17,0.27,0.0,0.04,0.48,69.0,28.0,6.2,49.0,E,0.27976190476190477
Secret Weapons Over Normandy,PS2,2003.0,Simulation,LucasArts,0.24,0.18,0.0,0.06,0.48,81.0,26.0,8.2,19.0,T,0.27976190476190477
Crash of the Titans,DS,2007.0,Action,Vivendi Games,0.42,0.02,0.0,0.04,0.48,73.0,8.0,5.9,10.0,E,0.27976190476190477
Mario Tennis Ultra Smash,WiiU,2015.0,Sports,Nintendo,0.14,0.17,0.14,0.03,0.48,58.0,58.0,5.3,133.0,E,0.27976190476190477
Lollipop Chainsaw,X360,2012.0,Action,Warner Bros. Interactive Entertainment,0.31,0.12,0.02,0.04,0.48,70.0,64.0,7.0,260.0,M,0.27976190476190477
The Saboteur,PS3,2009.0,Action,Electronic Arts,0.2,0.21,0.0,0.07,0.48,72.0,54.0,8.1,119.0,M,0.27976190476190477
Theme Park Roller Coaster,PS2,2000.0,Strategy,Electronic Arts,0.23,0.18,0.0,0.06,0.48,82.0,11.0,7.9,17.0,E,0.27976190476190477
LEGO Dimensions,XOne,2015.0,Action,Warner Bros. Interactive Entertainment,0.27,0.17,0.0,0.04,0.48,80.0,12.0,6.9,27.0,E10+,0.27976190476190477
Pinball Hall of Fame: The Williams Collection,Wii,2008.0,Misc,System 3 Arcade Software,0.41,0.03,0.0,0.04,0.48,82.0,16.0,8.8,36.0,E10+,0.27976190476190477
Midnight Club: Street Racing,GBA,2001.0,Racing,Rebellion,0.34,0.13,0.0,0.01,0.48,50.0,5.0,5.3,6.0,E,0.27976190476190477
Street Fighter X Tekken,X360,2012.0,Fighting,Capcom,0.32,0.1,0.03,0.04,0.48,83.0,45.0,4.4,177.0,T,0.27976190476190477
Fortune Street,Wii,2011.0,Misc,Nintendo,0.25,0.03,0.17,0.02,0.48,68.0,42.0,7.5,24.0,E,0.27976190476190477
Tiger Woods PGA Tour 06,X,2005.0,Sports,Electronic Arts,0.35,0.11,0.0,0.02,0.48,81.0,30.0,5.1,11.0,E,0.27976190476190477
FIFA World Cup Germany 2006,X360,2006.0,Sports,Electronic Arts,0.19,0.27,0.01,0.0,0.48,72.0,49.0,6.6,33.0,E,0.27976190476190477
Final Fantasy XV,XOne,2016.0,Role-Playing,Square Enix,0.28,0.15,0.01,0.04,0.48,83.0,11.0,6.7,290.0,T,0.27976190476190477
World of Outlaws: Sprint Cars 2002,PS2,2002.0,Racing,Ignition Entertainment,0.23,0.18,0.0,0.06,0.48,80.0,10.0,9.1,10.0,E,0.27976190476190477
Children of Mana,DS,2006.0,Role-Playing,Nintendo,0.16,0.01,0.29,0.01,0.48,65.0,34.0,5.9,22.0,E10+,0.27976190476190477
Sonic the Hedgehog,PS3,2006.0,Platform,Sega,0.0,0.48,0.0,0.0,0.48,43.0,17.0,4.1,177.0,E10+,0.27976190476190477
Fantavision,PS2,2000.0,Puzzle,Sony Computer Entertainment,0.14,0.11,0.19,0.04,0.47,72.0,18.0,6.3,9.0,E,0.2738095238095238
X-Men: Next Dimension,PS2,2002.0,Fighting,Activision,0.23,0.18,0.0,0.06,0.47,61.0,19.0,8.7,13.0,T,0.2738095238095238
Doom 3 BFG Edition,X360,2012.0,Shooter,Bethesda Softworks,0.28,0.15,0.0,0.04,0.47,67.0,30.0,6.5,132.0,M,0.2738095238095238
Dynasty Warriors Gundam,PS3,2007.0,Action,Tecmo Koei,0.14,0.01,0.31,0.02,0.47,60.0,29.0,6.9,16.0,T,0.2738095238095238
Spider-Man 3,Wii,2007.0,Platform,Activision,0.42,0.02,0.0,0.04,0.47,53.0,39.0,5.3,29.0,T,0.2738095238095238
James Bond 007: Blood Stone,X360,2010.0,Shooter,Activision,0.2,0.23,0.0,0.05,0.47,62.0,66.0,7.1,63.0,T,0.2738095238095238
Dark Sector,PS3,2008.0,Shooter,D3Publisher,0.23,0.16,0.01,0.07,0.47,72.0,47.0,7.6,70.0,M,0.2738095238095238
World of Warcraft: Warlords of Draenor,PC,2014.0,Action,Activision Blizzard,0.08,0.36,0.0,0.03,0.47,87.0,49.0,5.9,1158.0,T,0.2738095238095238
ICO,PS2,2001.0,Action,Sony Computer Entertainment,0.23,0.18,0.0,0.06,0.47,90.0,59.0,8.8,337.0,T,0.2738095238095238
Ford Racing Off Road,Wii,2008.0,Racing,Xplosiv,0.06,0.39,0.0,0.01,0.47,37.0,5.0,6.3,4.0,E,0.2738095238095238
Unreal Tournament III,X360,2008.0,Shooter,Midway Games,0.25,0.17,0.01,0.05,0.47,82.0,47.0,7.6,95.0,M,0.2738095238095238
Crazy Taxi: Fare Wars,PSP,2007.0,Racing,Sega,0.1,0.22,0.02,0.12,0.47,64.0,25.0,7.1,18.0,E10+,0.2738095238095238
Victorious Boxers: Ippos Road to Glory,PS2,2000.0,Fighting,Empire Interactive,0.05,0.04,0.38,0.01,0.47,75.0,15.0,8.0,10.0,T,0.2738095238095238
Valkyrie Profile 2: Silmeria,PS2,2006.0,Role-Playing,Square Enix,0.04,0.03,0.39,0.01,0.47,84.0,45.0,9.0,60.0,T,0.2738095238095238
Hot Wheels Velocity X,PS2,2002.0,Racing,THQ,0.23,0.18,0.0,0.06,0.47,54.0,7.0,7.1,16.0,E,0.2738095238095238
MySims Racing,Wii,2009.0,Racing,Electronic Arts,0.19,0.23,0.0,0.05,0.47,68.0,22.0,6.2,6.0,E,0.2738095238095238
F.E.A.R. 2: Project Origin,PS3,2009.0,Shooter,Warner Bros. Interactive Entertainment,0.19,0.2,0.01,0.08,0.47,79.0,48.0,7.9,98.0,M,0.2738095238095238
The Sims 2: Pets,Wii,2007.0,Simulation,Electronic Arts,0.41,0.02,0.0,0.04,0.47,65.0,15.0,7.3,4.0,T,0.2738095238095238
Crash: Mind Over Mutant,X360,2008.0,Platform,Vivendi Games,0.22,0.2,0.0,0.05,0.47,60.0,42.0,6.5,23.0,E10+,0.2738095238095238
L.A. Rush,PS2,2005.0,Racing,Midway Games,0.23,0.18,0.0,0.06,0.47,58.0,31.0,8.0,10.0,T,0.2738095238095238
Art Academy: Lessons for Everyone,3DS,2012.0,Action,Nintendo,0.2,0.04,0.21,0.02,0.47,81.0,14.0,7.6,22.0,E,0.2738095238095238
Epic Mickey 2: The Power of Two,PS3,2012.0,Action,Disney Interactive Studios,0.21,0.18,0.0,0.08,0.47,59.0,36.0,4.3,24.0,E,0.2738095238095238
Viva Pinata: Trouble in Paradise,X360,2008.0,Simulation,Microsoft Game Studios,0.16,0.25,0.01,0.05,0.47,82.0,64.0,7.9,61.0,E,0.2738095238095238
NBA Ballers: Phenom,PS2,2006.0,Sports,Midway Games,0.23,0.18,0.0,0.06,0.47,69.0,19.0,8.5,8.0,E,0.2738095238095238
Need for Speed Carbon,X,2006.0,Racing,Electronic Arts,0.35,0.1,0.0,0.02,0.47,74.0,19.0,7.4,11.0,E10+,0.2738095238095238
Shadowrun,X360,2007.0,Role-Playing,Microsoft Game Studios,0.41,0.02,0.0,0.04,0.47,66.0,57.0,7.5,156.0,M,0.2738095238095238
"Warhammer 40,000: Dawn of War II",PC,2009.0,Strategy,THQ,0.0,0.45,0.0,0.02,0.47,85.0,67.0,8.1,1505.0,M,0.2738095238095238
Emergency Heroes,Wii,2008.0,Racing,Ubisoft,0.14,0.27,0.0,0.05,0.47,41.0,12.0,4.2,15.0,E10+,0.2738095238095238
FlingSmash,Wii,2010.0,Action,Nintendo,0.37,0.01,0.07,0.02,0.47,48.0,26.0,6.8,13.0,E,0.2738095238095238
Downhill Domination,PS2,2003.0,Racing,Codemasters,0.23,0.18,0.0,0.06,0.47,79.0,40.0,8.9,33.0,T,0.2738095238095238
Dead Space Extraction,Wii,2009.0,Shooter,Electronic Arts,0.32,0.1,0.01,0.04,0.47,82.0,76.0,8.1,82.0,M,0.2738095238095238
Silent Hill: Shattered Memories,Wii,2009.0,Action,Konami Digital Entertainment,0.22,0.19,0.01,0.05,0.47,79.0,56.0,8.0,226.0,M,0.2738095238095238
Pirates of the Caribbean: Dead Mans Chest,GBA,2006.0,Adventure,Disney Interactive Studios,0.33,0.12,0.0,0.01,0.47,70.0,8.0,5.6,5.0,E10+,0.2738095238095238
NBA Live 07,X360,2006.0,Sports,Electronic Arts,0.43,0.0,0.0,0.04,0.47,59.0,32.0,4.9,60.0,E,0.2738095238095238
World Series of Poker,PS2,2005.0,Misc,Activision,0.39,0.01,0.0,0.06,0.47,46.0,15.0,8.2,20.0,E10+,0.2738095238095238
Final Fantasy Crystal Chronicles: Echoes of Time,DS,2009.0,Role-Playing,Square Enix,0.12,0.06,0.27,0.02,0.47,75.0,37.0,7.2,22.0,E10+,0.2738095238095238
2010 FIFA World Cup South Africa,PSP,2010.0,Sports,Electronic Arts,0.09,0.22,0.03,0.12,0.47,69.0,11.0,7.4,9.0,E,0.2738095238095238
Rise of Nightmares,X360,2011.0,Action,Sega,0.28,0.13,0.01,0.04,0.47,54.0,56.0,7.8,44.0,M,0.2738095238095238
EA Sports UFC,XOne,2014.0,Sports,Electronic Arts,0.3,0.12,0.0,0.04,0.47,70.0,23.0,6.3,152.0,T,0.2738095238095238
Spider-Man 3,DS,2007.0,Platform,Activision,0.41,0.02,0.0,0.04,0.47,79.0,21.0,6.5,17.0,E10+,0.2738095238095238
Dead or Alive 4,X360,2005.0,Fighting,Tecmo Koei,0.3,0.03,0.1,0.03,0.47,85.0,76.0,8.2,224.0,M,0.2738095238095238
Godzilla: Save the Earth,PS2,2004.0,Fighting,Atari,0.23,0.18,0.0,0.06,0.47,62.0,19.0,8.7,21.0,T,0.2738095238095238
Dance Dance Revolution: Mario Mix,GC,2005.0,Misc,Nintendo,0.36,0.09,0.0,0.01,0.47,69.0,28.0,8.4,19.0,E,0.2738095238095238
Metal Gear Solid: The Twin Snakes,GC,2004.0,Action,Konami Digital Entertainment,0.3,0.08,0.07,0.01,0.47,85.0,54.0,9.1,143.0,M,0.2738095238095238
Tiger Woods PGA Tour 07,Wii,2006.0,Sports,Electronic Arts,0.43,0.0,0.0,0.04,0.47,71.0,41.0,6.9,44.0,E,0.2738095238095238
Mat Hoffmans Pro BMX 2,PS2,2002.0,Sports,Activision,0.23,0.18,0.0,0.06,0.46,76.0,22.0,9.1,7.0,T,0.26785714285714285
Two Worlds II,PS3,2011.0,Role-Playing,SouthPeak Games,0.26,0.1,0.06,0.05,0.46,70.0,28.0,7.0,65.0,M,0.26785714285714285
Silent Hill: Downpour,PS3,2012.0,Action,Konami Digital Entertainment,0.21,0.15,0.04,0.06,0.46,64.0,41.0,6.9,263.0,M,0.26785714285714285
SimCity Creator,Wii,2008.0,Simulation,Electronic Arts,0.36,0.02,0.04,0.04,0.46,67.0,17.0,6.8,13.0,E,0.26785714285714285
The Sims 3: Ambitions,PC,2010.0,Simulation,Electronic Arts,0.0,0.29,0.0,0.17,0.46,74.0,25.0,7.3,51.0,T,0.26785714285714285
Dragon Ball Z: Collectible Card Game,GBA,2002.0,Misc,Infogrames,0.33,0.12,0.0,0.01,0.46,62.0,4.0,5.5,4.0,E,0.26785714285714285
Skylanders: Trap Team,PS4,2014.0,Action,Activision,0.21,0.18,0.0,0.08,0.46,78.0,46.0,5.6,32.0,E10+,0.26785714285714285
Harry Potter and the Order of the Phoenix,Wii,2007.0,Action,Electronic Arts,0.38,0.05,0.0,0.04,0.46,69.0,34.0,7.2,28.0,E10+,0.26785714285714285
Disney's Kim Possible 3: Team Possible,GBA,2005.0,Platform,Disney Interactive Studios,0.33,0.12,0.0,0.01,0.46,76.0,6.0,7.7,6.0,E,0.26785714285714285
Rygar: The Legendary Adventure,PS2,2002.0,Action,Wanadoo,0.2,0.15,0.06,0.05,0.46,83.0,30.0,8.3,15.0,T,0.26785714285714285
Syphon Filter: Logans Shadow,PSP,2007.0,Shooter,Sony Computer Entertainment,0.25,0.12,0.0,0.09,0.46,85.0,41.0,8.8,47.0,T,0.26785714285714285
Kessen II,PS2,2001.0,Strategy,THQ,0.13,0.1,0.2,0.03,0.46,71.0,15.0,8.3,22.0,T,0.26785714285714285
Brothers In Arms: Earned in Blood,PS2,2005.0,Shooter,Ubisoft,0.38,0.01,0.0,0.06,0.46,71.0,20.0,7.9,23.0,M,0.26785714285714285
Dishonored 2,XOne,2016.0,Action,Bethesda Softworks,0.28,0.14,0.0,0.04,0.46,88.0,24.0,6.7,168.0,M,0.26785714285714285
Watch Dogs,PC,2014.0,Action,Ubisoft,0.16,0.27,0.0,0.04,0.46,77.0,18.0,4.7,3301.0,M,0.26785714285714285
Dragon Ball Z: Sagas,PS2,2005.0,Fighting,Atari,0.38,0.01,0.0,0.06,0.46,49.0,13.0,5.5,31.0,T,0.26785714285714285
MX vs. ATV: Alive,PS3,2011.0,Racing,THQ,0.24,0.15,0.0,0.07,0.46,61.0,41.0,6.7,11.0,E,0.26785714285714285
Just Dance 2014,XOne,2013.0,Misc,Ubisoft,0.3,0.11,0.0,0.04,0.46,71.0,6.0,7.0,58.0,E10+,0.26785714285714285
Brothers In Arms: Road to Hill 30,PS2,2005.0,Shooter,Ubisoft,0.38,0.01,0.0,0.06,0.46,82.0,30.0,7.6,30.0,M,0.26785714285714285
The Legend of Spyro: Dawn of the Dragon,DS,2008.0,Platform,Vivendi Games,0.26,0.15,0.0,0.05,0.46,57.0,9.0,6.8,10.0,E,0.26785714285714285
Need for Speed: Hot Pursuit,Wii,2010.0,Racing,Electronic Arts,0.17,0.23,0.0,0.05,0.46,50.0,8.0,3.7,18.0,E10+,0.26785714285714285
The Mark of Kri,PS2,2002.0,Action,Sony Computer Entertainment,0.22,0.18,0.0,0.06,0.46,80.0,37.0,7.9,29.0,M,0.26785714285714285
Crash Nitro Kart,GBA,2003.0,Racing,Vivendi Games,0.33,0.12,0.0,0.01,0.46,77.0,6.0,8.3,12.0,E,0.26785714285714285
Tomb Raider: Legend,PSP,2006.0,Action,Eidos Interactive,0.09,0.24,0.0,0.12,0.46,67.0,28.0,7.9,30.0,T,0.26785714285714285
Jak and Daxter: The Lost Frontier,PS2,2009.0,Platform,Sony Computer Entertainment,0.22,0.17,0.0,0.06,0.46,72.0,8.0,4.6,32.0,E10+,0.26785714285714285
Star Wars: Demolition,PS,2000.0,Racing,Activision,0.25,0.17,0.0,0.03,0.46,63.0,11.0,6.5,6.0,T,0.26785714285714285
Delta Force: Black Hawk Down,PS2,2005.0,Shooter,NovaLogic,0.22,0.17,0.0,0.06,0.46,58.0,25.0,8.8,51.0,T,0.26785714285714285
.hack//Outbreak Part 3,PS2,2002.0,Role-Playing,Atari,0.14,0.11,0.17,0.04,0.46,70.0,23.0,8.7,19.0,T,0.26785714285714285
MX vs. ATV Untamed,PS3,2007.0,Racing,THQ,0.35,0.06,0.0,0.05,0.46,67.0,33.0,6.1,8.0,E,0.26785714285714285
Boom Blox Bash Party,Wii,2009.0,Puzzle,Electronic Arts,0.33,0.09,0.0,0.04,0.46,86.0,48.0,8.3,38.0,E,0.26785714285714285
Top Spin,X,2003.0,Sports,Microsoft Game Studios,0.36,0.08,0.0,0.02,0.46,89.0,44.0,8.2,31.0,E,0.26785714285714285
Brothers In Arms: D-Day,PSP,2006.0,Shooter,Ubisoft,0.23,0.14,0.0,0.09,0.46,65.0,19.0,9.1,64.0,M,0.26785714285714285
The Golden Compass,X360,2007.0,Action,Sega,0.3,0.12,0.0,0.04,0.46,41.0,25.0,4.1,14.0,E10+,0.26785714285714285
Batman: Arkham VR,PS4,2016.0,Action,Warner Bros. Interactive Entertainment,0.37,0.0,0.0,0.09,0.45,75.0,60.0,7.3,96.0,M,0.2619047619047619
Wolfenstein: The New Order,PC,2014.0,Shooter,Bethesda Softworks,0.13,0.29,0.0,0.03,0.45,81.0,23.0,8.1,1662.0,M,0.2619047619047619
Enter the Matrix,GC,2003.0,Action,Atari,0.34,0.09,0.02,0.01,0.45,63.0,23.0,8.0,45.0,T,0.2619047619047619
LEGO The Hobbit,X360,2014.0,Action,Warner Bros. Interactive Entertainment,0.2,0.21,0.0,0.04,0.45,70.0,4.0,8.7,11.0,E10+,0.2619047619047619
PlayStation All-Stars Battle Royale,PSV,2012.0,Action,Sony Computer Entertainment,0.21,0.14,0.01,0.09,0.45,75.0,15.0,7.5,222.0,T,0.2619047619047619
The Powerpuff Girls: Relish Rampage,PS2,2002.0,Action,BAM! Entertainment,0.22,0.17,0.0,0.06,0.45,46.0,5.0,6.8,5.0,E,0.2619047619047619
Bleach: The Blade of Fate,DS,2006.0,Fighting,Sega,0.29,0.01,0.12,0.03,0.45,83.0,32.0,7.5,23.0,T,0.2619047619047619
The Chronicles of Riddick: Escape from Butcher Bay,X,2004.0,Shooter,Vivendi Games,0.32,0.11,0.0,0.02,0.45,89.0,84.0,8.9,85.0,M,0.2619047619047619
NFL Head Coach,PS2,2006.0,Sports,Electronic Arts,0.38,0.01,0.0,0.06,0.45,66.0,22.0,6.9,15.0,E,0.2619047619047619
Tomb Raider: Underworld,Wii,2008.0,Action,Eidos Interactive,0.13,0.27,0.0,0.05,0.45,70.0,12.0,7.2,20.0,T,0.2619047619047619
Area 51,PS2,2005.0,Shooter,Midway Games,0.22,0.17,0.0,0.06,0.45,75.0,37.0,8.4,52.0,M,0.2619047619047619
NHL 2005,PS2,2004.0,Sports,Electronic Arts,0.22,0.17,0.0,0.06,0.45,75.0,21.0,8.3,23.0,E,0.2619047619047619
The New York Times Crosswords,DS,2007.0,Puzzle,Majesco Entertainment,0.42,0.0,0.0,0.03,0.45,79.0,15.0,6.7,6.0,T,0.2619047619047619
Star Wars Jedi Knight: Jedi Academy,X,2003.0,Shooter,Activision,0.34,0.1,0.0,0.02,0.45,76.0,30.0,8.7,30.0,T,0.2619047619047619
Dynasty Warriors: Strikeforce,PSP,2009.0,Action,Ubisoft Annecy,0.03,0.02,0.38,0.02,0.45,65.0,28.0,6.8,10.0,T,0.2619047619047619
Brain Challenge,DS,2008.0,Misc,Ubisoft,0.41,0.0,0.0,0.03,0.45,68.0,7.0,7.0,4.0,E,0.2619047619047619
Enemy Territory: Quake Wars,X360,2008.0,Shooter,Activision,0.3,0.11,0.0,0.04,0.45,69.0,54.0,7.3,26.0,T,0.2619047619047619
Major League Baseball 2K11,X360,2011.0,Sports,Take-Two Interactive,0.4,0.03,0.0,0.03,0.45,69.0,27.0,6.8,24.0,E,0.2619047619047619
Burnout Dominator,PSP,2007.0,Racing,Electronic Arts,0.02,0.38,0.01,0.05,0.45,76.0,23.0,8.2,27.0,E10+,0.2619047619047619
Crash of the Titans,Wii,2007.0,Action,Vivendi Games,0.39,0.02,0.0,0.03,0.45,69.0,16.0,5.8,22.0,E10+,0.2619047619047619
Red Faction: Armageddon,PS3,2011.0,Shooter,THQ,0.2,0.15,0.03,0.07,0.45,71.0,52.0,7.3,58.0,M,0.2619047619047619
Sphinx and the Cursed Mummy,PS2,2003.0,Action,THQ,0.22,0.17,0.0,0.06,0.45,78.0,28.0,8.9,37.0,T,0.2619047619047619
Tekken Advance,GBA,2001.0,Fighting,Infogrames,0.32,0.12,0.0,0.01,0.45,82.0,14.0,8.2,13.0,T,0.2619047619047619
Shin Megami Tensei: Persona 3,PS2,2006.0,Role-Playing,Tecmo Koei,0.22,0.03,0.0,0.2,0.45,86.0,52.0,8.4,116.0,M,0.2619047619047619
Pirates of the Caribbean: At Worlds End,Wii,2007.0,Action,Disney Interactive Studios,0.39,0.02,0.01,0.04,0.45,53.0,17.0,7.2,17.0,T,0.2619047619047619
Sega Rally Revo,X360,2007.0,Racing,Sega,0.12,0.28,0.0,0.05,0.45,77.0,42.0,7.2,30.0,E,0.2619047619047619
LEGO Rock Band,DS,2009.0,Misc,Warner Bros. Interactive Entertainment,0.32,0.09,0.0,0.04,0.45,80.0,8.0,7.5,6.0,E,0.2619047619047619
Samurai Warriors: Xtreme Legends,PS2,2004.0,Action,Tecmo Koei,0.04,0.03,0.36,0.01,0.45,72.0,17.0,8.6,13.0,T,0.2619047619047619
WWE WrestleMania 21,X,2005.0,Fighting,THQ,0.34,0.1,0.0,0.02,0.45,56.0,48.0,6.9,47.0,T,0.2619047619047619
Borderlands: The Handsome Collection,XOne,2015.0,Shooter,Take-Two Interactive,0.28,0.13,0.0,0.04,0.45,80.0,11.0,7.8,120.0,M,0.2619047619047619
Deadpool,PS3,2013.0,Action,Activision,0.23,0.14,0.0,0.08,0.45,61.0,27.0,7.2,221.0,M,0.2619047619047619
NBA Live 2005,GC,2004.0,Sports,Electronic Arts,0.35,0.09,0.0,0.01,0.45,83.0,17.0,6.7,7.0,E,0.2619047619047619
F.E.A.R. 3,PS3,2011.0,Shooter,Warner Bros. Interactive Entertainment,0.21,0.16,0.01,0.07,0.45,74.0,48.0,7.1,103.0,M,0.2619047619047619
EA Sports UFC 2,XOne,2016.0,Sports,Electronic Arts,0.26,0.15,0.0,0.04,0.45,76.0,42.0,5.9,78.0,T,0.2619047619047619
Dead or Alive: Dimensions,3DS,2011.0,Fighting,Ubisoft Annecy,0.13,0.21,0.07,0.03,0.45,79.0,62.0,8.2,114.0,T,0.2619047619047619
WWE Day of Reckoning,GC,2004.0,Fighting,THQ,0.35,0.09,0.0,0.01,0.45,79.0,47.0,9.1,81.0,T,0.2619047619047619
NBA Live 10,X360,2009.0,Sports,Electronic Arts,0.4,0.02,0.0,0.03,0.45,80.0,40.0,7.7,37.0,E,0.2619047619047619
Harry Potter and the Deathly Hallows - Part 1,X360,2010.0,Action,Electronic Arts,0.21,0.2,0.0,0.04,0.45,38.0,42.0,5.0,46.0,T,0.2619047619047619
Sled Storm,PS2,2002.0,Racing,Electronic Arts,0.22,0.17,0.0,0.06,0.45,73.0,22.0,7.7,6.0,T,0.2619047619047619
Microsoft Flight Simulator X,PC,2006.0,Simulation,Microsoft Game Studios,0.02,0.38,0.0,0.05,0.45,80.0,28.0,7.6,95.0,E,0.2619047619047619
Mario Golf: Advance Tour,GBA,2004.0,Sports,Nintendo,0.32,0.12,0.0,0.01,0.45,84.0,38.0,8.6,14.0,E,0.2619047619047619
Celebrity Sports Showdown,Wii,2008.0,Sports,Electronic Arts,0.18,0.22,0.0,0.05,0.45,50.0,12.0,4.6,18.0,E,0.2619047619047619
F.E.A.R. 3,X360,2011.0,Shooter,Warner Bros. Interactive Entertainment,0.3,0.11,0.01,0.04,0.45,75.0,71.0,7.0,139.0,M,0.2619047619047619
Disney Guilty Party,Wii,2010.0,Misc,Disney Interactive Studios,0.42,0.0,0.0,0.03,0.45,78.0,13.0,8.0,4.0,E,0.2619047619047619
"Warhammer 40,000: Space Marine",PS3,2011.0,Shooter,THQ,0.13,0.23,0.0,0.08,0.45,70.0,46.0,7.4,162.0,M,0.2619047619047619
Silent Hill: Homecoming,X360,2008.0,Action,Konami Digital Entertainment,0.25,0.15,0.0,0.04,0.45,70.0,54.0,7.0,182.0,M,0.2619047619047619
Major League Baseball 2K6,PS2,2006.0,Sports,Spike,0.37,0.01,0.0,0.06,0.44,70.0,19.0,5.2,27.0,E,0.25595238095238093
Hometown Story,3DS,2013.0,Role-Playing,Rising Star Games,0.24,0.12,0.04,0.04,0.44,47.0,14.0,6.0,24.0,E10+,0.25595238095238093
World Soccer Winning Eleven 9,X,2005.0,Sports,Konami Digital Entertainment,0.06,0.33,0.02,0.03,0.44,89.0,19.0,7.9,9.0,E,0.25595238095238093
Teenage Mutant Ninja Turtles 2: Battle Nexus,PS2,2004.0,Action,Konami Digital Entertainment,0.22,0.17,0.0,0.06,0.44,47.0,25.0,7.8,12.0,T,0.25595238095238093
The Thing,PS2,2002.0,Adventure,Vivendi Games,0.22,0.17,0.0,0.06,0.44,78.0,27.0,7.4,41.0,M,0.25595238095238093
Van Helsing,PS2,2004.0,Action,Activision,0.22,0.17,0.0,0.06,0.44,64.0,41.0,8.5,19.0,T,0.25595238095238093
Virtua Tennis 4,PS3,2011.0,Sports,Sega,0.09,0.24,0.03,0.08,0.44,69.0,49.0,6.6,28.0,E,0.25595238095238093
X-Men Legends II: Rise of Apocalypse,X,2005.0,Role-Playing,Activision,0.3,0.12,0.0,0.02,0.44,84.0,50.0,8.7,199.0,T,0.25595238095238093
Naruto Shippuden: Ultimate Ninja Storm Generations,X360,2012.0,Fighting,Namco Bandai Games,0.26,0.14,0.01,0.04,0.44,74.0,35.0,7.2,48.0,T,0.25595238095238093
Sid Meiers Civilization Revolution,DS,2008.0,Strategy,Take-Two Interactive,0.37,0.03,0.02,0.03,0.44,80.0,26.0,7.7,21.0,E10+,0.25595238095238093
Worms: Open Warfare 2,PSP,2007.0,Strategy,THQ,0.04,0.26,0.0,0.14,0.44,80.0,26.0,8.1,25.0,E10+,0.25595238095238093
Spawn: Armageddon,PS2,2003.0,Action,Electronic Arts,0.22,0.17,0.0,0.06,0.44,56.0,33.0,7.4,21.0,M,0.25595238095238093
Tiger Woods PGA Tour 2003,X,2002.0,Sports,Electronic Arts,0.35,0.08,0.0,0.01,0.44,88.0,14.0,8.5,11.0,E,0.25595238095238093
Battlefield 2: Modern Combat,PS2,2005.0,Shooter,Electronic Arts,0.37,0.01,0.0,0.06,0.44,80.0,42.0,8.5,66.0,T,0.25595238095238093
Rayman Legends,X360,2013.0,Platform,Ubisoft,0.19,0.22,0.0,0.04,0.44,90.0,35.0,8.2,218.0,E10+,0.25595238095238093
50 Cent: Bulletproof,X,2005.0,Action,Vivendi Games,0.33,0.1,0.0,0.02,0.44,50.0,14.0,5.9,21.0,M,0.25595238095238093
Tony Hawks Proving Ground,PS3,2007.0,Sports,Activision,0.36,0.04,0.0,0.04,0.44,73.0,36.0,6.5,18.0,T,0.25595238095238093
LEGO Star Wars II: The Original Trilogy,X,2006.0,Action,LucasArts,0.33,0.1,0.0,0.02,0.44,85.0,27.0,8.6,15.0,E10+,0.25595238095238093
Viking: Battle for Asgard,X360,2008.0,Action,Sega,0.16,0.23,0.0,0.05,0.44,68.0,67.0,8.0,88.0,M,0.25595238095238093
Dragon Quest Heroes: Rocket Slime,DS,2005.0,Action,Square Enix,0.13,0.0,0.31,0.01,0.44,83.0,41.0,7.7,46.0,E,0.25595238095238093
Dance Dance Revolution: Hottest Party 3,Wii,2009.0,Simulation,Konami Digital Entertainment,0.26,0.14,0.0,0.04,0.44,66.0,5.0,8.2,5.0,E10+,0.25595238095238093
DmC: Devil May Cry,X360,2013.0,Action,Capcom,0.27,0.12,0.01,0.04,0.44,86.0,65.0,5.1,1440.0,M,0.25595238095238093
G-Force,Wii,2009.0,Action,Disney Interactive Studios,0.19,0.2,0.0,0.05,0.44,69.0,6.0,8.0,6.0,E10+,0.25595238095238093
Transformers: Fall of Cybertron,X360,2012.0,Action,Activision,0.28,0.12,0.0,0.04,0.44,79.0,52.0,8.3,160.0,T,0.25595238095238093
SOCOM: U.S. Navy SEALs Fireteam Bravo 3,PSP,2010.0,Shooter,Sony Computer Entertainment,0.17,0.13,0.06,0.08,0.44,74.0,51.0,8.0,20.0,T,0.25595238095238093
Band Hero,DS,2009.0,Misc,Activision,0.21,0.19,0.0,0.05,0.44,65.0,18.0,7.0,4.0,E10+,0.25595238095238093
MX Unleashed,X,2004.0,Racing,THQ,0.34,0.08,0.0,0.02,0.44,81.0,18.0,9.3,12.0,E,0.25595238095238093
Crash: Mind Over Mutant,Wii,2008.0,Platform,Vivendi Games,0.35,0.06,0.0,0.03,0.44,70.0,13.0,6.6,16.0,E10+,0.25595238095238093
Naruto Shippuden: Ultimate Ninja Storm Revolution,PS3,2014.0,Fighting,Namco Bandai Games,0.15,0.14,0.09,0.06,0.44,73.0,26.0,7.5,102.0,T,0.25595238095238093
Wario World,GC,2003.0,Platform,Nintendo,0.34,0.09,0.0,0.01,0.44,71.0,30.0,7.2,44.0,E,0.25595238095238093
Payday 2,PS3,2013.0,Shooter,505 Games,0.22,0.14,0.0,0.08,0.44,74.0,12.0,6.1,182.0,M,0.25595238095238093
FIFA Soccer 13,PSV,2012.0,Action,Electronic Arts,0.0,0.28,0.05,0.11,0.44,57.0,9.0,4.1,89.0,E,0.25595238095238093
The Legend of Spyro: Dawn of the Dragon,PS3,2008.0,Platform,Vivendi Games,0.19,0.18,0.0,0.07,0.44,59.0,22.0,6.5,37.0,E10+,0.25595238095238093
Ben 10 Alien Force: Vilgax Attacks,Wii,2009.0,Action,D3Publisher,0.25,0.14,0.0,0.04,0.44,65.0,5.0,4.0,6.0,E10+,0.25595238095238093
Samurai Warriors 3,Wii,2009.0,Action,Nintendo,0.09,0.02,0.32,0.01,0.44,55.0,26.0,7.2,22.0,T,0.25595238095238093
Lego Batman 3: Beyond Gotham,XOne,2014.0,Action,Warner Bros. Interactive Entertainment,0.23,0.17,0.0,0.04,0.44,74.0,25.0,7.1,36.0,E10+,0.25595238095238093
TimeSplitters 2,GC,2002.0,Shooter,Eidos Interactive,0.34,0.09,0.0,0.01,0.44,88.0,18.0,9.0,65.0,T,0.25595238095238093
Robert Ludlum's The Bourne Conspiracy,X360,2008.0,Action,Vivendi Games,0.26,0.13,0.0,0.04,0.44,71.0,72.0,7.2,63.0,T,0.25595238095238093
Eternal Darkness: Sanitys Requiem,GC,2002.0,Adventure,Nintendo,0.34,0.09,0.0,0.01,0.44,92.0,41.0,8.7,175.0,M,0.25595238095238093
Food Network: Cook or Be Cooked,Wii,2009.0,Misc,Namco Bandai Games,0.41,0.0,0.0,0.03,0.44,53.0,8.0,6.8,5.0,E,0.25595238095238093
Thrillville: Off the Rails,Wii,2007.0,Strategy,LucasArts,0.38,0.02,0.0,0.03,0.44,70.0,14.0,2.8,40.0,E10+,0.25595238095238093
Naruto: Ultimate Ninja 3,PS2,2005.0,Fighting,Atari,0.36,0.01,0.0,0.06,0.44,75.0,24.0,8.7,34.0,T,0.25595238095238093
The Darkness,X360,2007.0,Shooter,Take-Two Interactive,0.36,0.04,0.01,0.03,0.44,82.0,63.0,8.1,196.0,M,0.25595238095238093
Child of Eden,X360,2011.0,Shooter,Ubisoft,0.28,0.12,0.0,0.04,0.44,84.0,81.0,7.7,95.0,E10+,0.25595238095238093
Spider-Man: Shattered Dimensions,PS3,2010.0,Action,Activision,0.26,0.12,0.0,0.05,0.44,74.0,57.0,7.5,97.0,T,0.25595238095238093
NFL Blitz 20-03,PS2,2002.0,Sports,Midway Games,0.21,0.17,0.0,0.06,0.44,73.0,15.0,8.6,5.0,E,0.25595238095238093
Eternal Sonata,PS3,2008.0,Role-Playing,Atari,0.19,0.12,0.07,0.05,0.44,80.0,34.0,7.8,117.0,T,0.25595238095238093
Devil May Cry HD Collection,X360,2012.0,Action,Capcom,0.28,0.11,0.01,0.03,0.44,77.0,32.0,8.4,93.0,M,0.25595238095238093
Deadpool,X360,2013.0,Action,Activision,0.26,0.13,0.0,0.04,0.44,62.0,49.0,7.4,368.0,M,0.25595238095238093
SingStar Queen,PS3,2009.0,Misc,Sony Computer Entertainment,0.11,0.25,0.0,0.07,0.44,74.0,37.0,6.8,6.0,T,0.25595238095238093
Star Wars: Jedi Starfighter,X,2002.0,Simulation,Activision,0.35,0.07,0.0,0.02,0.44,78.0,22.0,5.2,5.0,T,0.25595238095238093
Classic NES Series: Metroid,GBA,2004.0,Adventure,Nintendo,0.26,0.1,0.07,0.01,0.43,58.0,9.0,8.6,18.0,E,0.25
Animal Crossing: Amiibo Festival,WiiU,2015.0,Misc,Nintendo,0.2,0.11,0.09,0.03,0.43,46.0,20.0,4.3,174.0,E,0.25
Nicktoons: Attack of the Toybots,Wii,2007.0,Platform,THQ,0.4,0.0,0.0,0.03,0.43,60.0,4.0,6.0,8.0,E,0.25
Primal,PS2,2003.0,Action,Sony Computer Entertainment,0.21,0.17,0.0,0.06,0.43,73.0,36.0,8.6,54.0,M,0.25
Ninja Gaiden 3,PS3,2012.0,Action,Tecmo Koei,0.19,0.09,0.11,0.05,0.43,58.0,43.0,5.0,152.0,M,0.25
Need for Speed Underground 2,GBA,2004.0,Racing,Electronic Arts,0.31,0.12,0.0,0.01,0.43,72.0,8.0,8.2,13.0,E,0.25
Tetris Axis,3DS,2011.0,Puzzle,Tetris Online,0.2,0.13,0.06,0.03,0.43,74.0,33.0,6.8,28.0,E,0.25
SSX Tricky,X,2001.0,Sports,Electronic Arts,0.32,0.09,0.0,0.02,0.43,88.0,22.0,8.5,11.0,E,0.25
Star Wars The Clone Wars: Republic Heroes,PS3,2009.0,Action,LucasArts,0.19,0.18,0.0,0.07,0.43,43.0,22.0,5.3,16.0,T,0.25
"The Chronicles of Narnia: The Lion, The Witch and The Wardrobe",PS2,2005.0,Action,Disney Interactive Studios,0.36,0.01,0.0,0.06,0.43,68.0,36.0,8.4,17.0,T,0.25
Hyperdimension Neptunia,PS3,2010.0,Role-Playing,Tecmo Koei,0.22,0.09,0.07,0.04,0.43,45.0,31.0,7.0,148.0,T,0.25
NCAA Football 2004,X,2003.0,Sports,Electronic Arts,0.4,0.02,0.0,0.02,0.43,88.0,13.0,8.8,19.0,E,0.25
Bionicle,PS2,2003.0,Action,Electronic Arts,0.21,0.17,0.0,0.06,0.43,51.0,7.0,3.6,16.0,E,0.25
Max Payne 3,PC,2012.0,Shooter,Take-Two Interactive,0.16,0.22,0.0,0.05,0.43,87.0,30.0,7.6,2210.0,M,0.25
Naughty Bear,PS3,2010.0,Action,505 Games,0.18,0.18,0.0,0.07,0.43,43.0,31.0,5.5,49.0,T,0.25
MLB 2002,PS,2001.0,Sports,Sony Computer Entertainment,0.24,0.16,0.0,0.03,0.43,76.0,5.0,8.1,8.0,E,0.25
MLB 14: The Show,PS3,2014.0,Sports,Sony Computer Entertainment America,0.35,0.0,0.0,0.08,0.43,81.0,26.0,6.8,79.0,E,0.25
TimeSplitters,PS2,2000.0,Shooter,Eidos Interactive,0.21,0.17,0.0,0.06,0.43,81.0,23.0,8.0,40.0,T,0.25
InuYasha: The Secret of the Cursed Mask,PS2,2004.0,Role-Playing,Namco Bandai Games,0.21,0.17,0.0,0.06,0.43,51.0,7.0,8.1,28.0,T,0.25
Mega Man Zero 2,GBA,2003.0,Platform,Capcom,0.18,0.07,0.17,0.01,0.43,81.0,17.0,8.6,18.0,E,0.25
Ghostbusters: The Video Game,PS2,2009.0,Action,Atari,0.15,0.04,0.0,0.24,0.43,64.0,9.0,8.7,6.0,E10+,0.25
Hunter: The Reckoning  Wayward,PS2,2003.0,Action,Interplay,0.21,0.16,0.0,0.06,0.43,68.0,27.0,8.8,16.0,M,0.25
Story of Seasons,3DS,2014.0,Simulation,Nintendo,0.0,0.15,0.27,0.01,0.43,76.0,39.0,8.2,54.0,E10+,0.25
EyeToy: AntiGrav,PS2,2004.0,Sports,Sony Computer Entertainment,0.36,0.01,0.0,0.06,0.43,71.0,38.0,7.8,5.0,E,0.25
OkamiDen,DS,2010.0,Adventure,Capcom,0.21,0.06,0.13,0.02,0.43,82.0,48.0,7.9,53.0,E10+,0.25
EverQuest Online Adventures,PS2,2003.0,Role-Playing,Sony Online Entertainment,0.21,0.16,0.0,0.05,0.43,74.0,22.0,8.2,33.0,T,0.25
Just Dance 4,PS3,2012.0,Misc,Ubisoft,0.26,0.11,0.0,0.06,0.43,77.0,5.0,7.1,29.0,E10+,0.25
Tom Clancys The Division,PC,2016.0,Shooter,Ubisoft,0.23,0.16,0.0,0.04,0.43,79.0,33.0,5.8,1200.0,M,0.25
Mobile Suit Gundam: Zeonic Front,PS2,2001.0,Simulation,Namco Bandai Games,0.09,0.07,0.25,0.02,0.43,71.0,12.0,8.8,23.0,T,0.25
Castlevania: Dawn of Sorrow,DS,2005.0,Platform,Konami Digital Entertainment,0.34,0.03,0.03,0.03,0.43,89.0,52.0,8.5,173.0,T,0.25
Dawn of Mana,PS2,2006.0,Role-Playing,Square Enix,0.07,0.05,0.29,0.02,0.43,57.0,27.0,6.8,11.0,T,0.25
Tales of the World: Radiant Mythology,PSP,2006.0,Role-Playing,Ubisoft,0.17,0.01,0.23,0.02,0.43,66.0,27.0,7.8,25.0,T,0.25
Alpha Protocol,PS3,2010.0,Role-Playing,Sega,0.19,0.17,0.0,0.07,0.43,64.0,49.0,6.9,117.0,M,0.25
2014 FIFA World Cup Brazil,X360,2014.0,Sports,Electronic Arts,0.15,0.25,0.0,0.03,0.43,74.0,29.0,4.4,93.0,E,0.25
Madden NFL 2003,GC,2002.0,Sports,Electronic Arts,0.33,0.09,0.0,0.01,0.43,92.0,13.0,8.5,17.0,E,0.25
Disney Sing It,X360,2008.0,Misc,Disney Interactive Studios,0.39,0.01,0.0,0.03,0.43,53.0,10.0,5.2,6.0,E,0.25
SEGA Classics Collection,PS2,2005.0,Misc,Sega,0.21,0.16,0.0,0.05,0.43,46.0,18.0,6.7,6.0,T,0.25
Naruto: Ninja Council 3,DS,2006.0,Action,D3Publisher,0.39,0.0,0.0,0.03,0.42,56.0,23.0,6.5,13.0,E10+,0.24404761904761904
Def Jam Icon,PS3,2007.0,Action,Electronic Arts,0.16,0.19,0.0,0.08,0.42,68.0,38.0,4.4,40.0,M,0.24404761904761904
NBA Street,GC,2002.0,Sports,Electronic Arts,0.33,0.09,0.0,0.01,0.42,88.0,15.0,8.6,7.0,E,0.24404761904761904
Atelier Totori: The Adventurer of Arland,PS3,2010.0,Role-Playing,Nippon Ichi Software,0.12,0.06,0.21,0.03,0.42,74.0,19.0,6.7,109.0,T,0.24404761904761904
The Legend of Spyro: The Eternal Night,PS2,2007.0,Platform,Vivendi Games,0.21,0.16,0.0,0.05,0.42,54.0,18.0,5.4,28.0,E10+,0.24404761904761904
Mega Man Battle Network,GBA,2001.0,Role-Playing,Capcom,0.14,0.05,0.22,0.01,0.42,79.0,10.0,8.9,24.0,E,0.24404761904761904
Terraria,PS3,2013.0,Action,505 Games,0.07,0.21,0.09,0.05,0.42,81.0,12.0,7.9,70.0,T,0.24404761904761904
Juiced: Eliminator,PSP,2006.0,Racing,THQ,0.11,0.2,0.0,0.12,0.42,65.0,24.0,8.2,6.0,T,0.24404761904761904
25 to Life,PS2,2006.0,Shooter,Eidos Interactive,0.35,0.01,0.0,0.06,0.42,39.0,23.0,4.9,46.0,M,0.24404761904761904
NHL 2K6,PS2,2005.0,Sports,Take-Two Interactive,0.21,0.16,0.0,0.05,0.42,81.0,28.0,5.8,18.0,E10+,0.24404761904761904
Medal of Honor: Rising Sun,GC,2003.0,Shooter,Electronic Arts,0.33,0.09,0.0,0.01,0.42,68.0,24.0,6.4,13.0,T,0.24404761904761904
The Sims,X,2003.0,Simulation,Electronic Arts,0.31,0.1,0.0,0.01,0.42,84.0,17.0,6.9,20.0,T,0.24404761904761904
Dogs Life,PS2,2003.0,Adventure,Sony Computer Entertainment,0.21,0.16,0.0,0.05,0.42,64.0,19.0,3.1,157.0,T,0.24404761904761904
Tony Hawks American Wasteland,GC,2005.0,Sports,Activision,0.33,0.08,0.0,0.01,0.42,76.0,26.0,7.7,15.0,T,0.24404761904761904
Colony Wars,PS,1997.0,Simulation,Psygnosis,0.24,0.16,0.0,0.03,0.42,91.0,12.0,7.8,12.0,E,0.24404761904761904
All-Star Baseball 2004,PS2,2003.0,Sports,Acclaim Entertainment,0.21,0.16,0.0,0.05,0.42,78.0,19.0,7.5,11.0,E,0.24404761904761904
Batman: Arkham Origins Blackgate,PSV,2013.0,Action,Warner Bros. Interactive Entertainment,0.16,0.17,0.0,0.1,0.42,61.0,38.0,6.8,106.0,T,0.24404761904761904
Zone of the Enders HD Collection,PS3,2012.0,Simulation,Konami Digital Entertainment,0.21,0.07,0.09,0.05,0.42,73.0,27.0,8.0,42.0,M,0.24404761904761904
NASCAR Thunder 2002,PS,2001.0,Racing,Electronic Arts,0.23,0.16,0.0,0.03,0.42,69.0,8.0,6.9,10.0,E,0.24404761904761904
NHL 17,XOne,2016.0,Sports,Electronic Arts,0.36,0.02,0.0,0.04,0.42,77.0,23.0,4.1,43.0,E10+,0.24404761904761904
2010 FIFA World Cup South Africa,Wii,2010.0,Sports,Electronic Arts,0.23,0.15,0.01,0.04,0.42,70.0,19.0,6.7,11.0,E,0.24404761904761904
ESPN NHL 2K5,X,2004.0,Sports,Global Star,0.32,0.09,0.0,0.02,0.42,88.0,32.0,8.5,14.0,E,0.24404761904761904
Hot Wheels World Race,PS2,2003.0,Racing,THQ,0.21,0.16,0.0,0.05,0.42,55.0,5.0,7.7,9.0,E,0.24404761904761904
Trials Fusion,PS4,2014.0,Racing,Ubisoft,0.13,0.22,0.01,0.07,0.42,79.0,51.0,7.2,245.0,E10+,0.24404761904761904
Superman: Shadow of Apokolips,PS2,2002.0,Action,Atari,0.21,0.16,0.0,0.05,0.42,64.0,22.0,7.2,9.0,E,0.24404761904761904
Just Dance 2014,PS4,2013.0,Misc,Ubisoft,0.19,0.16,0.0,0.07,0.42,75.0,4.0,5.5,52.0,E10+,0.24404761904761904
NASCAR Kart Racing,Wii,2009.0,Racing,Electronic Arts,0.39,0.0,0.0,0.03,0.42,70.0,12.0,8.1,9.0,E,0.24404761904761904
American Chopper,PS2,2004.0,Racing,Zoo Digital Publishing,0.35,0.01,0.0,0.06,0.42,47.0,4.0,7.5,13.0,T,0.24404761904761904
Guitar Hero: Smash Hits,X360,2009.0,Misc,Activision,0.23,0.15,0.0,0.04,0.42,71.0,56.0,6.0,19.0,T,0.24404761904761904
Lemony Snickets A Series of Unfortunate Events,GBA,2004.0,Platform,Activision,0.3,0.11,0.0,0.01,0.42,72.0,8.0,8.0,4.0,E,0.24404761904761904
One Piece: Burning Blood,PS4,2016.0,Fighting,Namco Bandai Games,0.12,0.17,0.08,0.06,0.42,66.0,45.0,7.8,50.0,T,0.24404761904761904
Test Drive,X,2002.0,Racing,Atari,0.35,0.05,0.0,0.02,0.42,71.0,16.0,8.7,10.0,T,0.24404761904761904
Pirates of the Caribbean: At Worlds End,PSP,2007.0,Action,Disney Interactive Studios,0.15,0.17,0.0,0.1,0.42,61.0,5.0,7.0,11.0,T,0.24404761904761904
James Bond 007: Everything or Nothing,GC,2004.0,Shooter,Electronic Arts,0.32,0.08,0.0,0.01,0.42,84.0,41.0,8.2,26.0,T,0.24404761904761904
NBA Live 06,PSP,2005.0,Sports,Electronic Arts,0.39,0.0,0.0,0.03,0.42,80.0,18.0,7.6,13.0,E,0.24404761904761904
TERA,PC,2011.0,Role-Playing,En Masse Entertainment,0.25,0.12,0.0,0.05,0.42,77.0,41.0,6.8,747.0,M,0.24404761904761904
MLB 08: The Show,PS2,2008.0,Sports,Sony Computer Entertainment,0.35,0.01,0.0,0.06,0.42,84.0,12.0,7.3,7.0,E,0.24404761904761904
Dance Dance Revolution Ultramix 2,X,2004.0,Simulation,Konami Digital Entertainment,0.32,0.09,0.0,0.02,0.42,78.0,16.0,7.1,7.0,E,0.24404761904761904
Mega Man Anniversary Collection,GC,2004.0,Platform,Capcom,0.32,0.08,0.0,0.01,0.42,81.0,32.0,8.8,17.0,E,0.24404761904761904
How to Train Your Dragon,Wii,2010.0,Action,Activision,0.23,0.15,0.0,0.04,0.42,59.0,11.0,7.0,4.0,E10+,0.24404761904761904
Crash: Mind Over Mutant,DS,2008.0,Platform,Vivendi Games,0.38,0.0,0.0,0.03,0.42,45.0,12.0,5.8,8.0,E,0.24404761904761904
Tales of Zestiria,PS4,2015.0,Role-Playing,Namco Bandai Games,0.17,0.15,0.03,0.07,0.42,72.0,59.0,6.8,316.0,T,0.24404761904761904
Harry Potter and the Goblet of Fire,GC,2005.0,Action,Electronic Arts,0.32,0.08,0.0,0.01,0.42,69.0,20.0,6.3,13.0,E10+,0.24404761904761904
Call of Duty: Advanced Warfare,PC,2014.0,Shooter,Activision,0.15,0.24,0.0,0.03,0.42,78.0,18.0,4.5,1137.0,M,0.24404761904761904
Thrillville: Off the Rails,PS2,2007.0,Strategy,LucasArts,0.2,0.16,0.0,0.05,0.42,70.0,11.0,1.7,30.0,E10+,0.24404761904761904
Mega Man X6,PS,2001.0,Action,Capcom,0.14,0.1,0.16,0.03,0.42,65.0,14.0,6.8,44.0,E,0.24404761904761904
BloodRayne,PS2,2002.0,Shooter,Universal Interactive,0.2,0.16,0.0,0.05,0.42,75.0,18.0,8.5,26.0,M,0.24404761904761904
Castlevania: Curse of Darkness,PS2,2005.0,Action,Konami Digital Entertainment,0.18,0.14,0.05,0.05,0.42,70.0,30.0,7.5,46.0,M,0.24404761904761904
LEGO Rock Band,PS3,2009.0,Misc,Warner Bros. Interactive Entertainment,0.24,0.12,0.0,0.06,0.42,75.0,36.0,7.6,18.0,E10+,0.24404761904761904
Black,X,2006.0,Shooter,Electronic Arts,0.31,0.09,0.0,0.01,0.42,77.0,65.0,8.0,51.0,M,0.24404761904761904
Spec Ops: The Line,X360,2012.0,Shooter,Take-Two Interactive,0.21,0.17,0.0,0.04,0.42,76.0,59.0,8.2,319.0,M,0.24404761904761904
Attack on Titan: Humanity in Chains,3DS,2013.0,Action,Screenlife,0.0,0.0,0.42,0.0,0.42,46.0,22.0,4.5,34.0,M,0.24404761904761904
DiRT Rally,PS4,2016.0,Racing,Codemasters,0.07,0.28,0.0,0.06,0.42,85.0,46.0,8.0,203.0,E,0.24404761904761904
NHL 15,XOne,2014.0,Sports,Electronic Arts,0.32,0.06,0.0,0.04,0.42,59.0,22.0,3.2,180.0,E10+,0.24404761904761904
Valkyrie Profile: Covenant of the Plume,DS,2008.0,Role-Playing,Square Enix,0.22,0.02,0.16,0.02,0.42,74.0,35.0,6.8,12.0,T,0.24404761904761904
NHL Slapshot,Wii,2010.0,Sports,Electronic Arts,0.39,0.0,0.0,0.02,0.42,76.0,25.0,8.1,7.0,E,0.24404761904761904
TRON: Evolution,PS3,2010.0,Action,Disney Interactive Studios,0.27,0.09,0.0,0.05,0.42,58.0,47.0,6.2,28.0,T,0.24404761904761904
Vanquish,X360,2010.0,Shooter,Sega,0.19,0.16,0.03,0.04,0.42,84.0,70.0,8.4,183.0,M,0.24404761904761904
Pirates of the Caribbean: At Worlds End,PS2,2007.0,Action,Disney Interactive Studios,0.2,0.16,0.0,0.05,0.42,54.0,10.0,7.0,10.0,T,0.24404761904761904
Mega Man Legends 2,PS,2000.0,Adventure,Capcom,0.17,0.12,0.1,0.03,0.42,76.0,10.0,8.8,29.0,E,0.24404761904761904
Blazing Angels: Squadrons of WWII,X360,2006.0,Simulation,Ubisoft,0.36,0.02,0.0,0.03,0.42,66.0,58.0,7.9,53.0,T,0.24404761904761904
The Suffering,PS2,2004.0,Action,Midway Games,0.2,0.16,0.0,0.05,0.42,77.0,47.0,8.9,40.0,M,0.24404761904761904
Zone of the Enders: The 2nd Runner,PS2,2003.0,Simulation,Konami Digital Entertainment,0.15,0.12,0.11,0.04,0.41,82.0,33.0,8.9,65.0,M,0.23809523809523808
NFL GameDay 2004,PS2,2003.0,Sports,Sony Computer Entertainment,0.2,0.16,0.0,0.05,0.41,65.0,25.0,8.7,6.0,E,0.23809523809523808
Condemned: Criminal Origins,X360,2005.0,Action,Sega,0.36,0.02,0.0,0.03,0.41,81.0,72.0,8.2,146.0,M,0.23809523809523808
Crash of the Titans,PS2,2007.0,Action,Vivendi Games,0.34,0.01,0.0,0.06,0.41,70.0,12.0,5.9,49.0,E10+,0.23809523809523808
Tom Clancys Rainbow Six: Lockdown,X,2005.0,Shooter,Ubisoft,0.26,0.13,0.0,0.02,0.41,74.0,39.0,6.6,28.0,M,0.23809523809523808
TimeShift,X360,2007.0,Shooter,Vivendi Games,0.36,0.02,0.0,0.03,0.41,70.0,58.0,7.9,63.0,M,0.23809523809523808
Life is Strange,PS4,2016.0,Adventure,Square Enix,0.16,0.15,0.04,0.06,0.41,85.0,23.0,8.6,695.0,M,0.23809523809523808
Castlevania: The Dracula X Chronicles,PSP,2007.0,Platform,Konami Digital Entertainment,0.22,0.09,0.04,0.07,0.41,80.0,43.0,7.8,62.0,T,0.23809523809523808
Tom Clancys HAWX 2,PS3,2010.0,Action,Ubisoft,0.21,0.12,0.03,0.05,0.41,70.0,30.0,6.8,19.0,T,0.23809523809523808
Football Manager Handheld 2011,PSP,2010.0,Sports,Sega,0.0,0.27,0.0,0.14,0.41,77.0,5.0,7.7,6.0,E,0.23809523809523808
X-Men: The Official Game,PS2,2006.0,Action,Activision,0.2,0.16,0.0,0.05,0.41,52.0,44.0,7.5,20.0,T,0.23809523809523808
Marvel Super Hero Squad,DS,2009.0,Fighting,THQ,0.36,0.02,0.0,0.03,0.41,61.0,4.0,2.8,4.0,E10+,0.23809523809523808
300: March to Glory,PSP,2007.0,Action,Warner Bros. Interactive Entertainment,0.27,0.08,0.0,0.07,0.41,55.0,31.0,7.1,14.0,M,0.23809523809523808
Green Day: Rock Band,PS3,2010.0,Misc,MTV Games,0.19,0.15,0.0,0.06,0.41,76.0,41.0,6.3,24.0,T,0.23809523809523808
Call of Duty: Black Ops II,WiiU,2012.0,Shooter,Activision,0.2,0.18,0.0,0.03,0.41,81.0,31.0,6.9,229.0,M,0.23809523809523808
F1 2014,PS3,2014.0,Racing,Codemasters,0.07,0.26,0.02,0.06,0.41,62.0,19.0,4.2,29.0,E,0.23809523809523808
Cars: Mater-National Championship,PS3,2007.0,Racing,THQ,0.37,0.01,0.0,0.03,0.41,63.0,8.0,4.8,4.0,E,0.23809523809523808
BioShock,PC,2007.0,Shooter,Take-Two Interactive,0.01,0.39,0.0,0.02,0.41,96.0,44.0,8.5,3629.0,M,0.23809523809523808
The Terminator: Dawn of Fate,PS2,2002.0,Action,Atari,0.2,0.16,0.0,0.05,0.41,58.0,17.0,5.7,18.0,T,0.23809523809523808
Medal of Honor Heroes 2,Wii,2007.0,Shooter,Electronic Arts,0.33,0.04,0.01,0.03,0.41,73.0,37.0,7.6,82.0,T,0.23809523809523808
Top Spin 4,X360,2011.0,Sports,Take-Two Interactive,0.15,0.22,0.0,0.04,0.41,84.0,54.0,8.2,70.0,E,0.23809523809523808
Armored Core 2: Another Age,PS2,2001.0,Simulation,Metro 3D,0.11,0.08,0.19,0.03,0.41,75.0,16.0,8.8,30.0,T,0.23809523809523808
Mortal Kombat: Deadly Alliance,GC,2002.0,Fighting,Midway Games,0.31,0.08,0.0,0.01,0.41,81.0,20.0,8.7,43.0,M,0.23809523809523808
NiGHTS: Journey of Dreams,Wii,2007.0,Platform,Sega,0.32,0.02,0.04,0.03,0.41,69.0,47.0,8.5,55.0,E,0.23809523809523808
"Ed, Edd n Eddy: The Mis-Edventures",PS2,2005.0,Platform,Midway Games,0.34,0.01,0.0,0.06,0.41,50.0,5.0,7.6,16.0,E,0.23809523809523808
Harry Potter and the Deathly Hallows - Part 1,DS,2010.0,Action,Electronic Arts,0.19,0.18,0.0,0.04,0.41,56.0,6.0,6.0,4.0,E10+,0.23809523809523808
WWE All Stars,PS3,2011.0,Fighting,THQ,0.16,0.18,0.0,0.07,0.41,75.0,51.0,6.4,37.0,T,0.23809523809523808
Resistance: Burning Skies,PSV,2012.0,Shooter,Sony Computer Entertainment,0.18,0.15,0.02,0.06,0.41,60.0,63.0,6.8,245.0,M,0.23809523809523808
Disney's Tarzan Untamed,PS2,2001.0,Platform,Ubisoft,0.2,0.16,0.0,0.05,0.41,59.0,7.0,7.1,7.0,E,0.23809523809523808
Green Day: Rock Band,X360,2010.0,Misc,MTV Games,0.24,0.13,0.0,0.04,0.41,75.0,54.0,6.6,32.0,T,0.23809523809523808
Battlefield 2: Modern Combat,X360,2006.0,Shooter,Electronic Arts,0.35,0.02,0.01,0.03,0.41,77.0,54.0,7.3,79.0,T,0.23809523809523808
Knockout Kings 2001,PS,2000.0,Fighting,Electronic Arts,0.23,0.15,0.0,0.03,0.41,84.0,11.0,8.5,6.0,T,0.23809523809523808
Asuras Wrath,PS3,2012.0,Action,Capcom,0.18,0.12,0.06,0.05,0.41,71.0,39.0,7.4,171.0,T,0.23809523809523808
Fantastic Pets,X360,2011.0,Simulation,THQ,0.3,0.08,0.0,0.03,0.41,66.0,11.0,7.5,4.0,E,0.23809523809523808
From Russia With Love,PS2,2005.0,Action,Electronic Arts,0.34,0.01,0.0,0.06,0.41,69.0,29.0,7.6,36.0,T,0.23809523809523808
BlazBlue: Continuum Shift,PS3,2010.0,Fighting,PQube,0.21,0.07,0.09,0.04,0.41,87.0,29.0,8.0,65.0,T,0.23809523809523808
Duke Nukem Forever,PC,2011.0,Shooter,Take-Two Interactive,0.18,0.17,0.0,0.06,0.41,54.0,48.0,5.7,1185.0,M,0.23809523809523808
Katamari Forever,PS3,2009.0,Puzzle,Namco Bandai Games,0.26,0.04,0.06,0.04,0.41,74.0,51.0,8.1,50.0,E,0.23809523809523808
Minority Report: Everybody Runs,PS2,2002.0,Action,Activision,0.2,0.15,0.0,0.05,0.41,50.0,26.0,5.0,14.0,T,0.23809523809523808
NFL GameDay 2002,PS,2001.0,Sports,Sony Computer Entertainment,0.23,0.15,0.0,0.03,0.4,62.0,10.0,8.8,4.0,E,0.23214285714285715
Spider-Man: Web of Shadows,X360,2008.0,Action,Activision,0.36,0.02,0.0,0.03,0.4,68.0,57.0,8.6,87.0,T,0.23214285714285715
Naughty Bear,X360,2010.0,Action,505 Games,0.21,0.15,0.0,0.04,0.4,43.0,51.0,5.6,70.0,T,0.23214285714285715
Tak and the Power of Juju,GC,2003.0,Platform,THQ,0.31,0.08,0.0,0.01,0.4,71.0,16.0,8.2,9.0,E,0.23214285714285715
Six Flags Fun Park,Wii,2009.0,Misc,Ubisoft,0.27,0.09,0.0,0.04,0.4,43.0,7.0,7.1,7.0,E10+,0.23214285714285715
NBA Jam,Wii,2010.0,Sports,Electronic Arts,0.36,0.02,0.0,0.02,0.4,79.0,43.0,8.5,20.0,E,0.23214285714285715
Beowulf: The Game,X360,2007.0,Action,Ubisoft,0.36,0.01,0.0,0.03,0.4,51.0,23.0,4.7,30.0,M,0.23214285714285715
Rune Factory 3: A Fantasy Harvest Moon,DS,2009.0,Role-Playing,Rising Star Games,0.26,0.03,0.1,0.02,0.4,77.0,10.0,8.6,46.0,E,0.23214285714285715
Metal Gear Solid: The Legacy Collection,PS3,2013.0,Adventure,Konami Digital Entertainment,0.31,0.01,0.03,0.06,0.4,93.0,4.0,9.0,257.0,M,0.23214285714285715
Defender,PS2,2002.0,Misc,Midway Games,0.2,0.15,0.0,0.05,0.4,73.0,24.0,7.8,6.0,T,0.23214285714285715
The Wonderful 101,WiiU,2013.0,Action,Nintendo,0.19,0.1,0.08,0.03,0.4,78.0,75.0,8.5,496.0,T,0.23214285714285715
Gauntlet: Seven Sorrows,PS2,2005.0,Role-Playing,Midway Games,0.2,0.15,0.0,0.05,0.4,59.0,38.0,5.7,20.0,T,0.23214285714285715
Harry Potter: Quidditch World Cup,GC,2003.0,Sports,Electronic Arts,0.31,0.08,0.0,0.01,0.4,68.0,16.0,8.5,10.0,E,0.23214285714285715
Overlord,X360,2007.0,Strategy,Codemasters,0.34,0.03,0.01,0.03,0.4,76.0,47.0,8.3,70.0,T,0.23214285714285715
The Chronicles of Narnia: Prince Caspian,PS2,2008.0,Action,Disney Interactive Studios,0.2,0.15,0.0,0.05,0.4,67.0,6.0,7.0,8.0,T,0.23214285714285715
Battalion Wars,GC,2005.0,Strategy,Nintendo,0.25,0.07,0.07,0.01,0.4,76.0,43.0,8.8,18.0,T,0.23214285714285715
NHL 17,PS4,2016.0,Sports,Electronic Arts,0.23,0.1,0.0,0.07,0.4,78.0,26.0,5.9,71.0,E10+,0.23214285714285715
FIFA 14,PC,2013.0,Sports,Electronic Arts,0.01,0.36,0.0,0.03,0.4,87.0,6.0,4.6,443.0,E,0.23214285714285715
Wall-E,PS3,2008.0,Platform,THQ,0.12,0.21,0.0,0.08,0.4,51.0,24.0,5.0,7.0,E,0.23214285714285715
18 Wheeler: American Pro Trucker,PS2,2001.0,Racing,Acclaim Entertainment,0.2,0.15,0.0,0.05,0.4,61.0,11.0,5.7,18.0,E,0.23214285714285715
Atari Anthology,PS2,2004.0,Misc,Atari,0.33,0.01,0.0,0.05,0.4,66.0,12.0,4.3,6.0,E,0.23214285714285715
World of Final Fantasy,PS4,2016.0,Role-Playing,Square Enix,0.1,0.17,0.08,0.05,0.4,77.0,78.0,8.2,234.0,E10+,0.23214285714285715
Rock Band 4,PS4,2015.0,Misc,Harmonix Music Systems,0.28,0.05,0.0,0.07,0.4,78.0,51.0,6.3,88.0,T,0.23214285714285715
Ragnarok Odyssey,PSV,2012.0,Role-Playing,GungHo,0.2,0.01,0.16,0.03,0.4,66.0,21.0,7.8,111.0,T,0.23214285714285715
LEGO Harry Potter: Years 5-7,3DS,2011.0,Action,Warner Bros. Interactive Entertainment,0.18,0.19,0.0,0.03,0.4,71.0,7.0,6.5,11.0,E10+,0.23214285714285715
MLB 2006,PS2,2005.0,Sports,Sony Computer Entertainment,0.33,0.01,0.0,0.05,0.4,81.0,32.0,9.0,21.0,E,0.23214285714285715
Madden NFL Football,3DS,2011.0,Sports,Electronic Arts,0.37,0.01,0.0,0.03,0.4,49.0,18.0,5.3,16.0,E,0.23214285714285715
The Gunstringer,X360,2011.0,Shooter,Microsoft Game Studios,0.26,0.1,0.0,0.04,0.4,77.0,60.0,8.1,40.0,T,0.23214285714285715
FIFA Soccer 13,PC,2012.0,Action,Electronic Arts,0.02,0.31,0.0,0.07,0.4,86.0,7.0,6.6,289.0,E,0.23214285714285715
Marvel: Ultimate Alliance,Wii,2006.0,Role-Playing,Activision,0.36,0.0,0.0,0.03,0.4,73.0,31.0,7.3,29.0,T,0.23214285714285715
MX vs. ATV Unleashed,X,2005.0,Racing,THQ,0.32,0.07,0.0,0.01,0.4,80.0,21.0,8.3,13.0,E,0.23214285714285715
Rampage: Total Destruction,GC,2006.0,Action,Midway Games,0.31,0.08,0.0,0.01,0.4,57.0,24.0,6.7,6.0,E10+,0.23214285714285715
The Urbz: Sims in the City,GC,2004.0,Simulation,Electronic Arts,0.24,0.14,0.0,0.02,0.4,73.0,19.0,8.4,16.0,T,0.23214285714285715
LEGO The Lord of the Rings,3DS,2012.0,Action,Warner Bros. Interactive Entertainment,0.2,0.16,0.0,0.03,0.4,61.0,4.0,7.8,11.0,E10+,0.23214285714285715
WWE SmackDown! vs. RAW 2006,PSP,2005.0,Fighting,THQ,0.36,0.0,0.0,0.03,0.4,81.0,30.0,8.5,37.0,T,0.23214285714285715
Mafia II,PC,2010.0,Action,Take-Two Interactive,0.17,0.17,0.0,0.05,0.4,77.0,46.0,7.9,1253.0,M,0.23214285714285715
Spore Hero,Wii,2009.0,Simulation,Electronic Arts,0.35,0.02,0.0,0.03,0.4,61.0,23.0,7.1,36.0,E10+,0.23214285714285715
Sega Superstars Tennis,PS3,2008.0,Sports,Sega,0.13,0.2,0.0,0.07,0.4,67.0,31.0,7.4,7.0,E10+,0.23214285714285715
NBA Live 2002,X,2001.0,Sports,Electronic Arts,0.35,0.03,0.0,0.02,0.4,76.0,15.0,7.5,6.0,E,0.23214285714285715
I-Ninja,PS2,2003.0,Platform,Sony Computer Entertainment,0.19,0.15,0.0,0.05,0.4,73.0,39.0,8.3,22.0,T,0.23214285714285715
Ghostbusters: The Video Game,DS,2009.0,Action,Atari,0.24,0.12,0.0,0.04,0.4,55.0,17.0,6.0,7.0,E,0.23214285714285715
Skylanders SWAP Force,PS4,2013.0,Platform,Activision,0.21,0.12,0.0,0.07,0.4,79.0,7.0,5.2,46.0,E10+,0.23214285714285715
Harvest Moon: Save the Homeland,PS2,2001.0,Simulation,Natsume,0.19,0.15,0.0,0.05,0.4,76.0,14.0,8.8,72.0,E,0.23214285714285715
NBA Jam,PS3,2010.0,Sports,Electronic Arts,0.22,0.12,0.0,0.06,0.4,71.0,33.0,5.7,14.0,E,0.23214285714285715
Call of Duty: Finest Hour,GC,2004.0,Shooter,Activision,0.31,0.08,0.0,0.01,0.4,74.0,31.0,8.9,13.0,T,0.23214285714285715
Naruto: Path of the Ninja,DS,2007.0,Role-Playing,D3Publisher,0.37,0.0,0.0,0.03,0.4,57.0,18.0,7.2,9.0,E10+,0.23214285714285715
Castlevania: Portrait of Ruin,DS,2006.0,Platform,Konami Digital Entertainment,0.31,0.02,0.04,0.03,0.4,85.0,51.0,8.3,88.0,T,0.23214285714285715
LEGO Marvels Avengers,XOne,2016.0,Action,Warner Bros. Interactive Entertainment,0.22,0.14,0.0,0.04,0.4,71.0,18.0,5.4,16.0,E10+,0.23214285714285715
Suzuki TT Superbikes,PS2,2005.0,Racing,Jester Interactive,0.33,0.01,0.0,0.05,0.4,71.0,7.0,8.5,8.0,E,0.23214285714285715
Sherlock Holmes: The Mystery of the Mummy,DS,2009.0,Adventure,Focus Home Interactive,0.06,0.3,0.0,0.04,0.39,57.0,8.0,3.1,9.0,E,0.2261904761904762
Rumble Roses,PS2,2004.0,Fighting,Konami Digital Entertainment,0.19,0.15,0.0,0.05,0.39,66.0,44.0,8.3,21.0,M,0.2261904761904762
Tomb Raider: Anniversary,X360,2007.0,Action,Eidos Interactive,0.12,0.22,0.0,0.05,0.39,77.0,33.0,8.3,39.0,T,0.2261904761904762
Fantastic Four: Rise of the Silver Surfer,PS2,2007.0,Action,Take-Two Interactive,0.19,0.15,0.0,0.05,0.39,36.0,7.0,6.4,17.0,T,0.2261904761904762
Ultimate Spider-Man,X,2005.0,Action,Activision,0.26,0.11,0.0,0.02,0.39,77.0,53.0,7.4,20.0,T,0.2261904761904762
Juiced 2: Hot Import Nights,PS2,2007.0,Racing,THQ,0.19,0.15,0.01,0.05,0.39,66.0,4.0,6.7,10.0,T,0.2261904761904762
Shin Megami Tensei: Devil Survivor Overclocked,3DS,2011.0,Role-Playing,Ghostlight,0.29,0.01,0.06,0.03,0.39,78.0,27.0,8.3,98.0,T,0.2261904761904762
No More Heroes 2: Desperate Struggle,Wii,2010.0,Action,Rising Star Games,0.2,0.11,0.04,0.03,0.39,84.0,68.0,8.8,184.0,M,0.2261904761904762
Legends of WrestleMania,X360,2009.0,Fighting,THQ,0.2,0.15,0.0,0.04,0.39,71.0,59.0,6.3,23.0,T,0.2261904761904762
Fishing Resort,Wii,2011.0,Sports,Namco Bandai Games,0.14,0.0,0.25,0.01,0.39,69.0,9.0,7.0,8.0,E,0.2261904761904762
Just Dance 2015,PS4,2014.0,Misc,Ubisoft,0.2,0.13,0.0,0.07,0.39,72.0,8.0,5.8,33.0,E10+,0.2261904761904762
Armored Core V,PS3,2012.0,Simulation,Namco Bandai Games,0.09,0.04,0.24,0.02,0.39,65.0,26.0,7.3,47.0,T,0.2261904761904762
The Darkness II,X360,2012.0,Shooter,Take-Two Interactive,0.25,0.11,0.0,0.03,0.39,80.0,71.0,7.5,220.0,M,0.2261904761904762
Harry Potter and the Deathly Hallows - Part 1,PS3,2010.0,Action,Electronic Arts,0.13,0.2,0.0,0.07,0.39,38.0,27.0,2.8,23.0,T,0.2261904761904762
Mass Effect 2,PC,2010.0,Role-Playing,Electronic Arts,0.01,0.32,0.0,0.06,0.39,94.0,55.0,8.8,3585.0,M,0.2261904761904762
Project X Zone,3DS,2012.0,Role-Playing,Namco Bandai Games,0.18,0.04,0.15,0.02,0.39,70.0,53.0,7.3,146.0,T,0.2261904761904762
The House of The Dead III,X,2002.0,Shooter,Sega,0.29,0.08,0.0,0.01,0.39,72.0,30.0,7.3,9.0,M,0.2261904761904762
NBA Jam,X360,2010.0,Sports,Electronic Arts,0.27,0.09,0.0,0.03,0.39,75.0,30.0,7.0,24.0,E,0.2261904761904762
Donkey Konga 2,GC,2004.0,Misc,Nintendo,0.3,0.08,0.0,0.01,0.39,69.0,30.0,6.0,9.0,T,0.2261904761904762
Transformers: Fall of Cybertron,PS3,2012.0,Action,Activision,0.19,0.14,0.0,0.06,0.39,77.0,32.0,8.2,87.0,T,0.2261904761904762
Alpha Protocol,X360,2010.0,Role-Playing,Sega,0.23,0.12,0.0,0.04,0.39,63.0,68.0,7.2,201.0,M,0.2261904761904762
Combat of Giants: Dinosaurs 3D,3DS,2011.0,Strategy,Ubisoft,0.25,0.06,0.05,0.03,0.39,44.0,18.0,5.3,9.0,E10+,0.2261904761904762
SSX 3,X,2003.0,Sports,Electronic Arts,0.29,0.08,0.0,0.01,0.39,92.0,27.0,8.7,25.0,E,0.2261904761904762
Final Fantasy Crystal Chronicles: The Crystal Bearers,Wii,2009.0,Action,Square Enix,0.21,0.07,0.08,0.03,0.39,66.0,53.0,7.6,70.0,T,0.2261904761904762
Madden NFL 2005,GBA,2004.0,Sports,Electronic Arts,0.28,0.1,0.0,0.01,0.39,79.0,9.0,7.6,5.0,E,0.2261904761904762
Sonic Lost World,WiiU,2013.0,Platform,Sega,0.23,0.12,0.01,0.03,0.39,63.0,64.0,7.3,462.0,E10+,0.2261904761904762
Iron Man 2,PS3,2010.0,Action,Sega,0.14,0.18,0.0,0.07,0.39,41.0,28.0,5.2,36.0,T,0.2261904761904762
Star Wars The Clone Wars: Republic Heroes,X360,2009.0,Action,LucasArts,0.18,0.17,0.0,0.04,0.39,43.0,37.0,6.3,19.0,T,0.2261904761904762
Kengo: Master of Bushido,PS2,2000.0,Fighting,Ubisoft,0.16,0.13,0.06,0.04,0.39,62.0,13.0,8.4,8.0,M,0.2261904761904762
Monopoly Streets,PS3,2010.0,Misc,Electronic Arts,0.16,0.17,0.0,0.06,0.39,64.0,11.0,6.1,9.0,E,0.2261904761904762
Blood Omen 2,PS2,2002.0,Action,Eidos Interactive,0.19,0.15,0.0,0.05,0.39,67.0,18.0,8.8,19.0,M,0.2261904761904762
Condemned 2: Bloodshot,PS3,2008.0,Action,Sega,0.17,0.16,0.0,0.07,0.39,82.0,37.0,8.1,89.0,M,0.2261904761904762
Chessmaster,PS2,2003.0,Misc,Ubisoft,0.19,0.15,0.0,0.05,0.39,79.0,9.0,7.3,13.0,E,0.2261904761904762
Ice Age 2: The Meltdown,PS2,2006.0,Platform,Vivendi Games,0.19,0.15,0.0,0.05,0.39,68.0,19.0,8.0,6.0,E10+,0.2261904761904762
The Sims 2,GBA,2005.0,Simulation,Electronic Arts,0.28,0.1,0.0,0.01,0.39,58.0,11.0,7.5,6.0,E10+,0.2261904761904762
Hitman: Blood Money,X360,2006.0,Action,Eidos Interactive,0.29,0.06,0.01,0.03,0.39,82.0,53.0,8.7,102.0,M,0.2261904761904762
Advance Wars: Dual Strike,DS,2005.0,Strategy,Nintendo,0.3,0.02,0.04,0.03,0.39,90.0,49.0,9.0,163.0,E,0.2261904761904762
Auto Modellista,PS2,2002.0,Racing,Capcom,0.19,0.15,0.0,0.05,0.39,66.0,20.0,7.5,13.0,E,0.2261904761904762
Tom Clancys Ghost Recon 2: Summit Strike,X,2005.0,Shooter,Ubisoft,0.29,0.08,0.0,0.01,0.39,84.0,40.0,7.2,35.0,T,0.2261904761904762
Robert Ludlum's The Bourne Conspiracy,PS3,2008.0,Action,Vivendi Games,0.18,0.14,0.0,0.06,0.39,70.0,47.0,7.6,43.0,T,0.2261904761904762
One Piece: Unlimited World Red,3DS,2013.0,Action,Namco Bandai Games,0.05,0.04,0.28,0.01,0.39,75.0,5.0,7.6,26.0,T,0.2261904761904762
Samurai Warriors Chronicles,3DS,2011.0,Action,Tecmo Koei,0.12,0.05,0.2,0.01,0.39,61.0,30.0,7.7,35.0,T,0.2261904761904762
EA Sports Active 2,X360,2010.0,Sports,Electronic Arts,0.18,0.16,0.0,0.04,0.39,68.0,21.0,5.4,9.0,E,0.2261904761904762
MotoGP 08,PS3,2008.0,Racing,Capcom,0.07,0.24,0.0,0.08,0.39,65.0,21.0,6.0,9.0,E,0.2261904761904762
Red Faction: Armageddon,X360,2011.0,Shooter,THQ,0.18,0.16,0.01,0.04,0.39,71.0,74.0,7.0,77.0,M,0.2261904761904762
Dungeon Siege III,PS3,2011.0,Role-Playing,Square Enix,0.17,0.13,0.03,0.05,0.39,71.0,52.0,6.3,86.0,T,0.2261904761904762
Harry Potter: Quidditch World Cup,GBA,2003.0,Sports,Electronic Arts,0.28,0.1,0.0,0.01,0.39,53.0,6.0,8.3,9.0,E,0.2261904761904762
Silent Hill: Homecoming,PS3,2008.0,Action,Konami Digital Entertainment,0.18,0.14,0.0,0.06,0.38,71.0,41.0,6.9,145.0,M,0.22023809523809523
Skylanders: Trap Team,XOne,2014.0,Action,Activision,0.28,0.07,0.0,0.04,0.38,78.0,22.0,7.1,15.0,E10+,0.22023809523809523
Shin Megami Tensei: Nocturne,PS2,2003.0,Role-Playing,Ghostlight,0.07,0.05,0.25,0.02,0.38,82.0,42.0,8.8,86.0,M,0.22023809523809523
Homefront: The Revolution,PS4,2016.0,Shooter,Deep Silver,0.08,0.22,0.03,0.05,0.38,48.0,43.0,3.9,216.0,M,0.22023809523809523
Farming Simulator 2013,X360,2013.0,Simulation,Focus Home Interactive,0.22,0.13,0.0,0.04,0.38,33.0,12.0,6.2,30.0,E,0.22023809523809523
Saints Row: The Third,PC,2011.0,Action,THQ,0.16,0.16,0.0,0.06,0.38,84.0,22.0,8.1,1270.0,M,0.22023809523809523
ESPN College Hoops 2K5,X,2004.0,Sports,Sega,0.29,0.08,0.0,0.01,0.38,86.0,18.0,8.3,11.0,E,0.22023809523809523
Looney Tunes: Acme Arsenal,PS2,2007.0,Action,Warner Bros. Interactive Entertainment,0.19,0.15,0.0,0.05,0.38,38.0,10.0,3.9,7.0,E10+,0.22023809523809523
Marvel: Ultimate Alliance,PS3,2006.0,Role-Playing,Activision,0.33,0.02,0.0,0.03,0.38,78.0,35.0,7.6,49.0,T,0.22023809523809523
Naruto: Clash of Ninja Revolution 2,Wii,2008.0,Fighting,Tomy Corporation,0.34,0.02,0.0,0.03,0.38,72.0,20.0,8.4,16.0,T,0.22023809523809523
Star Fox: Zero,WiiU,2016.0,Shooter,Nintendo,0.18,0.1,0.08,0.03,0.38,69.0,82.0,7.4,669.0,E10+,0.22023809523809523
NFL GameDay 2002,PS2,2001.0,Sports,Sony Computer Entertainment,0.19,0.15,0.0,0.05,0.38,51.0,18.0,4.6,5.0,E,0.22023809523809523
Turok: Evolution,GC,2002.0,Shooter,Acclaim Entertainment,0.3,0.08,0.0,0.01,0.38,70.0,19.0,7.0,21.0,M,0.22023809523809523
NCAA Football 08,PS3,2007.0,Sports,Electronic Arts,0.35,0.0,0.0,0.03,0.38,77.0,13.0,7.9,28.0,E,0.22023809523809523
Viking: Battle for Asgard,PS3,2008.0,Action,Sega,0.14,0.17,0.0,0.07,0.38,65.0,38.0,7.4,32.0,M,0.22023809523809523
Sega Superstars Tennis,PS2,2008.0,Sports,Sega,0.1,0.0,0.0,0.28,0.38,70.0,9.0,8.3,4.0,E10+,0.22023809523809523
Headhunter,PS2,2002.0,Action,Sega,0.19,0.15,0.0,0.05,0.38,74.0,24.0,7.8,19.0,M,0.22023809523809523
Marvel Nemesis: Rise of the Imperfects,GC,2005.0,Fighting,Electronic Arts,0.3,0.08,0.0,0.01,0.38,54.0,19.0,5.7,24.0,T,0.22023809523809523
Brunswick Pro Bowling,Wii,2007.0,Sports,505 Games,0.35,0.01,0.0,0.03,0.38,52.0,11.0,5.4,23.0,E,0.22023809523809523
Bratz: Rock Angelz,PS2,2005.0,Misc,THQ,0.19,0.15,0.0,0.05,0.38,60.0,7.0,5.1,7.0,E,0.22023809523809523
FlatOut,PS2,2004.0,Racing,Empire Interactive,0.19,0.15,0.0,0.05,0.38,70.0,30.0,8.5,16.0,T,0.22023809523809523
Metal Gear Solid: Snake Eater 3D,3DS,2012.0,Action,Konami Digital Entertainment,0.15,0.11,0.1,0.02,0.38,78.0,46.0,7.8,167.0,M,0.22023809523809523
SSX 3,GC,2003.0,Sports,Electronic Arts,0.29,0.08,0.0,0.01,0.38,92.0,27.0,8.7,45.0,E,0.22023809523809523
LocoRoco,PSP,2006.0,Platform,Sony Computer Entertainment,0.14,0.04,0.16,0.03,0.38,83.0,67.0,8.7,89.0,E,0.22023809523809523
Risk: Global Domination,PS2,2003.0,Strategy,Atari,0.19,0.15,0.0,0.05,0.38,60.0,9.0,8.8,25.0,T,0.22023809523809523
Sword Art Online: Lost Song,PSV,2015.0,Role-Playing,Namco Bandai Games,0.07,0.04,0.23,0.03,0.38,70.0,4.0,7.1,29.0,T,0.22023809523809523
Grandia Xtreme,PS2,2002.0,Role-Playing,Enix Corporation,0.07,0.05,0.25,0.02,0.38,68.0,16.0,6.5,15.0,T,0.22023809523809523
The Incredible Hulk,PS2,2008.0,Action,Sega,0.32,0.01,0.0,0.05,0.38,50.0,4.0,6.0,5.0,T,0.22023809523809523
Mercenaries 2: World in Flames,PS2,2008.0,Shooter,Electronic Arts,0.21,0.0,0.0,0.17,0.38,49.0,10.0,7.4,31.0,T,0.22023809523809523
Ghost Trick: Phantom Detective,DS,2010.0,Adventure,Capcom,0.17,0.07,0.12,0.02,0.38,83.0,60.0,9.0,127.0,T,0.22023809523809523
Skylanders Giants,WiiU,2012.0,Action,Activision,0.22,0.12,0.0,0.03,0.38,80.0,8.0,6.9,22.0,E10+,0.22023809523809523
Hunter: The Reckoning,X,2002.0,Action,Interplay,0.28,0.08,0.0,0.01,0.38,79.0,28.0,8.9,20.0,M,0.22023809523809523
MX vs. ATV Untamed,PS2,2007.0,Racing,THQ,0.32,0.01,0.0,0.05,0.38,53.0,13.0,8.2,5.0,E,0.22023809523809523
Dawn of Discovery,PC,2009.0,Simulation,Ubisoft,0.0,0.32,0.0,0.06,0.38,82.0,32.0,8.8,132.0,T,0.22023809523809523
Football Manager 2016,PC,2015.0,Simulation,Sega,0.0,0.36,0.0,0.02,0.38,81.0,34.0,7.0,99.0,E,0.22023809523809523
Get Fit with Mel ,PS3,2010.0,Sports,Black Bean Games,0.15,0.16,0.0,0.07,0.38,73.0,4.0,5.8,4.0,E,0.22023809523809523
Pokemon Channel,GC,2003.0,Adventure,Nintendo,0.24,0.06,0.07,0.01,0.38,55.0,21.0,5.7,23.0,E,0.22023809523809523
Disney Sing It,PS3,2008.0,Misc,Disney Interactive Studios,0.28,0.06,0.0,0.04,0.38,54.0,11.0,3.5,6.0,E,0.22023809523809523
Virtua Tennis 2009,PS3,2009.0,Sports,Sega,0.09,0.22,0.0,0.06,0.38,70.0,34.0,6.5,22.0,E,0.22023809523809523
The Dog Island,Wii,2007.0,Adventure,Ubisoft,0.34,0.01,0.0,0.03,0.38,70.0,4.0,8.1,12.0,E,0.22023809523809523
Lego Star Wars: The Force Awakens,XOne,2016.0,Action,Warner Bros. Interactive Entertainment,0.18,0.17,0.0,0.03,0.38,76.0,11.0,7.0,18.0,E10+,0.22023809523809523
Madagascar: Escape 2 Africa,PS2,2008.0,Action,Activision,0.12,0.0,0.0,0.26,0.38,56.0,4.0,5.8,6.0,E,0.22023809523809523
Need for Speed: Nitro,DS,2009.0,Racing,Electronic Arts,0.21,0.13,0.0,0.04,0.38,70.0,7.0,6.3,7.0,E10+,0.22023809523809523
Naruto Shippuden: Ultimate Ninja Heroes 3,PSP,2009.0,Fighting,Namco Bandai Games,0.13,0.04,0.19,0.03,0.38,61.0,22.0,6.4,19.0,T,0.22023809523809523
Wii Sports Clu,WiiU,2014.0,Sports,Nintendo,0.17,0.14,0.04,0.03,0.38,68.0,21.0,7.0,106.0,E10+,0.22023809523809523
Age of Empires III,PC,2005.0,Strategy,Microsoft Game Studios,0.0,0.33,0.0,0.05,0.38,81.0,52.0,7.7,524.0,T,0.22023809523809523
TrackMania Turbo,PS4,2016.0,Action,Ubisoft,0.04,0.28,0.0,0.06,0.38,81.0,52.0,7.9,111.0,E,0.22023809523809523
EyeToy Play 2,PS2,2004.0,Misc,Sony Computer Entertainment,0.18,0.14,0.0,0.05,0.38,78.0,30.0,7.0,9.0,E10+,0.22023809523809523
Dance Dance Revolution Ultramix 3,X,2005.0,Simulation,Konami Digital Entertainment,0.28,0.08,0.0,0.01,0.38,75.0,16.0,8.6,8.0,E10+,0.22023809523809523
Pro Evolution Soccer 2011 3D,3DS,2011.0,Sports,Konami Digital Entertainment,0.11,0.13,0.11,0.02,0.38,73.0,43.0,6.7,18.0,E,0.22023809523809523
Just Dance 2014,PS3,2013.0,Misc,Ubisoft,0.17,0.14,0.0,0.06,0.38,77.0,6.0,7.1,25.0,E10+,0.22023809523809523
Harry Potter and the Prisoner of Azkaban,GC,2004.0,Action,Electronic Arts,0.29,0.08,0.0,0.01,0.38,67.0,22.0,7.3,8.0,E,0.22023809523809523
GRID 2,PS3,2013.0,Racing,Codemasters,0.07,0.22,0.01,0.08,0.38,82.0,20.0,6.6,174.0,E,0.22023809523809523
World of Warcraft: Legion,PC,2016.0,Role-Playing,Activision,0.14,0.2,0.0,0.03,0.37,88.0,62.0,7.4,561.0,T,0.21428571428571427
Super Dragon Ball Z,PS2,2006.0,Fighting,Atari,0.09,0.07,0.19,0.02,0.37,72.0,31.0,5.8,21.0,T,0.21428571428571427
Just Dance 2016,PS4,2015.0,Misc,Ubisoft,0.18,0.13,0.0,0.06,0.37,73.0,10.0,6.7,21.0,E10+,0.21428571428571427
The Golden Compass,PSP,2007.0,Action,Sega,0.11,0.16,0.0,0.1,0.37,28.0,4.0,4.1,7.0,E10+,0.21428571428571427
Mirrors Edge Catalyst,PS4,2016.0,Platform,Electronic Arts,0.12,0.17,0.03,0.06,0.37,69.0,50.0,4.7,589.0,T,0.21428571428571427
Ultimate Spider-Man,GC,2005.0,Action,Activision,0.29,0.07,0.0,0.01,0.37,76.0,36.0,7.2,21.0,T,0.21428571428571427
Major League Baseball 2K6,X360,2006.0,Sports,Spike,0.34,0.0,0.0,0.03,0.37,66.0,22.0,3.9,37.0,E,0.21428571428571427
Theatrhythm Final Fantasy: Curtain Call,3DS,2014.0,Misc,Square Enix,0.13,0.08,0.15,0.02,0.37,83.0,52.0,8.3,67.0,T,0.21428571428571427
NBA 2K7,PS3,2006.0,Sports,Take-Two Interactive,0.3,0.04,0.0,0.03,0.37,80.0,20.0,7.4,8.0,E,0.21428571428571427
Just Dance 4,WiiU,2012.0,Misc,Ubisoft,0.21,0.14,0.0,0.03,0.37,66.0,14.0,7.8,37.0,E10+,0.21428571428571427
"Monsters, Inc. Scream Arena",GC,2002.0,Platform,THQ,0.29,0.07,0.0,0.01,0.37,39.0,7.0,4.7,14.0,E,0.21428571428571427
Need for Speed: Hot Pursuit,PC,2010.0,Racing,Electronic Arts,0.12,0.2,0.0,0.05,0.37,86.0,14.0,6.7,559.0,E10+,0.21428571428571427
Rampage: Total Destruction,PS2,2006.0,Action,Midway Games,0.18,0.14,0.0,0.05,0.37,51.0,34.0,7.0,15.0,E10+,0.21428571428571427
Sid Meiers Civilization: Beyond Earth,PC,2014.0,Strategy,Take-Two Interactive,0.12,0.23,0.0,0.03,0.37,81.0,78.0,5.5,1031.0,E10+,0.21428571428571427
High Heat Major League Baseball 2003,PS2,2002.0,Sports,3DO,0.18,0.14,0.0,0.05,0.37,84.0,23.0,7.9,7.0,E,0.21428571428571427
Trivial Pursuit,X360,2009.0,Misc,Electronic Arts,0.12,0.21,0.0,0.04,0.37,66.0,19.0,6.4,9.0,E,0.21428571428571427
Kingdom Under Fire: Circle of Doom,X360,2007.0,Role-Playing,Microsoft Game Studios,0.18,0.12,0.04,0.03,0.37,55.0,44.0,5.9,49.0,M,0.21428571428571427
Spider-Man: Friend or Foe,PS2,2007.0,Action,Activision,0.31,0.01,0.0,0.05,0.37,62.0,15.0,8.3,19.0,E10+,0.21428571428571427
EA Sports MMA,PS3,2010.0,Fighting,Electronic Arts,0.16,0.14,0.01,0.06,0.37,77.0,47.0,6.9,38.0,T,0.21428571428571427
Guitar Hero On Tour: Modern Hits,DS,2009.0,Misc,Activision,0.13,0.2,0.0,0.04,0.37,70.0,30.0,6.3,7.0,E10+,0.21428571428571427
Rocket League,XOne,2016.0,Sports,505 Games,0.09,0.25,0.0,0.03,0.37,87.0,22.0,8.3,199.0,E,0.21428571428571427
Quake 4,X360,2005.0,Shooter,Activision,0.32,0.02,0.0,0.03,0.37,75.0,52.0,6.7,80.0,M,0.21428571428571427
Tiger Woods PGA Tour 14,PS3,2013.0,Sports,Electronic Arts,0.16,0.14,0.0,0.07,0.37,74.0,28.0,3.8,26.0,E,0.21428571428571427
Skate,PS3,2007.0,Sports,Electronic Arts,0.29,0.04,0.0,0.03,0.37,85.0,31.0,8.2,58.0,T,0.21428571428571427
Rage,PC,2011.0,Shooter,Bethesda Softworks,0.14,0.18,0.0,0.06,0.37,79.0,32.0,5.2,1621.0,M,0.21428571428571427
Custom Robo,GC,2004.0,Role-Playing,Nintendo,0.29,0.07,0.0,0.01,0.37,65.0,31.0,8.1,27.0,T,0.21428571428571427
Prince of Persia: The Forgotten Sands,PSP,2010.0,Action,Ubisoft,0.09,0.18,0.01,0.1,0.37,65.0,10.0,7.4,14.0,T,0.21428571428571427
DiRT 2,Wii,2009.0,Racing,Codemasters,0.1,0.22,0.0,0.04,0.37,51.0,10.0,5.5,22.0,E10+,0.21428571428571427
Tomb Raider: Legend,X360,2006.0,Action,Eidos Interactive,0.27,0.07,0.01,0.03,0.37,80.0,54.0,7.3,84.0,T,0.21428571428571427
Pac-Man World 2,GC,2002.0,Action,Nintendo,0.28,0.07,0.0,0.01,0.37,74.0,18.0,8.3,19.0,E,0.21428571428571427
Fossil Fighters: Frontier,3DS,2014.0,Role-Playing,Nintendo,0.09,0.04,0.23,0.01,0.37,57.0,25.0,4.8,19.0,E10+,0.21428571428571427
The BIGS,Wii,2007.0,Sports,Take-Two Interactive,0.34,0.0,0.0,0.03,0.37,66.0,15.0,7.1,14.0,E,0.21428571428571427
The Legend of Spyro: A New Beginning,DS,2006.0,Platform,Vivendi Games,0.33,0.01,0.0,0.03,0.37,68.0,10.0,6.8,8.0,E,0.21428571428571427
Juiced 2: Hot Import Nights,PSP,2007.0,Racing,THQ,0.06,0.2,0.0,0.11,0.37,73.0,6.0,7.8,11.0,T,0.21428571428571427
Dungeon Siege III,X360,2011.0,Role-Playing,Square Enix,0.21,0.12,0.01,0.03,0.37,72.0,55.0,5.9,102.0,T,0.21428571428571427
NFL Street 2 Unleashed,PSP,2005.0,Sports,Electronic Arts,0.34,0.0,0.0,0.03,0.37,73.0,23.0,7.4,14.0,E,0.21428571428571427
FIFA Street 2,PS2,2006.0,Sports,Electronic Arts,0.17,0.13,0.02,0.04,0.37,59.0,27.0,7.7,42.0,E,0.21428571428571427
Virtua Tennis 2009,Wii,2009.0,Sports,Sega,0.12,0.21,0.0,0.04,0.37,73.0,33.0,7.7,21.0,E,0.21428571428571427
Overlord: Dark Legend,Wii,2009.0,Action,Codemasters,0.11,0.22,0.0,0.04,0.37,68.0,30.0,7.9,15.0,T,0.21428571428571427
The Legend of Spyro: The Eternal Night,DS,2007.0,Platform,Vivendi Games,0.32,0.02,0.0,0.03,0.37,56.0,4.0,2.7,6.0,E,0.21428571428571427
Harry Potter and the Order of the Phoenix,PSP,2007.0,Action,Electronic Arts,0.1,0.17,0.0,0.1,0.37,52.0,11.0,7.6,20.0,E10+,0.21428571428571427
Wanted: Weapons of Fate,X360,2009.0,Shooter,Warner Bros. Interactive Entertainment,0.17,0.15,0.0,0.04,0.37,62.0,61.0,7.5,26.0,M,0.21428571428571427
Batman: Return to Arkham,PS4,2016.0,Action,Warner Bros. Interactive Entertainment,0.09,0.22,0.0,0.06,0.37,73.0,28.0,8.5,84.0,T,0.21428571428571427
Xenosaga Episode III: Also sprach Zarathustra,PS2,2006.0,Role-Playing,Namco Bandai Games,0.09,0.07,0.18,0.02,0.37,81.0,34.0,9.0,59.0,T,0.21428571428571427
Rune Factory: Frontier,Wii,2008.0,Role-Playing,Rising Star Games,0.16,0.13,0.04,0.03,0.37,79.0,34.0,8.5,39.0,E10+,0.21428571428571427
Scribblenauts: Unlimited,WiiU,2012.0,Action,Warner Bros. Interactive Entertainment,0.25,0.09,0.0,0.03,0.37,73.0,42.0,7.4,109.0,E10+,0.21428571428571427
Mini Ninjas,Wii,2009.0,Action,Eidos Interactive,0.16,0.16,0.0,0.04,0.37,79.0,9.0,8.1,13.0,E10+,0.21428571428571427
Naruto Shippuden: Ninja Destiny 2,DS,2008.0,Fighting,Takara Tomy,0.19,0.02,0.13,0.02,0.37,55.0,12.0,5.7,11.0,T,0.21428571428571427
Marvel: Ultimate Alliance,PSP,2006.0,Role-Playing,Activision,0.33,0.0,0.0,0.03,0.37,81.0,19.0,7.5,14.0,T,0.21428571428571427
NCAA Football 07,PSP,2006.0,Sports,Electronic Arts,0.34,0.0,0.0,0.03,0.37,75.0,16.0,7.9,11.0,E,0.21428571428571427
The Sims 2: Castaway,PS2,2007.0,Simulation,Electronic Arts,0.3,0.01,0.0,0.05,0.37,71.0,17.0,8.0,15.0,T,0.21428571428571427
Fragile Dreams: Farewell Ruins of the Moon,Wii,2009.0,Role-Playing,Rising Star Games,0.16,0.12,0.06,0.03,0.36,67.0,41.0,8.3,63.0,T,0.20833333333333331
NBA Live 2003,X,2002.0,Sports,Electronic Arts,0.31,0.04,0.0,0.01,0.36,82.0,17.0,8.8,6.0,E,0.20833333333333331
Need for Speed: The Run,PC,2011.0,Action,Electronic Arts,0.09,0.21,0.0,0.07,0.36,69.0,18.0,5.8,339.0,T,0.20833333333333331
Sniper Elite 3,XOne,2014.0,Shooter,505 Games,0.22,0.11,0.0,0.03,0.36,63.0,12.0,6.6,68.0,M,0.20833333333333331
GoldenEye: Rogue Agent,GC,2004.0,Shooter,Electronic Arts,0.28,0.07,0.0,0.01,0.36,60.0,35.0,6.7,14.0,T,0.20833333333333331
Elite Beat Agents,DS,2006.0,Misc,Nintendo,0.3,0.03,0.0,0.03,0.36,87.0,51.0,8.6,104.0,E10+,0.20833333333333331
Dragon Ball Z: Infinite World,PS2,2008.0,Fighting,Namco Bandai Games,0.08,0.06,0.21,0.02,0.36,48.0,17.0,7.9,37.0,T,0.20833333333333331
Middle-Earth: Shadow of Mordor,PC,2014.0,Action,Warner Bros. Interactive Entertainment,0.13,0.21,0.0,0.03,0.36,84.0,17.0,8.0,1675.0,M,0.20833333333333331
ESPN X Games Skateboarding,PS2,2001.0,Sports,Konami Digital Entertainment,0.18,0.14,0.0,0.05,0.36,58.0,15.0,7.8,14.0,E,0.20833333333333331
Castlevania: Order of Ecclesia,DS,2008.0,Platform,Konami Digital Entertainment,0.27,0.02,0.04,0.03,0.36,85.0,46.0,8.7,111.0,T,0.20833333333333331
Left 4 Dead 2,PC,2009.0,Shooter,Valve Software,0.0,0.32,0.0,0.04,0.36,89.0,55.0,8.5,2546.0,M,0.20833333333333331
Green Day: Rock Band,Wii,2010.0,Misc,MTV Games,0.22,0.11,0.0,0.03,0.36,76.0,12.0,8.8,11.0,T,0.20833333333333331
SAW,PS3,2009.0,Action,Konami Digital Entertainment,0.13,0.17,0.0,0.06,0.36,59.0,41.0,6.4,28.0,M,0.20833333333333331
Tom Clancys HAWX 2,X360,2010.0,Action,Ubisoft,0.24,0.09,0.01,0.03,0.36,68.0,57.0,6.3,29.0,T,0.20833333333333331
High Heat Major League Baseball 2004,PS2,2003.0,Sports,3DO,0.18,0.14,0.0,0.05,0.36,83.0,17.0,8.1,12.0,E,0.20833333333333331
Robots,PS2,2005.0,Action,Vivendi Games,0.18,0.14,0.0,0.05,0.36,53.0,6.0,6.0,8.0,E,0.20833333333333331
NARC,PS2,2005.0,Shooter,Midway Games,0.18,0.14,0.0,0.05,0.36,50.0,24.0,7.0,21.0,M,0.20833333333333331
Dragon Ball Z: Attack of the Saiyans,DS,2009.0,Role-Playing,Namco Bandai Games,0.12,0.02,0.21,0.01,0.36,73.0,21.0,7.9,24.0,E10+,0.20833333333333331
Bionic Commando,PS3,2009.0,Platform,Capcom,0.12,0.17,0.01,0.06,0.36,71.0,48.0,7.4,62.0,M,0.20833333333333331
Monster Rancher 3,PS2,2001.0,Simulation,Tecmo Koei,0.11,0.09,0.14,0.03,0.36,77.0,13.0,8.5,23.0,E,0.20833333333333331
The Incredibles: Rise of the Underminer,PS2,2005.0,Action,THQ,0.18,0.14,0.0,0.05,0.36,60.0,12.0,7.1,8.0,E10+,0.20833333333333331
Hamtaro: Ham-Ham Heartbreak,GBA,2002.0,Action,Nintendo,0.26,0.1,0.0,0.01,0.36,72.0,7.0,8.8,19.0,E,0.20833333333333331
Okage: Shadow King,PS2,2001.0,Role-Playing,Sony Computer Entertainment,0.14,0.11,0.08,0.04,0.36,70.0,23.0,8.5,14.0,T,0.20833333333333331
BlazBlue: Calamity Trigger,X360,2009.0,Fighting,PQube,0.21,0.08,0.04,0.03,0.36,86.0,51.0,8.5,70.0,T,0.20833333333333331
NBA 2K6,X,2005.0,Action,Take-Two Interactive,0.27,0.08,0.0,0.01,0.36,84.0,27.0,8.7,15.0,E,0.20833333333333331
Marvel Super Hero Squad,Wii,2009.0,Fighting,THQ,0.3,0.03,0.0,0.03,0.36,49.0,16.0,6.2,14.0,E10+,0.20833333333333331
The Chronicles of Narnia: Prince Caspian,Wii,2008.0,Action,Disney Interactive Studios,0.31,0.02,0.0,0.03,0.36,63.0,5.0,7.1,12.0,T,0.20833333333333331
Worlds Scariest Police Chases,PS,2001.0,Racing,Activision,0.2,0.14,0.0,0.02,0.36,54.0,16.0,6.6,5.0,T,0.20833333333333331
MechAssault 2: Lone Wolf,X,2004.0,Simulation,Microsoft Game Studios,0.27,0.08,0.0,0.01,0.36,81.0,66.0,7.5,23.0,T,0.20833333333333331
Valkyrie Profile: Lenneth,PSP,2006.0,Role-Playing,Square Enix,0.17,0.01,0.16,0.02,0.36,80.0,39.0,8.4,59.0,T,0.20833333333333331
WWE 2K17,XOne,2016.0,Sports,Take-Two Interactive,0.17,0.16,0.0,0.03,0.36,68.0,12.0,5.6,29.0,T,0.20833333333333331
ESPN NFL Football,X,2003.0,Sports,Sega,0.27,0.08,0.0,0.01,0.36,91.0,25.0,8.9,45.0,E,0.20833333333333331
Rapala Pro Fishing,PS2,2004.0,Sports,Zoo Digital Publishing,0.18,0.14,0.0,0.05,0.36,59.0,6.0,8.7,32.0,E,0.20833333333333331
Spider-Man: Shattered Dimensions,X360,2010.0,Action,Activision,0.24,0.08,0.0,0.03,0.36,76.0,68.0,7.6,98.0,T,0.20833333333333331
TMNT,Wii,2007.0,Action,Ubisoft,0.3,0.03,0.0,0.03,0.36,60.0,17.0,5.9,11.0,E10+,0.20833333333333331
Arc the Lad: Twilight of the Spirits,PS2,2003.0,Role-Playing,Sony Computer Entertainment,0.18,0.14,0.0,0.05,0.36,72.0,39.0,8.2,33.0,T,0.20833333333333331
Tiger Woods PGA Tour 09,PSP,2008.0,Sports,Electronic Arts,0.07,0.18,0.0,0.1,0.36,53.0,4.0,5.5,6.0,E,0.20833333333333331
Dragons Crown,PSV,2013.0,Role-Playing,Nippon Ichi Software,0.14,0.05,0.12,0.05,0.36,78.0,15.0,8.4,198.0,T,0.20833333333333331
Wipeout 2048,PSV,2012.0,Racing,Sony Computer Entertainment,0.13,0.17,0.0,0.05,0.36,79.0,63.0,8.2,192.0,E10+,0.20833333333333331
Harry Potter and the Chamber of Secrets,X,2002.0,Action,Electronic Arts,0.27,0.08,0.0,0.01,0.36,77.0,13.0,7.2,12.0,E,0.20833333333333331
Arctic Thunder,PS2,2001.0,Racing,Midway Games,0.17,0.14,0.0,0.05,0.36,45.0,23.0,5.3,10.0,T,0.20833333333333331
ESPN: Sports Connection,WiiU,2012.0,Sports,Ubisoft,0.2,0.12,0.0,0.03,0.36,31.0,13.0,2.7,18.0,E,0.20833333333333331
Battleborn,PS4,2016.0,Shooter,Take-Two Interactive,0.19,0.09,0.02,0.06,0.36,68.0,55.0,6.8,405.0,T,0.20833333333333331
Shrek,X,2001.0,Platform,TDK Mediactive,0.25,0.1,0.0,0.01,0.36,49.0,19.0,5.4,9.0,T,0.20833333333333331
Trauma Center: Under the Knife,DS,2005.0,Simulation,Nintendo,0.3,0.01,0.02,0.03,0.35,81.0,45.0,8.7,45.0,T,0.20238095238095238
Earth Defense Force 2025,PS3,2013.0,Shooter,D3Publisher,0.04,0.02,0.27,0.01,0.35,69.0,28.0,7.5,52.0,M,0.20238095238095238
Suikoden V,PS2,2006.0,Role-Playing,Konami Digital Entertainment,0.08,0.06,0.19,0.02,0.35,76.0,43.0,7.6,109.0,T,0.20238095238095238
Tiger Woods PGA Tour 14,X360,2013.0,Sports,Electronic Arts,0.21,0.12,0.0,0.03,0.35,77.0,28.0,6.2,26.0,E,0.20238095238095238
LocoRoco 2,PSP,2008.0,Platform,Sony Computer Entertainment,0.21,0.09,0.01,0.04,0.35,85.0,55.0,8.4,44.0,E,0.20238095238095238
Football Manager Handheld 2010,PSP,2009.0,Sports,Sega,0.0,0.26,0.0,0.09,0.35,69.0,10.0,6.9,7.0,E,0.20238095238095238
Batman: Rise of Sin Tzu,PS2,2003.0,Action,Ubisoft,0.17,0.13,0.0,0.05,0.35,63.0,21.0,8.3,14.0,T,0.20238095238095238
Worms: Open Warfare 2,DS,2007.0,Strategy,THQ,0.07,0.24,0.0,0.04,0.35,81.0,25.0,9.1,22.0,E10+,0.20238095238095238
Dark Void,PS3,2010.0,Action,Capcom,0.18,0.12,0.0,0.05,0.35,59.0,50.0,6.0,36.0,T,0.20238095238095238
Guitar Hero: Smash Hits,PS3,2009.0,Misc,Activision,0.2,0.11,0.0,0.05,0.35,73.0,34.0,7.2,9.0,T,0.20238095238095238
NHL 2K10,Wii,2009.0,Sports,Take-Two Interactive,0.32,0.01,0.0,0.03,0.35,79.0,8.0,6.8,16.0,E10+,0.20238095238095238
Bloody Roar 3,PS2,2001.0,Fighting,Virgin Interactive,0.15,0.11,0.05,0.04,0.35,71.0,20.0,8.6,34.0,T,0.20238095238095238
WWE Crush Hour,PS2,2003.0,Racing,THQ,0.17,0.13,0.0,0.04,0.35,56.0,13.0,5.3,8.0,T,0.20238095238095238
Persona 2: Eternal Punishment,PS,2000.0,Role-Playing,Atlus,0.03,0.02,0.28,0.02,0.35,83.0,11.0,8.4,25.0,T,0.20238095238095238
Assassins Creed III,WiiU,2012.0,Action,Ubisoft,0.19,0.13,0.0,0.03,0.35,85.0,26.0,7.2,217.0,M,0.20238095238095238
Star Wars: Flight of the Falcon,GBA,2003.0,Action,THQ,0.25,0.09,0.0,0.01,0.35,39.0,13.0,5.8,11.0,E,0.20238095238095238
Toukiden: The Age of Demons,PSV,2013.0,Action,Tecmo Koei,0.04,0.04,0.25,0.02,0.35,71.0,44.0,8.0,136.0,T,0.20238095238095238
Teenage Mutant Ninja Turtles: Smash-Up,Wii,2009.0,Fighting,Ubisoft,0.33,0.0,0.0,0.03,0.35,67.0,34.0,8.2,21.0,E10+,0.20238095238095238
Resident Evil: Dead Aim,PS2,2003.0,Action,Capcom,0.17,0.13,0.0,0.04,0.35,65.0,28.0,6.7,49.0,M,0.20238095238095238
Need for Speed Carbon,GC,2006.0,Racing,Electronic Arts,0.27,0.07,0.0,0.01,0.35,75.0,12.0,7.8,14.0,E10+,0.20238095238095238
Defiance,PS3,2013.0,Shooter,Trion Worlds,0.19,0.1,0.0,0.06,0.35,59.0,21.0,6.9,145.0,M,0.20238095238095238
EA Sports MMA,X360,2010.0,Fighting,Electronic Arts,0.23,0.09,0.0,0.02,0.35,79.0,63.0,7.0,55.0,T,0.20238095238095238
Terminator Salvation,X360,2009.0,Shooter,Warner Bros. Interactive Entertainment,0.13,0.18,0.0,0.04,0.35,48.0,50.0,5.0,53.0,T,0.20238095238095238
Guilty Gear X2,PS2,2002.0,Fighting,Sammy Corporation,0.09,0.07,0.16,0.02,0.35,87.0,31.0,8.7,34.0,T,0.20238095238095238
Chicken Shoot,Wii,2007.0,Action,Zoo Digital Publishing,0.32,0.0,0.0,0.02,0.35,27.0,9.0,4.6,27.0,E10+,0.20238095238095238
MotoGP 08,X360,2008.0,Racing,Capcom,0.11,0.2,0.0,0.04,0.35,68.0,20.0,5.6,12.0,E,0.20238095238095238
Tom Clancys Rainbow Six: Lockdown,PS2,2005.0,Shooter,Ubisoft,0.17,0.13,0.0,0.04,0.35,70.0,15.0,6.9,9.0,M,0.20238095238095238
Aggressive Inline,PS2,2002.0,Sports,Acclaim Entertainment,0.17,0.13,0.0,0.04,0.35,85.0,31.0,8.7,14.0,T,0.20238095238095238
Karaoke Revolution,PS2,2003.0,Misc,Konami Digital Entertainment,0.17,0.13,0.0,0.04,0.35,83.0,29.0,9.1,17.0,E,0.20238095238095238
NFL Street,GC,2004.0,Sports,Electronic Arts,0.27,0.07,0.0,0.01,0.35,81.0,30.0,8.0,4.0,E,0.20238095238095238
Metal Arms: Glitch in the System,PS2,2003.0,Shooter,Vivendi Games,0.17,0.13,0.0,0.04,0.35,81.0,28.0,8.9,17.0,T,0.20238095238095238
Tropico 4,X360,2010.0,Strategy,Kalypso Media,0.2,0.12,0.0,0.03,0.35,77.0,18.0,7.5,37.0,T,0.20238095238095238
EverGrace,PS2,2000.0,Role-Playing,Ubisoft,0.1,0.08,0.15,0.03,0.35,59.0,12.0,7.8,5.0,T,0.20238095238095238
Enemy Territory: Quake Wars,PS3,2008.0,Shooter,Activision,0.23,0.07,0.0,0.04,0.35,60.0,30.0,6.3,15.0,T,0.20238095238095238
Lunar 2: Eternal Blue Complete,PS,1999.0,Role-Playing,Kadokawa Shoten,0.19,0.13,0.0,0.02,0.35,86.0,12.0,9.0,38.0,T,0.20238095238095238
Tomb Raider (2013),PC,2013.0,Action,Square Enix,0.06,0.25,0.0,0.04,0.35,86.0,18.0,8.5,3572.0,M,0.20238095238095238
MLB 06: The Show,PSP,2006.0,Sports,Sony Computer Entertainment,0.32,0.0,0.0,0.03,0.35,83.0,30.0,8.5,32.0,E,0.20238095238095238
Over the Hedge,GC,2006.0,Platform,Activision,0.27,0.07,0.0,0.01,0.35,61.0,21.0,9.3,6.0,E10+,0.20238095238095238
Charlie and the Chocolate Factory,PS2,2005.0,Adventure,Global Star,0.17,0.13,0.0,0.04,0.35,35.0,21.0,4.1,28.0,E,0.20238095238095238
Tiger Woods PGA Tour 12: The Masters,Wii,2011.0,Sports,Electronic Arts,0.2,0.11,0.0,0.03,0.35,85.0,14.0,6.7,7.0,E,0.20238095238095238
Call of Duty: Ghosts,WiiU,2013.0,Shooter,Activision,0.22,0.09,0.01,0.03,0.34,69.0,6.0,3.4,256.0,M,0.19642857142857145
Def Jam Icon,X360,2007.0,Action,Electronic Arts,0.3,0.01,0.0,0.03,0.34,69.0,48.0,6.3,108.0,M,0.19642857142857145
Transformers: Dark of the Moon,PS3,2011.0,Action,Activision,0.11,0.18,0.0,0.06,0.34,57.0,41.0,5.6,27.0,T,0.19642857142857145
Dynasty Warriors 5 Empires,PS2,2006.0,Action,Tecmo Koei,0.11,0.09,0.12,0.03,0.34,62.0,23.0,9.1,24.0,T,0.19642857142857145
SoulCalibur,DC,1999.0,Fighting,Namco Bandai Games,0.0,0.0,0.34,0.0,0.34,98.0,24.0,8.9,202.0,T,0.19642857142857145
WipEout 3,PS,1999.0,Racing,Psygnosis,0.19,0.13,0.0,0.02,0.34,89.0,14.0,8.5,15.0,E,0.19642857142857145
Hatsune Miku: Project Mirai DX,3DS,2015.0,Misc,Sega,0.18,0.04,0.1,0.02,0.34,80.0,32.0,8.5,72.0,E10+,0.19642857142857145
Skylanders: SuperChargers,PS4,2015.0,Action,Activision,0.2,0.08,0.0,0.06,0.34,81.0,51.0,3.3,29.0,E10+,0.19642857142857145
WWE All Stars,X360,2011.0,Fighting,THQ,0.18,0.14,0.0,0.03,0.34,75.0,64.0,7.2,46.0,T,0.19642857142857145
WWE 12,Wii,2011.0,Fighting,THQ,0.23,0.08,0.0,0.03,0.34,74.0,6.0,5.2,9.0,T,0.19642857142857145
Mini Ninjas,PS3,2009.0,Action,Eidos Interactive,0.14,0.15,0.0,0.06,0.34,73.0,37.0,8.7,62.0,E10+,0.19642857142857145
Tekken Tag Tournament 2,X360,2012.0,Fighting,Namco Bandai Games,0.19,0.11,0.01,0.03,0.34,83.0,35.0,7.4,91.0,T,0.19642857142857145
Driver 2 Advance,GBA,2002.0,Action,Atari,0.25,0.09,0.0,0.01,0.34,73.0,9.0,6.6,14.0,T,0.19642857142857145
Monster Rancher 4,PS2,2003.0,Simulation,Tecmo Koei,0.08,0.06,0.19,0.02,0.34,77.0,21.0,9.1,18.0,E,0.19642857142857145
Mini Ninjas,DS,2009.0,Action,Eidos Interactive,0.16,0.15,0.0,0.04,0.34,61.0,10.0,5.8,4.0,E10+,0.19642857142857145
Company of Heroes 2,PC,2013.0,Strategy,THQ,0.06,0.25,0.0,0.04,0.34,80.0,82.0,2.1,6165.0,M,0.19642857142857145
Tim Burtons The Nightmare Before Christmas: Oogies Revenge,PS2,2004.0,Adventure,Disney Interactive Studios,0.17,0.13,0.0,0.04,0.34,65.0,34.0,8.6,21.0,E10+,0.19642857142857145
Battalion Wars 2,Wii,2007.0,Strategy,Nintendo,0.22,0.02,0.08,0.02,0.34,75.0,38.0,7.6,45.0,T,0.19642857142857145
MotorStorm: Arctic Edge,PS2,2009.0,Racing,Sony Computer Entertainment,0.07,0.03,0.0,0.25,0.34,72.0,10.0,8.3,6.0,T,0.19642857142857145
Supreme Commander 2,X360,2010.0,Strategy,Square Enix,0.23,0.09,0.0,0.03,0.34,75.0,28.0,7.1,23.0,E10+,0.19642857142857145
Hitman: Contracts,X,2004.0,Shooter,Eidos Interactive,0.26,0.07,0.0,0.01,0.34,78.0,44.0,8.8,15.0,M,0.19642857142857145
Thunderstrike: Operation Phoenix,PS2,2001.0,Simulation,Eidos Interactive,0.17,0.13,0.0,0.04,0.34,65.0,15.0,8.1,7.0,T,0.19642857142857145
Racquet Sports,PS3,2010.0,Sports,Ubisoft,0.11,0.17,0.0,0.06,0.34,45.0,17.0,4.3,8.0,E,0.19642857142857145
Trauma Center: Second Opinion,Wii,2006.0,Simulation,Nintendo,0.28,0.01,0.03,0.03,0.34,80.0,49.0,8.0,47.0,T,0.19642857142857145
WWE Day of Reckoning 2,GC,2005.0,Fighting,THQ,0.26,0.07,0.0,0.01,0.34,76.0,36.0,6.0,263.0,T,0.19642857142857145
The Urbz: Sims in the City,X,2004.0,Simulation,Electronic Arts,0.22,0.11,0.0,0.01,0.34,70.0,28.0,6.5,10.0,T,0.19642857142857145
Rayman Legends,XOne,2014.0,Platform,Ubisoft,0.13,0.18,0.0,0.03,0.34,91.0,6.0,7.9,220.0,E10+,0.19642857142857145
SimCity Creator,DS,2008.0,Simulation,Electronic Arts,0.29,0.02,0.0,0.03,0.34,69.0,16.0,7.3,8.0,E,0.19642857142857145
Monopoly,PS3,2008.0,Misc,Electronic Arts,0.25,0.05,0.0,0.04,0.34,54.0,4.0,6.7,13.0,E,0.19642857142857145
SpongeBob SquarePants: The Yellow Avenger,DS,2005.0,Action,THQ,0.31,0.0,0.0,0.02,0.34,67.0,5.0,7.3,11.0,E,0.19642857142857145
Tenchu Z,X360,2006.0,Action,Microsoft Game Studios,0.27,0.02,0.02,0.03,0.34,56.0,51.0,7.3,58.0,M,0.19642857142857145
Conan,PS3,2007.0,Action,THQ,0.13,0.15,0.0,0.05,0.34,69.0,35.0,7.2,40.0,M,0.19642857142857145
Dragon Ball Z: Extreme Butoden,3DS,2015.0,Fighting,Namco Bandai Games,0.12,0.03,0.16,0.02,0.34,61.0,32.0,6.6,33.0,T,0.19642857142857145
FIFA Street 3,X360,2008.0,Sports,Electronic Arts,0.16,0.14,0.0,0.04,0.34,63.0,48.0,6.9,18.0,E,0.19642857142857145
Naruto Shippuden: Ultimate Ninja Impact,PSP,2011.0,Fighting,Namco Bandai Games,0.09,0.07,0.15,0.04,0.34,59.0,16.0,7.1,27.0,T,0.19642857142857145
Leisure Suit Larry: Magna Cum Laude,PS2,2004.0,Adventure,Vivendi Games,0.17,0.13,0.0,0.04,0.34,60.0,44.0,6.3,18.0,M,0.19642857142857145
MVP 06 NCAA Baseball,X,2006.0,Sports,Electronic Arts,0.25,0.07,0.0,0.01,0.34,75.0,29.0,8.6,17.0,E,0.19642857142857145
F.E.A.R.,X360,2006.0,Shooter,Vivendi Games,0.28,0.03,0.0,0.03,0.34,85.0,44.0,7.3,131.0,M,0.19642857142857145
Tom Clancys Ghost Recon: Shadow Wars,3DS,2011.0,Strategy,Ubisoft,0.22,0.09,0.0,0.03,0.34,77.0,49.0,7.9,78.0,T,0.19642857142857145
Herbie: Fully Loaded,GBA,2005.0,Racing,Disney Interactive Studios,0.24,0.09,0.0,0.01,0.34,47.0,9.0,6.8,4.0,E,0.19642857142857145
Kameo: Elements of Power,X360,2005.0,Action,Microsoft Game Studios,0.28,0.03,0.0,0.03,0.34,79.0,76.0,8.1,107.0,T,0.19642857142857145
Teenage Mutant Ninja Turtles,GC,2003.0,Action,Konami Digital Entertainment,0.26,0.07,0.0,0.01,0.34,57.0,25.0,8.0,8.0,E,0.19642857142857145
Dynasty Warriors 6 Empires,PS3,2009.0,Action,Tecmo Koei,0.14,0.03,0.15,0.02,0.34,62.0,22.0,7.0,26.0,T,0.19642857142857145
The Shoot,PS3,2010.0,Shooter,Sony Computer Entertainment,0.13,0.15,0.01,0.05,0.34,60.0,39.0,6.2,11.0,T,0.19642857142857145
Persona 4: Dancing All Night,PSV,2015.0,Misc,Nippon Ichi Software,0.1,0.04,0.15,0.05,0.34,76.0,51.0,8.6,84.0,T,0.19642857142857145
Star Ocean: Second Evolution,PSP,2008.0,Role-Playing,Square Enix,0.14,0.01,0.16,0.02,0.34,75.0,37.0,7.1,26.0,T,0.19642857142857145
Puzzle Quest: Challenge of the Warlords,DS,2007.0,Puzzle,D3Publisher,0.28,0.0,0.03,0.02,0.34,82.0,41.0,8.7,32.0,E10+,0.19642857142857145
Dynasty Warriors: Gundam 2,PS2,2008.0,Action,Namco Bandai Games,0.04,0.03,0.25,0.01,0.34,52.0,8.0,6.5,8.0,T,0.19642857142857145
Mystery Case Files: The Malgrave Incident,Wii,2011.0,Adventure,Nintendo,0.17,0.14,0.0,0.03,0.34,65.0,26.0,8.2,5.0,E,0.19642857142857145
MXRider,PS2,2001.0,Racing,Atari,0.16,0.13,0.0,0.04,0.34,69.0,16.0,6.8,6.0,E,0.19642857142857145
Delta Force: Black Hawk Down,X,2005.0,Shooter,NovaLogic,0.25,0.07,0.0,0.01,0.34,61.0,37.0,6.6,19.0,T,0.19642857142857145
Pirates of the Caribbean: At Worlds End,X360,2007.0,Action,Disney Interactive Studios,0.29,0.02,0.0,0.03,0.34,58.0,42.0,5.3,21.0,T,0.19642857142857145
The Eye of Judgment,PS3,2007.0,Misc,Sony Computer Entertainment,0.28,0.0,0.02,0.03,0.34,75.0,43.0,8.2,51.0,T,0.19642857142857145
Tom Clancys Ghost Recon Advanced Warfighter,X,2006.0,Shooter,Ubisoft,0.21,0.11,0.0,0.01,0.33,66.0,14.0,6.0,27.0,T,0.1904761904761905
Just Dance 2016,XOne,2015.0,Misc,Ubisoft,0.26,0.04,0.0,0.03,0.33,66.0,10.0,6.1,18.0,E10+,0.1904761904761905
NHL 09,PS3,2008.0,Sports,Electronic Arts,0.29,0.02,0.0,0.03,0.33,88.0,25.0,7.7,41.0,E10+,0.1904761904761905
Banjo-Kazooie: Gruntys Revenge,GBA,2003.0,Platform,THQ,0.24,0.09,0.0,0.01,0.33,72.0,21.0,8.1,18.0,E,0.1904761904761905
Mega Man ZX Advent,DS,2007.0,Platform,Capcom,0.22,0.0,0.09,0.02,0.33,78.0,27.0,8.6,32.0,E10+,0.1904761904761905
NCAA Basketball 10,PS3,2009.0,Sports,Electronic Arts,0.31,0.0,0.0,0.03,0.33,75.0,17.0,7.8,6.0,E,0.1904761904761905
Jeanne dArc,PSP,2006.0,Role-Playing,Sony Computer Entertainment,0.21,0.0,0.1,0.02,0.33,87.0,45.0,8.3,75.0,T,0.1904761904761905
Harry Potter and the Deathly Hallows - Part 2,X360,2011.0,Action,Electronic Arts,0.19,0.11,0.0,0.03,0.33,44.0,31.0,5.4,24.0,T,0.1904761904761905
Assassins Creed The Ezio Collection,PS4,2016.0,Action,Ubisoft,0.06,0.22,0.0,0.05,0.33,72.0,33.0,7.3,60.0,M,0.1904761904761905
Avatar: The Last Airbender,DS,2006.0,Adventure,THQ,0.3,0.01,0.0,0.03,0.33,64.0,9.0,6.4,7.0,E,0.1904761904761905
Ape Escape Academy,PSP,2004.0,Misc,Sony Computer Entertainment,0.13,0.15,0.0,0.05,0.33,51.0,48.0,5.8,4.0,E10+,0.1904761904761905
WWE Wrestlemania XIX,GC,2003.0,Fighting,THQ,0.26,0.07,0.0,0.01,0.33,76.0,26.0,8.7,47.0,T,0.1904761904761905
The Sims 2,GC,2005.0,Simulation,Electronic Arts,0.26,0.07,0.0,0.01,0.33,73.0,22.0,8.3,8.0,T,0.1904761904761905
Hulk,X,2003.0,Action,Universal Interactive,0.25,0.07,0.0,0.01,0.33,69.0,25.0,7.7,9.0,T,0.1904761904761905
Untold Legends: The Warriors Code,PSP,2006.0,Role-Playing,Ubisoft,0.14,0.12,0.0,0.08,0.33,65.0,46.0,8.3,28.0,T,0.1904761904761905
Klonoa 2: Lunateas Veil,PS2,2001.0,Platform,Sony Computer Entertainment,0.12,0.1,0.08,0.03,0.33,91.0,18.0,9.2,75.0,E,0.1904761904761905
Deus Ex: Invisible War,X,2003.0,Shooter,Eidos Interactive,0.25,0.07,0.0,0.01,0.33,84.0,50.0,7.6,38.0,M,0.1904761904761905
Dragon Ball: XenoVerse,XOne,2015.0,Fighting,Namco Bandai Games,0.19,0.11,0.0,0.03,0.33,67.0,18.0,7.2,128.0,T,0.1904761904761905
The King of Fighters XIII,X360,2011.0,Fighting,Rising Star Games,0.23,0.06,0.01,0.03,0.33,79.0,31.0,8.2,51.0,T,0.1904761904761905
LEGO Batman 2: DC Super Heroes,PSV,2012.0,Action,Warner Bros. Interactive Entertainment,0.16,0.11,0.0,0.06,0.33,62.0,9.0,6.7,46.0,E10+,0.1904761904761905
Fracture,X360,2008.0,Shooter,LucasArts,0.15,0.14,0.0,0.04,0.33,63.0,60.0,6.2,45.0,T,0.1904761904761905
Tak 2: The Staff of Dreams,GC,2004.0,Platform,THQ,0.26,0.07,0.0,0.01,0.33,75.0,22.0,8.6,8.0,E,0.1904761904761905
Ninja Blade,X360,2009.0,Action,Microsoft Game Studios,0.14,0.14,0.02,0.03,0.33,68.0,65.0,6.8,55.0,M,0.1904761904761905
Bee Movie Game,Wii,2007.0,Action,Activision,0.3,0.01,0.0,0.03,0.33,62.0,16.0,7.6,7.0,E,0.1904761904761905
Sniper: Ghost Warrior 2,PS3,2013.0,Shooter,City Interactive,0.05,0.18,0.03,0.07,0.33,52.0,15.0,5.9,84.0,M,0.1904761904761905
Kelly Slaters Pro Surfer,PS2,2002.0,Sports,Activision,0.16,0.13,0.0,0.04,0.33,77.0,19.0,8.4,15.0,E,0.1904761904761905
Legends of Wrestling II,PS2,2002.0,Fighting,Acclaim Entertainment,0.16,0.13,0.0,0.04,0.33,59.0,15.0,6.7,6.0,T,0.1904761904761905
Street Fighter Alpha 3 MAX,PSP,2006.0,Fighting,Capcom,0.27,0.01,0.02,0.03,0.33,80.0,35.0,8.0,27.0,T,0.1904761904761905
Virtua Tennis 2009,X360,2009.0,Sports,Sega,0.12,0.18,0.0,0.03,0.33,70.0,43.0,6.2,15.0,E,0.1904761904761905
MLB 09: The Show,PS2,2009.0,Sports,Sony Computer Entertainment,0.16,0.13,0.0,0.04,0.33,79.0,7.0,7.5,12.0,E,0.1904761904761905
Classic NES Series: Castlevania,GBA,2004.0,Platform,Nintendo,0.17,0.06,0.09,0.01,0.33,74.0,10.0,8.6,12.0,E,0.1904761904761905
Fight Night Round 3,X,2006.0,Fighting,Electronic Arts,0.26,0.06,0.0,0.01,0.33,83.0,32.0,9.0,21.0,T,0.1904761904761905
Way of the Samurai 2,PS2,2003.0,Action,Capcom,0.05,0.04,0.23,0.01,0.33,59.0,32.0,9.0,24.0,M,0.1904761904761905
Planet Puzzle League,DS,2007.0,Puzzle,Nintendo,0.14,0.01,0.16,0.01,0.33,86.0,25.0,8.2,15.0,E,0.1904761904761905
Naruto: Rise of a Ninja,X360,2007.0,Action,Ubisoft,0.29,0.01,0.0,0.03,0.33,78.0,35.0,8.6,85.0,T,0.1904761904761905
Cabelas Dangerous Hunts 2011,PS3,2010.0,Sports,Activision,0.26,0.04,0.0,0.03,0.33,60.0,4.0,5.4,9.0,T,0.1904761904761905
Disgaea 2: Cursed Memories,PS2,2006.0,Role-Playing,Tecmo Koei,0.09,0.07,0.15,0.02,0.33,84.0,54.0,6.4,42.0,T,0.1904761904761905
Clock Tower 3,PS2,2002.0,Adventure,Capcom,0.1,0.08,0.12,0.03,0.33,69.0,28.0,7.6,38.0,M,0.1904761904761905
Etrian Odyssey,DS,2007.0,Role-Playing,Nintendo,0.19,0.02,0.09,0.02,0.33,75.0,30.0,8.5,37.0,T,0.1904761904761905
Call Of Duty 2: Big Red One,GC,2005.0,Shooter,Activision,0.25,0.07,0.0,0.01,0.33,76.0,28.0,7.9,14.0,T,0.1904761904761905
Harry Potter and the Deathly Hallows - Part 2,Wii,2011.0,Action,Electronic Arts,0.17,0.13,0.0,0.03,0.33,47.0,6.0,6.6,5.0,T,0.1904761904761905
Disgaea: Hour of Darkness,PS2,2003.0,Role-Playing,Tecmo Koei,0.16,0.13,0.0,0.04,0.33,84.0,42.0,8.9,74.0,T,0.1904761904761905
NeoGeo Battle Coliseum,PS2,2005.0,Fighting,Ignition Entertainment,0.16,0.13,0.0,0.04,0.33,66.0,21.0,8.8,6.0,T,0.1904761904761905
Resonance of Fate,X360,2010.0,Role-Playing,Sega,0.12,0.13,0.06,0.03,0.33,74.0,43.0,7.8,97.0,T,0.1904761904761905
Naruto Shippuden: Ultimate Ninja Storm 4,XOne,2016.0,Fighting,Namco Bandai Games,0.23,0.07,0.0,0.03,0.33,81.0,11.0,8.5,52.0,T,0.1904761904761905
Def Jam Rapstar,PS3,2010.0,Misc,Konami Digital Entertainment,0.25,0.04,0.0,0.03,0.33,75.0,25.0,6.3,4.0,T,0.1904761904761905
SpongeBob SquarePants: Creature from the Krusty Kra,GC,2006.0,Platform,THQ,0.25,0.07,0.0,0.01,0.33,74.0,5.0,7.5,13.0,E,0.1904761904761905
MLB 08: The Show,PSP,2008.0,Sports,Sony Computer Entertainment,0.3,0.0,0.0,0.02,0.33,83.0,14.0,8.4,12.0,E,0.1904761904761905
Danganronpa: Trigger Happy Havoc,PSV,2013.0,Misc,Nippon Ichi Software,0.09,0.05,0.15,0.04,0.33,80.0,55.0,8.1,241.0,M,0.1904761904761905
Spy Kids 3-D: Game Over,GBA,2003.0,Platform,Disney Interactive Studios,0.24,0.09,0.0,0.01,0.33,62.0,4.0,7.7,6.0,E,0.1904761904761905
Medal of Honor: Warfighter,PC,2012.0,Action,Electronic Arts,0.14,0.15,0.0,0.04,0.33,55.0,30.0,5.4,605.0,M,0.1904761904761905
Power Rangers: Ninja Storm,GBA,2003.0,Misc,THQ,0.24,0.09,0.0,0.01,0.33,55.0,4.0,7.8,6.0,E,0.1904761904761905
MVP Baseball 2005,GC,2005.0,Sports,Electronic Arts,0.25,0.07,0.0,0.01,0.33,88.0,20.0,8.7,16.0,E,0.1904761904761905
SSX Blur,Wii,2007.0,Sports,Electronic Arts,0.29,0.01,0.0,0.03,0.33,74.0,52.0,8.1,60.0,E,0.1904761904761905
Harry Potter and the Half-Blood Prince,PS3,2009.0,Action,Electronic Arts,0.15,0.12,0.0,0.05,0.33,66.0,35.0,7.1,17.0,E10+,0.1904761904761905
Teen Titans,GC,2006.0,Action,THQ,0.25,0.07,0.0,0.01,0.33,63.0,11.0,6.9,11.0,E10+,0.1904761904761905
MX vs. ATV Untamed,Wii,2008.0,Racing,THQ,0.28,0.02,0.0,0.02,0.33,70.0,7.0,8.3,9.0,E,0.1904761904761905
Dead or Alive 5,X360,2012.0,Fighting,Ubisoft Annecy,0.19,0.08,0.03,0.03,0.33,76.0,39.0,7.9,95.0,M,0.1904761904761905
Binary Domain,PS3,2012.0,Action,Sega,0.09,0.07,0.14,0.03,0.33,72.0,33.0,8.2,180.0,M,0.1904761904761905
Dr. Mario / Puzzle League,GBA,2005.0,Puzzle,Nintendo,0.12,0.04,0.16,0.01,0.33,74.0,14.0,9.3,4.0,E,0.1904761904761905
Lord of Arcana,PSP,2010.0,Role-Playing,Square Enix,0.08,0.05,0.17,0.04,0.33,53.0,45.0,5.5,21.0,M,0.1904761904761905
DECA Sports Freedom,X360,2010.0,Sports,Hudson Soft,0.27,0.04,0.0,0.02,0.33,26.0,16.0,3.7,9.0,E10+,0.1904761904761905
Sid Meiers Civilization VI,PC,2016.0,Strategy,Take-Two Interactive,0.1,0.2,0.0,0.02,0.33,88.0,84.0,7.2,738.0,E10+,0.1904761904761905
Golden Axe: Beast Rider,X360,2008.0,Action,Sega,0.19,0.11,0.0,0.03,0.33,45.0,33.0,5.8,33.0,M,0.1904761904761905
Major League Baseball 2K6,X,2006.0,Sports,Take-Two Interactive,0.24,0.07,0.0,0.01,0.33,71.0,21.0,5.7,12.0,E,0.1904761904761905
EA Playground,DS,2007.0,Sports,Electronic Arts,0.29,0.01,0.0,0.03,0.33,60.0,8.0,7.6,13.0,E,0.1904761904761905
The Witcher: Enhanced Edition,PC,2008.0,Role-Playing,Atari,0.32,0.01,0.0,0.0,0.32,86.0,30.0,8.5,1679.0,M,0.18452380952380953
Iron Man 2,Wii,2010.0,Action,Sega,0.15,0.15,0.0,0.03,0.32,41.0,11.0,4.6,12.0,T,0.18452380952380953
SWAT: Global Strike Team,PS2,2003.0,Shooter,Vivendi Games,0.16,0.12,0.0,0.04,0.32,69.0,21.0,7.8,16.0,M,0.18452380952380953
Battlestations: Pacific,X360,2009.0,Strategy,Eidos Interactive,0.17,0.11,0.01,0.03,0.32,76.0,48.0,7.4,41.0,T,0.18452380952380953
Elebits,Wii,2006.0,Action,Konami Digital Entertainment,0.22,0.01,0.08,0.02,0.32,75.0,46.0,7.4,34.0,E,0.18452380952380953
Dead Space 2,PC,2011.0,Shooter,Electronic Arts,0.13,0.15,0.0,0.04,0.32,87.0,28.0,8.3,981.0,M,0.18452380952380953
Golden Axe: Beast Rider,PS3,2008.0,Action,Sega,0.13,0.14,0.0,0.06,0.32,44.0,30.0,5.6,23.0,M,0.18452380952380953
Kinetica,PS2,2001.0,Racing,Sony Computer Entertainment,0.16,0.12,0.0,0.04,0.32,77.0,21.0,8.3,21.0,T,0.18452380952380953
The Black Eyed Peas Experience,X360,2011.0,Misc,Ubisoft,0.2,0.1,0.0,0.03,0.32,66.0,17.0,5.8,8.0,T,0.18452380952380953
NBA Street V3,X,2005.0,Sports,Electronic Arts,0.28,0.03,0.0,0.01,0.32,89.0,41.0,8.9,10.0,E,0.18452380952380953
Remember Me,PS3,2013.0,Action,Capcom,0.1,0.17,0.0,0.06,0.32,72.0,37.0,7.4,424.0,M,0.18452380952380953
Marvel: Ultimate Alliance 2,Wii,2009.0,Role-Playing,Activision,0.25,0.05,0.0,0.03,0.32,50.0,8.0,5.2,16.0,T,0.18452380952380953
Silent Hill: Downpour,X360,2012.0,Action,Konami Digital Entertainment,0.22,0.08,0.0,0.02,0.32,68.0,38.0,7.3,269.0,M,0.18452380952380953
Shaun White Snowboarding,PSP,2008.0,Sports,Ubisoft,0.26,0.03,0.0,0.03,0.32,70.0,5.0,7.5,4.0,E10+,0.18452380952380953
Dead Rising 2: Off the Record,PS3,2011.0,Action,Capcom,0.11,0.08,0.1,0.03,0.32,72.0,31.0,7.1,35.0,M,0.18452380952380953
Eternal Sonata,X360,2007.0,Role-Playing,Atari,0.19,0.04,0.08,0.02,0.32,79.0,56.0,7.9,98.0,T,0.18452380952380953
Harvest Moon: Back to Nature,PS,1999.0,Simulation,Ubisoft,0.11,0.07,0.12,0.02,0.32,82.0,6.0,9.3,78.0,E,0.18452380952380953
Batman: Arkham Asylum,PC,2009.0,Action,Eidos Interactive,0.0,0.28,0.0,0.05,0.32,91.0,29.0,8.7,1749.0,T,0.18452380952380953
Harry Potter and the Deathly Hallows - Part 2,PS3,2011.0,Action,Electronic Arts,0.14,0.13,0.0,0.05,0.32,43.0,21.0,5.7,27.0,T,0.18452380952380953
Final Fantasy XI,PS2,2002.0,Role-Playing,Square Enix,0.08,0.06,0.15,0.02,0.32,85.0,49.0,6.9,66.0,T,0.18452380952380953
Overlord II,X360,2009.0,Action,Codemasters,0.15,0.14,0.0,0.03,0.32,75.0,60.0,7.2,46.0,T,0.18452380952380953
Dance Dance Revolution Universe,X360,2007.0,Simulation,Konami Digital Entertainment,0.3,0.0,0.0,0.02,0.32,74.0,26.0,8.8,5.0,E10+,0.18452380952380953
"Warhammer 40,000: Squad Command",PSP,2007.0,Strategy,THQ,0.11,0.13,0.0,0.08,0.32,67.0,25.0,7.6,26.0,T,0.18452380952380953
Tropico 5,PS4,2015.0,Simulation,Kalypso Media,0.06,0.16,0.06,0.04,0.32,76.0,17.0,7.1,111.0,T,0.18452380952380953
Darkwatch,PS2,2005.0,Shooter,Ubisoft,0.16,0.12,0.0,0.04,0.32,74.0,37.0,8.4,42.0,M,0.18452380952380953
Beautiful Katamari,X360,2007.0,Puzzle,Namco Bandai Games,0.14,0.02,0.15,0.02,0.32,73.0,52.0,7.0,40.0,E,0.18452380952380953
Fable III,PC,2011.0,Role-Playing,Microsoft Game Studios,0.1,0.17,0.0,0.05,0.32,75.0,39.0,5.4,558.0,M,0.18452380952380953
Tony Hawks American Wasteland,X360,2005.0,Sports,Activision,0.28,0.01,0.0,0.03,0.32,75.0,43.0,7.2,21.0,T,0.18452380952380953
Prince of Persia: The Sands of Time,GC,2003.0,Action,Ubisoft,0.25,0.06,0.0,0.01,0.32,92.0,33.0,8.4,41.0,T,0.18452380952380953
Sky Odyssey,PS2,2000.0,Simulation,Sony Computer Entertainment,0.16,0.12,0.0,0.04,0.32,79.0,18.0,8.4,9.0,E,0.18452380952380953
Hatsune Miku: Project Diva F 2nd,PSV,2014.0,Misc,Sega,0.08,0.05,0.16,0.04,0.32,81.0,8.0,8.4,69.0,T,0.18452380952380953
Operation Flashpoint: Red River,PS3,2011.0,Shooter,Codemasters,0.06,0.14,0.07,0.05,0.32,67.0,36.0,6.3,18.0,M,0.18452380952380953
Silent Hill HD Collection,PS3,2012.0,Action,Konami Digital Entertainment,0.15,0.1,0.03,0.04,0.32,70.0,33.0,4.8,136.0,M,0.18452380952380953
FIFA Street 3,PS3,2008.0,Sports,Electronic Arts,0.08,0.18,0.0,0.06,0.32,63.0,37.0,6.9,19.0,E,0.18452380952380953
Bleach: Shattered Blade,Wii,2006.0,Fighting,Sega,0.21,0.01,0.08,0.02,0.32,58.0,30.0,7.5,24.0,T,0.18452380952380953
DiRT 2,PSP,2009.0,Racing,Sony Computer Entertainment,0.09,0.15,0.0,0.08,0.32,55.0,13.0,5.7,10.0,E10+,0.18452380952380953
FIFA 2001 Major League Soccer,PS,2000.0,Sports,Electronic Arts,0.18,0.12,0.0,0.02,0.32,85.0,10.0,7.8,5.0,E,0.18452380952380953
Froggers Adventures: The Rescue,PS2,2003.0,Platform,Konami Digital Entertainment,0.16,0.12,0.0,0.04,0.32,59.0,12.0,8.5,6.0,E,0.18452380952380953
F1 Race Stars,PS3,2012.0,Racing,Codemasters,0.07,0.19,0.0,0.06,0.32,61.0,27.0,5.7,35.0,E,0.18452380952380953
Singularity,X360,2010.0,Shooter,Activision,0.24,0.05,0.0,0.02,0.32,76.0,70.0,7.7,170.0,M,0.18452380952380953
Karaoke Revolution Volume 3,PS2,2004.0,Misc,Konami Digital Entertainment,0.16,0.12,0.0,0.04,0.32,82.0,25.0,7.8,10.0,E,0.18452380952380953
Army of Two: The 40th Day,PSP,2010.0,Shooter,Electronic Arts,0.12,0.13,0.0,0.08,0.32,49.0,11.0,6.0,32.0,M,0.18452380952380953
Ultimate Fighting Championship: Throwdown,PS2,2002.0,Fighting,Ubisoft,0.16,0.12,0.0,0.04,0.32,68.0,19.0,8.0,8.0,T,0.18452380952380953
Disney's Extreme Skate Adventure,PS2,2003.0,Sports,Activision,0.16,0.12,0.0,0.04,0.32,78.0,15.0,8.3,12.0,E,0.18452380952380953
Murdered: Soul Suspect,PS4,2014.0,Action,Square Enix,0.09,0.16,0.02,0.05,0.32,59.0,60.0,6.9,317.0,M,0.18452380952380953
Prey,X360,2006.0,Shooter,Take-Two Interactive,0.27,0.03,0.0,0.03,0.32,79.0,80.0,7.3,117.0,M,0.18452380952380953
Folklore,PS3,2007.0,Role-Playing,Sony Computer Entertainment,0.2,0.04,0.05,0.03,0.32,75.0,55.0,8.2,147.0,T,0.18452380952380953
Drakengard 3,PS3,2013.0,Role-Playing,Square Enix,0.1,0.0,0.19,0.02,0.32,61.0,33.0,7.7,238.0,M,0.18452380952380953
The Darkness II,PS3,2012.0,Shooter,Take-Two Interactive,0.14,0.13,0.0,0.05,0.32,79.0,28.0,7.6,127.0,M,0.18452380952380953
NBA 2K3,X,2002.0,Sports,Sega,0.24,0.07,0.0,0.01,0.32,87.0,15.0,7.9,9.0,E,0.18452380952380953
Fate/Extra,PSP,2010.0,Role-Playing,Marvelous Interactive,0.18,0.01,0.1,0.03,0.32,58.0,10.0,8.1,39.0,T,0.18452380952380953
All-Star Baseball 2005,PS2,2004.0,Sports,Acclaim Entertainment,0.16,0.12,0.0,0.04,0.32,72.0,13.0,8.6,21.0,E,0.18452380952380953
NFL Fever 2004,X,2003.0,Sports,Microsoft Game Studios,0.24,0.07,0.0,0.01,0.32,74.0,29.0,8.8,16.0,E,0.18452380952380953
Test Drive Unlimited,X360,2006.0,Racing,Atari,0.23,0.04,0.02,0.02,0.32,82.0,69.0,8.0,87.0,E10+,0.18452380952380953
MLB 07: The Show,PS3,2007.0,Sports,Sony Computer Entertainment,0.29,0.0,0.0,0.03,0.32,77.0,30.0,7.5,17.0,E,0.18452380952380953
Marvel Nemesis: Rise of the Imperfects,PSP,2005.0,Fighting,Electronic Arts,0.29,0.0,0.0,0.02,0.32,58.0,15.0,8.7,30.0,T,0.18452380952380953
Kingdom Under Fire: The Crusaders,X,2004.0,Strategy,Deep Silver,0.24,0.07,0.0,0.01,0.32,81.0,50.0,7.9,31.0,M,0.18452380952380953
Clive Barkers Jericho,X360,2007.0,Shooter,Codemasters,0.28,0.01,0.0,0.02,0.32,63.0,46.0,7.5,71.0,M,0.18452380952380953
LEGO Legends of Chima: Lavals Journey,3DS,2013.0,Adventure,Warner Bros. Interactive Entertainment,0.19,0.1,0.0,0.03,0.32,65.0,5.0,3.6,7.0,E10+,0.18452380952380953
Romance of the Three Kingdoms VII,PS2,2000.0,Strategy,Tecmo Koei,0.08,0.06,0.16,0.02,0.32,72.0,10.0,8.7,11.0,E,0.18452380952380953
DJ Hero,PS2,2009.0,Misc,Activision,0.1,0.02,0.0,0.2,0.32,87.0,4.0,6.4,5.0,T,0.18452380952380953
"Monsters, Inc.",PS2,2002.0,Adventure,Sony Computer Entertainment,0.15,0.12,0.0,0.04,0.32,52.0,15.0,7.2,10.0,E,0.18452380952380953
Phineas and Ferb: Across the 2nd Dimension,PS3,2011.0,Action,Disney Interactive Studios,0.15,0.11,0.0,0.05,0.32,63.0,13.0,6.6,9.0,E10+,0.18452380952380953
Tekken 6,PSP,2009.0,Fighting,Namco Bandai Games,0.15,0.03,0.1,0.03,0.32,82.0,39.0,8.2,68.0,T,0.18452380952380953
Crash of the Titans,X360,2007.0,Action,Vivendi Games,0.27,0.02,0.0,0.02,0.32,65.0,25.0,6.3,39.0,E10+,0.18452380952380953
Dynasty Warriors 4 Empires,PS2,2004.0,Action,Tecmo Koei,0.0,0.0,0.32,0.0,0.32,71.0,29.0,8.8,19.0,T,0.18452380952380953
Shenmue II,X,2002.0,Adventure,Microsoft Game Studios,0.22,0.08,0.0,0.01,0.32,80.0,31.0,9.3,97.0,T,0.18452380952380953
Rugby World Cup 2011,PS3,2011.0,Sports,505 Games,0.0,0.24,0.0,0.07,0.32,50.0,12.0,5.6,7.0,E,0.18452380952380953
Overlord II,PS3,2009.0,Action,Codemasters,0.11,0.15,0.0,0.06,0.32,72.0,42.0,7.6,24.0,T,0.18452380952380953
BlazBlue: Continuum Shift,X360,2010.0,Fighting,PQube,0.23,0.04,0.02,0.02,0.31,85.0,32.0,8.7,26.0,T,0.17857142857142858
Batman: Arkham Origins,PC,2013.0,Action,Warner Bros. Interactive Entertainment,0.13,0.16,0.0,0.02,0.31,74.0,17.0,7.5,1177.0,T,0.17857142857142858
Crash Nitro Kart,X,2003.0,Racing,Vivendi Games,0.24,0.07,0.0,0.01,0.31,70.0,14.0,8.9,16.0,E,0.17857142857142858
Etrian Odyssey III: The Drowned City,DS,2010.0,Role-Playing,Atlus,0.12,0.0,0.19,0.01,0.31,77.0,23.0,8.0,21.0,E10+,0.17857142857142858
Harry Potter and the Half-Blood Prince,X360,2009.0,Action,Electronic Arts,0.17,0.11,0.0,0.03,0.31,64.0,38.0,6.8,11.0,E10+,0.17857142857142858
Fishing Master,Wii,2007.0,Misc,Konami Digital Entertainment,0.29,0.0,0.0,0.02,0.31,58.0,9.0,8.1,9.0,E,0.17857142857142858
Madden NFL 2004,GBA,2003.0,Sports,Electronic Arts,0.22,0.08,0.0,0.01,0.31,70.0,9.0,6.6,5.0,E,0.17857142857142858
NBA Inside Drive 2003,X,2002.0,Sports,Microsoft Game Studios,0.23,0.07,0.0,0.01,0.31,72.0,21.0,7.8,12.0,E,0.17857142857142858
FIFA Street,PS2,2005.0,Sports,Electronic Arts,0.15,0.12,0.0,0.04,0.31,59.0,29.0,7.9,52.0,E,0.17857142857142858
Monster La,Wii,2008.0,Role-Playing,Eidos Interactive,0.27,0.02,0.0,0.02,0.31,73.0,11.0,8.4,14.0,E10+,0.17857142857142858
Catherine,X360,2011.0,Adventure,Deep Silver,0.2,0.06,0.03,0.02,0.31,82.0,39.0,7.9,153.0,M,0.17857142857142858
The Matrix: Path of Neo,X,2005.0,Action,Atari,0.23,0.07,0.0,0.01,0.31,73.0,39.0,7.3,20.0,T,0.17857142857142858
Batman: Arkham Origins,WiiU,2013.0,Action,Warner Bros. Interactive Entertainment,0.19,0.09,0.0,0.03,0.31,68.0,5.0,7.4,127.0,T,0.17857142857142858
Bust-A-Move Universe,3DS,2011.0,Puzzle,Square Enix,0.08,0.15,0.06,0.03,0.31,49.0,30.0,4.8,13.0,E,0.17857142857142858
Mortal Kombat: Shaolin Monks,X,2005.0,Action,Midway Games,0.23,0.07,0.0,0.01,0.31,78.0,37.0,6.6,19.0,M,0.17857142857142858
Sonic Boom: Rise of Lyric,WiiU,2014.0,Action,Sega,0.19,0.09,0.0,0.03,0.31,32.0,28.0,3.6,590.0,E10+,0.17857142857142858
The Legend of Spyro: Dawn of the Dragon,X360,2008.0,Platform,Vivendi Games,0.16,0.12,0.0,0.03,0.31,62.0,35.0,7.2,26.0,E10+,0.17857142857142858
Shin Megami Tensei: Devil Survivor 2,DS,2011.0,Role-Playing,Ghostlight,0.16,0.01,0.12,0.01,0.31,79.0,21.0,8.8,45.0,T,0.17857142857142858
WipEout Pulse,PSP,2007.0,Racing,Sony Computer Entertainment,0.13,0.12,0.0,0.06,0.31,82.0,40.0,8.6,31.0,E10+,0.17857142857142858
The Settlers 7: Paths to a Kingdom,PC,2010.0,Strategy,Ubisoft,0.0,0.27,0.0,0.05,0.31,79.0,33.0,5.2,214.0,E10+,0.17857142857142858
Fuel,X360,2009.0,Racing,Codemasters,0.09,0.18,0.0,0.04,0.31,66.0,45.0,7.0,45.0,E,0.17857142857142858
Deadpool,PS4,2015.0,Action,Activision,0.15,0.11,0.0,0.05,0.31,60.0,11.0,5.7,70.0,M,0.17857142857142858
Disgaea 5: Alliance of Vengeance,PS4,2015.0,Role-Playing,Nippon Ichi Software,0.12,0.08,0.07,0.04,0.31,80.0,43.0,8.1,175.0,T,0.17857142857142858
KISS Pinball,PS,2001.0,Action,Take-Two Interactive,0.17,0.12,0.0,0.02,0.31,26.0,7.0,3.8,8.0,T,0.17857142857142858
Brothers In Arms: Earned in Blood,X,2005.0,Shooter,Ubisoft,0.23,0.07,0.0,0.01,0.31,85.0,41.0,8.6,25.0,M,0.17857142857142858
Dead Rising 4,XOne,2016.0,Action,Microsoft Game Studios,0.16,0.12,0.0,0.03,0.31,73.0,79.0,4.4,297.0,M,0.17857142857142858
Manhunt 2,PSP,2007.0,Action,Take-Two Interactive,0.04,0.17,0.0,0.09,0.31,69.0,15.0,8.1,38.0,M,0.17857142857142858
Dark Void,X360,2010.0,Action,Capcom,0.19,0.09,0.0,0.03,0.31,59.0,69.0,6.0,61.0,T,0.17857142857142858
Mega Man Maverick Hunter X,PSP,2005.0,Platform,Capcom,0.27,0.01,0.0,0.03,0.31,79.0,34.0,8.3,44.0,E10+,0.17857142857142858
BlazBlue: Chrono Phantasma,PS3,2013.0,Fighting,Arc System Works,0.14,0.0,0.14,0.03,0.31,83.0,16.0,8.3,64.0,T,0.17857142857142858
Clash of the Titans,PS3,2010.0,Action,Namco Bandai Games,0.09,0.15,0.01,0.05,0.31,41.0,28.0,1.7,17.0,T,0.17857142857142858
Star Wars Jedi Knight II: Jedi Outcast,X,2002.0,Shooter,Activision,0.23,0.07,0.0,0.01,0.31,81.0,24.0,6.8,15.0,T,0.17857142857142858
Mega Man Battle Network 2,GBA,2002.0,Action,Ubisoft,0.22,0.08,0.0,0.01,0.31,81.0,15.0,9.0,21.0,E,0.17857142857142858
Major League Baseball 2K8,PS3,2008.0,Sports,Bethesda Softworks,0.28,0.0,0.0,0.03,0.31,67.0,23.0,5.6,8.0,E,0.17857142857142858
Pandoras Tower,Wii,2011.0,Role-Playing,Nintendo,0.11,0.1,0.08,0.02,0.31,73.0,48.0,8.0,99.0,T,0.17857142857142858
SimAnimals,Wii,2009.0,Simulation,Electronic Arts,0.14,0.14,0.0,0.03,0.31,58.0,13.0,2.1,35.0,E,0.17857142857142858
Tiger Woods PGA Tour 06,X360,2005.0,Sports,Electronic Arts,0.28,0.0,0.0,0.02,0.31,71.0,36.0,7.4,8.0,E,0.17857142857142858
Jonah Lomu Rugby Challenge,X360,2011.0,Sports,Home Entertainment Suppliers,0.09,0.19,0.0,0.03,0.31,73.0,14.0,6.0,8.0,E,0.17857142857142858
Midway Arcade Treasures 2,X,2004.0,Misc,Midway Games,0.24,0.05,0.0,0.01,0.31,74.0,38.0,7.4,7.0,M,0.17857142857142858
NASCAR Thunder 2003,GC,2002.0,Racing,Electronic Arts,0.24,0.06,0.0,0.01,0.31,85.0,12.0,6.6,5.0,E,0.17857142857142858
Mega Man Zero Collection,DS,2010.0,Platform,Capcom,0.17,0.01,0.11,0.02,0.31,78.0,15.0,8.9,39.0,E,0.17857142857142858
Pro Evolution Soccer 2013,X360,2012.0,Sports,Konami Digital Entertainment,0.08,0.2,0.0,0.03,0.31,82.0,33.0,6.9,77.0,E,0.17857142857142858
Star Wars Racer Revenge,PS2,2002.0,Racing,LucasArts,0.15,0.12,0.0,0.04,0.31,73.0,34.0,8.5,11.0,E,0.17857142857142858
NCAA Final Four 2002,PS2,2001.0,Sports,Sony Computer Entertainment,0.15,0.12,0.0,0.04,0.31,52.0,14.0,6.5,8.0,E,0.17857142857142858
Blade II,PS2,2002.0,Action,Activision,0.15,0.12,0.0,0.04,0.31,49.0,21.0,6.1,14.0,M,0.17857142857142858
TRON: Evolution,X360,2010.0,Action,Disney Interactive Studios,0.24,0.05,0.0,0.02,0.31,58.0,51.0,5.8,42.0,T,0.17857142857142858
Dragon Ball Z: Battle of Z,PS3,2014.0,Fighting,Namco Bandai Games,0.1,0.1,0.06,0.04,0.31,54.0,32.0,5.3,103.0,T,0.17857142857142858
Bruce Lee: Quest of the Dragon,X,2002.0,Fighting,Universal Interactive,0.23,0.07,0.0,0.01,0.31,32.0,24.0,2.4,10.0,T,0.17857142857142858
Disney's The Emperors New Groove,PS,2000.0,Platform,Sony Computer Entertainment,0.17,0.12,0.0,0.02,0.31,66.0,8.0,7.2,6.0,E,0.17857142857142858
Disney's Stitch: Experiment 626,PS2,2002.0,Action,Sony Computer Entertainment,0.15,0.12,0.0,0.04,0.31,59.0,17.0,7.8,4.0,E,0.17857142857142858
Orphen: Scion of Sorcery,PS2,2000.0,Role-Playing,Activision,0.15,0.12,0.0,0.04,0.31,54.0,15.0,5.8,8.0,T,0.17857142857142858
NBA Live 08,PSP,2007.0,Sports,Electronic Arts,0.28,0.0,0.0,0.02,0.31,73.0,11.0,6.2,5.0,E,0.17857142857142858
Star Wars Episode III: Revenge of the Sith,DS,2005.0,Action,Ubisoft,0.25,0.03,0.0,0.02,0.31,73.0,22.0,7.8,19.0,E10+,0.17857142857142858
Ultimate Spider-Man,GBA,2005.0,Action,Activision,0.22,0.08,0.0,0.01,0.3,62.0,4.0,7.3,12.0,E10+,0.17261904761904762
Final Fantasy XI: Wings of the Goddess,X360,2007.0,Role-Playing,Square Enix,0.26,0.0,0.02,0.02,0.3,63.0,4.0,5.8,5.0,T,0.17261904761904762
Midtown Madness 3,X,2003.0,Racing,Microsoft Game Studios,0.23,0.07,0.0,0.01,0.3,76.0,41.0,8.3,30.0,E,0.17261904761904762
Shrek Swamp Kart Speedway,GBA,2002.0,Racing,TDK Mediactive,0.22,0.08,0.0,0.01,0.3,27.0,5.0,8.9,19.0,E,0.17261904761904762
Contra 4,DS,2007.0,Shooter,Konami Digital Entertainment,0.28,0.0,0.01,0.02,0.3,83.0,38.0,8.4,45.0,T,0.17261904761904762
Monsters vs. Aliens,PS3,2009.0,Action,Activision,0.21,0.05,0.0,0.04,0.3,66.0,18.0,4.5,4.0,E10+,0.17261904761904762
Spyro: Attack of the Rhynocs,GBA,2003.0,Platform,Universal Interactive,0.22,0.08,0.0,0.01,0.3,72.0,13.0,7.5,15.0,E,0.17261904761904762
NASCAR 2011: The Game,X360,2011.0,Racing,Activision,0.29,0.0,0.0,0.02,0.3,62.0,24.0,4.1,14.0,E,0.17261904761904762
Kingdoms of Amalur: Reckoning,PC,2012.0,Role-Playing,Electronic Arts,0.14,0.13,0.0,0.03,0.3,81.0,25.0,6.6,1100.0,M,0.17261904761904762
Burnout,GC,2002.0,Racing,Acclaim Entertainment,0.23,0.06,0.0,0.01,0.3,78.0,18.0,7.9,18.0,E,0.17261904761904762
Chaos Legion,PS2,2003.0,Action,Capcom,0.15,0.12,0.0,0.04,0.3,65.0,34.0,8.2,58.0,T,0.17261904761904762
Charlie and the Chocolate Factory,GBA,2005.0,Adventure,Global Star,0.22,0.08,0.0,0.01,0.3,36.0,5.0,3.8,6.0,E,0.17261904761904762
Neopets: The Darkest Faerie,PS2,2005.0,Adventure,Sony Computer Entertainment,0.15,0.12,0.0,0.04,0.3,61.0,18.0,8.5,30.0,E10+,0.17261904761904762
24: The Game,PS2,2006.0,Adventure,Sony Computer Entertainment,0.15,0.12,0.0,0.04,0.3,62.0,53.0,8.2,40.0,M,0.17261904761904762
The King of Fighters XIII,PS3,2011.0,Fighting,Rising Star Games,0.17,0.06,0.04,0.03,0.3,77.0,26.0,8.2,76.0,T,0.17261904761904762
Tom Clancys Splinter Cell 3D,3DS,2011.0,Action,Ubisoft,0.14,0.07,0.07,0.02,0.3,53.0,32.0,5.5,26.0,T,0.17261904761904762
Magna Carta 2,X360,2009.0,Role-Playing,Banpresto,0.13,0.07,0.07,0.02,0.3,69.0,49.0,7.0,57.0,T,0.17261904761904762
Romance of the Three Kingdoms VIII,PS2,2002.0,Strategy,Tecmo Koei,0.05,0.04,0.19,0.01,0.3,77.0,14.0,8.9,17.0,E,0.17261904761904762
F1 2013,X360,2013.0,Racing,Codemasters,0.01,0.27,0.0,0.02,0.3,79.0,29.0,6.6,33.0,E,0.17261904761904762
Crazy Taxi: Catch a Ride,GBA,2003.0,Racing,THQ,0.21,0.08,0.0,0.01,0.3,48.0,14.0,5.9,8.0,E,0.17261904761904762
PowerUp Heroes,X360,2011.0,Fighting,Ubisoft,0.18,0.09,0.0,0.03,0.3,61.0,13.0,7.5,10.0,E10+,0.17261904761904762
Rayman 2: Revolution,PS2,2000.0,Platform,Ubisoft,0.15,0.11,0.0,0.04,0.3,90.0,16.0,8.2,43.0,E,0.17261904761904762
Madden NFL 13,PSV,2012.0,Sports,Electronic Arts,0.28,0.0,0.0,0.02,0.3,63.0,6.0,7.3,38.0,E,0.17261904761904762
Army Men: Air Attack 2,PS,2000.0,Action,3DO,0.17,0.11,0.0,0.02,0.3,74.0,8.0,5.3,4.0,T,0.17261904761904762
NBA Live 2003,GC,2002.0,Sports,Electronic Arts,0.23,0.06,0.0,0.01,0.3,82.0,11.0,8.2,5.0,E,0.17261904761904762
Stranglehold,PS3,2007.0,Shooter,Midway Games,0.24,0.02,0.0,0.03,0.3,77.0,22.0,7.9,48.0,M,0.17261904761904762
Pride FC: Fighting Championships,PS2,2003.0,Fighting,THQ,0.15,0.11,0.0,0.04,0.3,73.0,19.0,8.6,7.0,M,0.17261904761904762
Sword Art Online: Hollow Fragment,PSV,2014.0,Role-Playing,Namco Bandai Games,0.0,0.0,0.3,0.0,0.3,67.0,28.0,7.6,132.0,T,0.17261904761904762
Resident Evil Archives: Resident Evil,Wii,2008.0,Action,Capcom,0.16,0.04,0.08,0.02,0.3,76.0,11.0,8.9,41.0,M,0.17261904761904762
Eternal Ring,PS2,2000.0,Role-Playing,Ubisoft,0.1,0.07,0.1,0.03,0.3,62.0,13.0,5.3,9.0,T,0.17261904761904762
Silent Hill: Shattered Memories,PSP,2010.0,Action,Konami Digital Entertainment,0.09,0.13,0.01,0.07,0.3,73.0,28.0,7.5,44.0,M,0.17261904761904762
PlayStation VR Worlds,PS4,2016.0,Misc,Sony Computer Entertainment,0.09,0.15,0.02,0.04,0.3,59.0,48.0,7.0,78.0,M,0.17261904761904762
Dynasty Warriors 6,X360,2007.0,Action,Tecmo Koei,0.15,0.06,0.06,0.02,0.3,60.0,42.0,7.4,22.0,T,0.17261904761904762
UEFA Euro 2016,PS4,2016.0,Sports,Konami Digital Entertainment,0.0,0.22,0.05,0.04,0.3,72.0,7.0,6.6,8.0,E,0.17261904761904762
Spider-Man 3,PSP,2007.0,Platform,Activision,0.01,0.23,0.0,0.06,0.3,52.0,7.0,7.4,9.0,T,0.17261904761904762
Dance Dance Revolution Universe 3,X360,2008.0,Simulation,Konami Digital Entertainment,0.28,0.0,0.0,0.02,0.3,65.0,6.0,7.7,7.0,E,0.17261904761904762
Steep,PS4,2016.0,Sports,Ubisoft,0.07,0.18,0.0,0.05,0.3,72.0,55.0,6.5,148.0,T,0.17261904761904762
Def Jam Rapstar,X360,2010.0,Misc,Konami Digital Entertainment,0.25,0.02,0.0,0.02,0.3,74.0,36.0,5.4,9.0,T,0.17261904761904762
Showdown: Legends of Wrestling,PS2,2004.0,Fighting,Acclaim Entertainment,0.15,0.11,0.0,0.04,0.3,55.0,24.0,6.1,7.0,T,0.17261904761904762
Full Spectrum Warrior,PS2,2005.0,Strategy,THQ,0.15,0.11,0.0,0.04,0.3,74.0,24.0,8.0,13.0,M,0.17261904761904762
The Sims 2: Pets,PS2,2006.0,Simulation,Electronic Arts,0.02,0.01,0.0,0.27,0.3,68.0,27.0,8.0,25.0,T,0.17261904761904762
Borderlands: The Pre-Sequel,PC,2014.0,Shooter,Take-Two Interactive,0.12,0.15,0.0,0.02,0.3,75.0,55.0,6.2,710.0,M,0.17261904761904762
Fist of the North Star: Kens Rage 2,PS3,2012.0,Fighting,Tecmo Koei,0.0,0.0,0.3,0.0,0.3,49.0,19.0,7.0,19.0,M,0.17261904761904762
MLB SlugFest Loaded,PS2,2004.0,Sports,Midway Games,0.14,0.11,0.0,0.04,0.3,77.0,30.0,9.2,5.0,T,0.17261904761904762
1701 A.D.,PC,2006.0,Simulation,Deep Silver,0.0,0.25,0.0,0.04,0.3,79.0,30.0,8.3,38.0,E10+,0.17261904761904762
Capcom Classics Collection Remixed,PSP,2006.0,Misc,Capcom,0.27,0.0,0.0,0.02,0.3,72.0,37.0,7.0,5.0,T,0.17261904761904762
Teenage Mutant Ninja Turtles,X,2003.0,Action,Konami Digital Entertainment,0.22,0.06,0.0,0.01,0.3,56.0,22.0,8.4,9.0,E,0.17261904761904762
Little Deviants,PSV,2011.0,Platform,Sony Computer Entertainment,0.14,0.12,0.0,0.04,0.3,57.0,62.0,5.5,53.0,E10+,0.17261904761904762
Shrek the Third,DS,2007.0,Action,Activision,0.26,0.02,0.0,0.02,0.3,70.0,16.0,6.8,5.0,E,0.17261904761904762
Sorcery,PS3,2012.0,Action,Sony Computer Entertainment,0.14,0.11,0.0,0.05,0.29,70.0,52.0,7.3,57.0,E10+,0.16666666666666666
Radiant Historia,DS,2010.0,Role-Playing,Atlus,0.19,0.0,0.09,0.01,0.29,85.0,30.0,9.0,82.0,E10+,0.16666666666666666
Shaun White Snowboarding: World Stage,Wii,2009.0,Sports,Ubisoft,0.24,0.03,0.0,0.02,0.29,72.0,33.0,8.7,30.0,E,0.16666666666666666
Harry Potter and the Order of the Phoenix,X360,2007.0,Action,Electronic Arts,0.24,0.03,0.0,0.02,0.29,68.0,38.0,6.8,20.0,E10+,0.16666666666666666
Grandia II,PS2,2002.0,Role-Playing,Ubisoft,0.14,0.11,0.0,0.04,0.29,71.0,19.0,8.6,31.0,T,0.16666666666666666
Spider-Man: Friend or Foe,X360,2007.0,Action,Activision,0.26,0.01,0.0,0.02,0.29,60.0,51.0,6.3,26.0,E10+,0.16666666666666666
Guitar Hero: Van Halen,X360,2009.0,Misc,Activision,0.16,0.1,0.0,0.03,0.29,57.0,34.0,5.8,17.0,T,0.16666666666666666
The Sims 2,PC,2004.0,Simulation,Electronic Arts,0.02,0.24,0.0,0.04,0.29,90.0,61.0,8.8,685.0,T,0.16666666666666666
Batman: The Brave and the Bold the Videogame,DS,2010.0,Action,Warner Bros. Interactive Entertainment,0.23,0.04,0.0,0.02,0.29,74.0,14.0,8.0,8.0,E10+,0.16666666666666666
Need for Speed Underground,GBA,2003.0,Racing,Electronic Arts,0.21,0.08,0.0,0.01,0.29,77.0,9.0,8.2,25.0,E,0.16666666666666666
Outlaw Golf,X,2002.0,Sports,TDK Mediactive,0.22,0.06,0.0,0.01,0.29,72.0,23.0,6.9,9.0,T,0.16666666666666666
MySims SkyHeroes,Wii,2010.0,Action,Electronic Arts,0.16,0.1,0.0,0.03,0.29,67.0,9.0,5.2,5.0,E10+,0.16666666666666666
Mini Ninjas,X360,2009.0,Action,Eidos Interactive,0.12,0.14,0.0,0.03,0.29,73.0,44.0,8.4,38.0,E10+,0.16666666666666666
NBA Street V3,GC,2005.0,Sports,Electronic Arts,0.23,0.06,0.0,0.01,0.29,88.0,36.0,8.4,16.0,E,0.16666666666666666
WinBack: Covert Operations,PS2,2000.0,Shooter,Midas Interactive Entertainment,0.14,0.11,0.0,0.04,0.29,66.0,11.0,7.7,20.0,T,0.16666666666666666
Syphon Filter: Dark Mirror,PSP,2006.0,Shooter,Sony Computer Entertainment,0.26,0.01,0.0,0.03,0.29,87.0,58.0,9.0,118.0,M,0.16666666666666666
Glory of Heracles,DS,2008.0,Role-Playing,Nintendo,0.19,0.0,0.08,0.01,0.29,69.0,23.0,7.3,18.0,E10+,0.16666666666666666
Up,X360,2009.0,Action,THQ,0.2,0.07,0.0,0.03,0.29,61.0,18.0,6.8,6.0,E10+,0.16666666666666666
Modnation Racers: Road Trip,PSV,2012.0,Racing,Sony Computer Entertainment,0.15,0.09,0.0,0.04,0.29,62.0,51.0,6.4,69.0,E,0.16666666666666666
ExerBeat,Wii,2010.0,Sports,Namco Bandai Games,0.1,0.16,0.0,0.03,0.29,60.0,9.0,7.6,5.0,E,0.16666666666666666
NBA Live 06,X360,2005.0,Sports,Electronic Arts,0.27,0.0,0.0,0.02,0.29,64.0,35.0,5.6,16.0,E,0.16666666666666666
Need for Speed: Most Wanted,PC,2005.0,Racing,Electronic Arts,0.02,0.23,0.0,0.04,0.29,82.0,19.0,8.5,531.0,T,0.16666666666666666
Ultimate Marvel vs. Capcom 3,PSV,2011.0,Fighting,Capcom,0.17,0.08,0.0,0.04,0.29,80.0,48.0,7.7,93.0,T,0.16666666666666666
Front Mission Evolved,PS3,2010.0,Shooter,Square Enix,0.09,0.06,0.11,0.03,0.29,58.0,42.0,6.0,31.0,T,0.16666666666666666
Little Kings Story,Wii,2009.0,Strategy,Rising Star Games,0.14,0.1,0.02,0.02,0.29,87.0,50.0,8.8,87.0,T,0.16666666666666666
Dynasty Warriors: Strikeforce,PS3,2009.0,Action,Tecmo Koei,0.11,0.07,0.07,0.03,0.29,64.0,27.0,7.3,15.0,T,0.16666666666666666
Zoo Tycoon 2 DS,DS,2008.0,Strategy,THQ,0.24,0.03,0.0,0.02,0.29,60.0,17.0,5.4,7.0,E,0.16666666666666666
NieR,X360,2010.0,Role-Playing,Square Enix,0.13,0.1,0.04,0.02,0.29,67.0,60.0,8.3,128.0,M,0.16666666666666666
Project CARS,XOne,2015.0,Racing,Slightly Mad Studios,0.13,0.13,0.0,0.02,0.29,81.0,16.0,5.8,135.0,E,0.16666666666666666
Area 51,X,2005.0,Shooter,Midway Games,0.22,0.06,0.0,0.01,0.29,72.0,43.0,8.1,16.0,M,0.16666666666666666
FIFA Soccer 13,3DS,2012.0,Action,Electronic Arts,0.06,0.2,0.0,0.03,0.29,68.0,4.0,3.7,16.0,E,0.16666666666666666
Wanted: Weapons of Fate,PS3,2009.0,Shooter,Warner Bros. Interactive Entertainment,0.14,0.1,0.01,0.04,0.29,61.0,56.0,7.0,26.0,M,0.16666666666666666
The Chronicles of Riddick: Assault on Dark Athena,X360,2009.0,Shooter,Atari,0.16,0.1,0.0,0.03,0.29,82.0,67.0,8.2,73.0,M,0.16666666666666666
Mega Man X8,PS2,2004.0,Platform,Capcom,0.14,0.11,0.0,0.04,0.29,68.0,23.0,8.5,63.0,E,0.16666666666666666
Ford Mustang: The Legend Lives,PS2,2005.0,Racing,Take-Two Interactive,0.14,0.11,0.0,0.04,0.29,58.0,5.0,7.3,8.0,E,0.16666666666666666
FlatOut: Head On,PSP,2008.0,Racing,Empire Interactive,0.13,0.1,0.0,0.06,0.29,74.0,28.0,8.2,21.0,T,0.16666666666666666
Duel Masters: Sempai Legends,GBA,2003.0,Misc,Atari,0.21,0.08,0.0,0.01,0.29,69.0,19.0,8.0,5.0,E,0.16666666666666666
Harvest Moon: Magical Melody,Wii,2008.0,Simulation,Rising Star Games,0.23,0.03,0.0,0.02,0.29,69.0,14.0,8.8,17.0,E,0.16666666666666666
X-Men Legends II: Rise of Apocalypse,PSP,2005.0,Role-Playing,Activision,0.25,0.01,0.0,0.02,0.29,84.0,30.0,8.3,44.0,T,0.16666666666666666
Trace Memory,DS,2005.0,Adventure,Nintendo,0.15,0.01,0.12,0.01,0.29,70.0,51.0,8.1,42.0,T,0.16666666666666666
Prince of Persia: Rival Swords,Wii,2007.0,Action,Ubisoft,0.24,0.02,0.0,0.02,0.29,70.0,30.0,7.7,21.0,T,0.16666666666666666
Heroes of the Pacific,PS2,2005.0,Simulation,Codemasters,0.14,0.11,0.0,0.04,0.29,76.0,31.0,8.4,15.0,T,0.16666666666666666
The Lord of the Rings: The Third Age,GC,2004.0,Role-Playing,Electronic Arts,0.22,0.06,0.0,0.01,0.29,74.0,25.0,7.8,19.0,T,0.16666666666666666
Trauma Center: New Blood,Wii,2007.0,Simulation,Nintendo,0.22,0.04,0.01,0.02,0.29,77.0,43.0,8.0,20.0,T,0.16666666666666666
Madden NFL 08,X,2007.0,Sports,Electronic Arts,0.22,0.06,0.0,0.01,0.29,76.0,6.0,6.0,4.0,E,0.16666666666666666
Starhawk,PS3,2012.0,Action,Sony Computer Entertainment,0.18,0.05,0.03,0.03,0.29,77.0,71.0,7.8,188.0,T,0.16666666666666666
Sonic Boom: Shattered Crystal,3DS,2014.0,Action,Sega,0.17,0.09,0.0,0.03,0.29,47.0,21.0,6.2,162.0,E,0.16666666666666666
Call of Juarez: The Cartel,PS3,2011.0,Shooter,Ubisoft,0.12,0.12,0.0,0.05,0.29,45.0,42.0,5.5,74.0,M,0.16666666666666666
Pirates of the Caribbean,X,2003.0,Role-Playing,Ubisoft,0.22,0.06,0.0,0.01,0.29,65.0,30.0,7.4,27.0,T,0.16666666666666666
Ace Combat: Joint Assault,PSP,2010.0,Simulation,Namco Bandai Games,0.06,0.05,0.15,0.03,0.29,71.0,30.0,7.2,12.0,T,0.16666666666666666
The BIGS 2,Wii,2009.0,Sports,Take-Two Interactive,0.26,0.01,0.0,0.02,0.29,68.0,5.0,8.5,6.0,E10+,0.16666666666666666
Turning Point: Fall of Liberty,X360,2008.0,Shooter,Codemasters,0.23,0.04,0.0,0.02,0.29,43.0,44.0,6.8,87.0,T,0.16666666666666666
Shrek Super Party,PS2,2002.0,Misc,TDK Mediactive,0.14,0.11,0.0,0.04,0.29,30.0,4.0,5.1,17.0,E,0.16666666666666666
MLB Power Pros,Wii,2007.0,Sports,Konami Digital Entertainment,0.23,0.0,0.04,0.02,0.29,83.0,12.0,8.4,45.0,E,0.16666666666666666
"Sakura Wars: So Long, My Love",PS2,2005.0,Role-Playing,Sega,0.07,0.05,0.15,0.02,0.29,81.0,15.0,7.3,26.0,T,0.16666666666666666
Dynasty Tactics,PS2,2002.0,Strategy,Tecmo Koei,0.06,0.05,0.16,0.02,0.29,79.0,14.0,8.1,31.0,T,0.16666666666666666
Angry Birds Star Wars,PS3,2013.0,Strategy,Activision,0.1,0.14,0.0,0.05,0.29,49.0,6.0,3.6,23.0,E,0.16666666666666666
Metal Gear Solid V: Ground Zeroes,XOne,2014.0,Action,Konami Digital Entertainment,0.15,0.11,0.0,0.02,0.29,76.0,13.0,5.4,349.0,M,0.16666666666666666
SimCity 4,PC,2003.0,Simulation,Electronic Arts,0.01,0.24,0.0,0.03,0.29,84.0,36.0,8.7,268.0,E,0.16666666666666666
Fable: The Journey,X360,2012.0,Role-Playing,Microsoft Game Studios,0.19,0.08,0.0,0.02,0.29,61.0,70.0,4.7,81.0,T,0.16666666666666666
Puzzle Quest: Challenge of the Warlords,Wii,2007.0,Puzzle,D3Publisher,0.26,0.0,0.0,0.02,0.29,71.0,17.0,6.2,5.0,E10+,0.16666666666666666
Sengoku Basara: Samurai Heroes,Wii,2010.0,Action,Capcom,0.06,0.01,0.2,0.01,0.29,65.0,18.0,8.8,13.0,T,0.16666666666666666
Rayman 3: Hoodlum Havoc,PS2,2003.0,Platform,Ubisoft,0.14,0.11,0.0,0.04,0.29,76.0,21.0,8.6,39.0,E,0.16666666666666666
Feel the Magic XY/XX,DS,2004.0,Puzzle,Sega,0.17,0.0,0.1,0.02,0.29,75.0,55.0,8.1,18.0,T,0.16666666666666666
Warriors Orochi 2,PSP,2008.0,Action,Tecmo Koei,0.06,0.0,0.22,0.01,0.29,56.0,14.0,7.5,4.0,T,0.16666666666666666
Psi-Ops: The Mindgate Conspiracy,PS2,2004.0,Shooter,Midway Games,0.14,0.11,0.0,0.04,0.29,84.0,46.0,8.9,27.0,M,0.16666666666666666
Dead Rising: Chop Till You Drop,Wii,2009.0,Action,Capcom,0.15,0.07,0.05,0.02,0.29,61.0,30.0,6.5,35.0,M,0.16666666666666666
NASCAR 08,X360,2007.0,Racing,Electronic Arts,0.26,0.0,0.0,0.02,0.29,59.0,29.0,5.2,30.0,E,0.16666666666666666
Spyro: A Heros Tail,GC,2004.0,Platform,Vivendi Games,0.22,0.06,0.0,0.01,0.29,62.0,13.0,8.3,10.0,E,0.16666666666666666
Majin and the Forsaken Kingdom,PS3,2010.0,Adventure,Namco Bandai Games,0.09,0.13,0.01,0.05,0.29,72.0,49.0,7.9,35.0,T,0.16666666666666666
NES Remix,WiiU,2014.0,Action,Nintendo,0.18,0.0,0.09,0.02,0.29,71.0,34.0,7.1,133.0,E,0.16666666666666666
World of Tanks,PC,2011.0,Shooter,Wargaming.net,0.0,0.23,0.0,0.05,0.29,80.0,38.0,3.7,1472.0,T,0.16666666666666666
Links 2004,X,2003.0,Sports,Microsoft Game Studios,0.21,0.06,0.0,0.01,0.29,80.0,41.0,9.0,9.0,E,0.16666666666666666
Assassins Creed IV: Black Flag,WiiU,2013.0,Action,Ubisoft,0.17,0.09,0.0,0.03,0.29,86.0,5.0,7.7,207.0,M,0.16666666666666666
Earthworm Jim,GBA,2001.0,Platform,Interplay,0.2,0.08,0.0,0.01,0.29,72.0,10.0,5.7,6.0,E,0.16666666666666666
Tales of Phantasia,GBA,2003.0,Role-Playing,Nintendo,0.08,0.03,0.17,0.01,0.29,76.0,29.0,8.0,25.0,E10+,0.16666666666666666
Monster 4x4: Masters of Metal,PS2,2003.0,Racing,Ubisoft,0.14,0.11,0.0,0.04,0.28,48.0,9.0,8.3,13.0,E,0.16071428571428573
Dragon Ball GT: Transformation,GBA,2005.0,Action,Atari,0.2,0.08,0.0,0.01,0.28,69.0,12.0,8.2,26.0,E10+,0.16071428571428573
FIFA 15,PC,2014.0,Sports,Electronic Arts,0.0,0.27,0.0,0.02,0.28,82.0,9.0,4.2,387.0,E,0.16071428571428573
Dragon Ball Z: Budokai Tenkaichi 2,Wii,2006.0,Fighting,Atari,0.24,0.03,0.0,0.02,0.28,72.0,37.0,8.5,40.0,T,0.16071428571428573
The Warriors,X,2005.0,Action,Take-Two Interactive,0.21,0.06,0.0,0.01,0.28,85.0,55.0,8.2,21.0,M,0.16071428571428573
Shadow Hearts,PS2,2001.0,Role-Playing,Midway Games,0.09,0.07,0.1,0.02,0.28,73.0,24.0,8.8,57.0,M,0.16071428571428573
Haven: Call of the King,PS2,2002.0,Platform,Midway Games,0.14,0.11,0.0,0.04,0.28,69.0,26.0,6.9,15.0,T,0.16071428571428573
Street Hoops,X,2002.0,Sports,Activision,0.21,0.06,0.0,0.01,0.28,58.0,22.0,8.0,4.0,T,0.16071428571428573
R: Racing Evolution,PS2,2003.0,Racing,Namco Bandai Games,0.14,0.11,0.0,0.04,0.28,66.0,35.0,6.2,5.0,T,0.16071428571428573
Kenka Bancho: Badass Rumble,PSP,2008.0,Action,Spike,0.07,0.0,0.2,0.01,0.28,70.0,21.0,7.5,6.0,T,0.16071428571428573
The Golden Compass,PS3,2007.0,Action,Sega,0.14,0.1,0.0,0.05,0.28,40.0,17.0,4.8,16.0,E10+,0.16071428571428573
World of Final Fantasy,PSV,2016.0,Role-Playing,Square Enix,0.06,0.1,0.08,0.05,0.28,77.0,5.0,8.5,51.0,E10+,0.16071428571428573
ATV Quad Power Racing 2,GC,2003.0,Racing,Acclaim Entertainment,0.22,0.06,0.0,0.01,0.28,70.0,18.0,9.0,4.0,E,0.16071428571428573
LEGO The Lord of the Rings,PSV,2012.0,Action,Warner Bros. Interactive Entertainment,0.09,0.13,0.0,0.06,0.28,54.0,8.0,5.6,35.0,E10+,0.16071428571428573
Hatsune Miku: Project Diva f,PS3,2013.0,Misc,Sega,0.08,0.0,0.19,0.02,0.28,73.0,10.0,8.4,108.0,T,0.16071428571428573
Marvel Nemesis: Rise of the Imperfects,X,2005.0,Fighting,Electronic Arts,0.21,0.06,0.0,0.01,0.28,58.0,34.0,7.5,20.0,T,0.16071428571428573
Final Fantasy VI Advance,GBA,2006.0,Role-Playing,Nintendo,0.0,0.0,0.28,0.01,0.28,92.0,25.0,8.4,193.0,E10+,0.16071428571428573
Viewtiful Joe,PS2,2004.0,Action,Capcom,0.14,0.11,0.0,0.04,0.28,90.0,34.0,8.5,35.0,T,0.16071428571428573
DeathSmiles,X360,2009.0,Shooter,Rising Star Games,0.15,0.06,0.05,0.02,0.28,76.0,29.0,8.4,47.0,T,0.16071428571428573
Bladestorm: The Hundred Years War,PS3,2007.0,Action,Tecmo Koei,0.1,0.03,0.14,0.02,0.28,58.0,23.0,7.9,28.0,T,0.16071428571428573
SAW,X360,2009.0,Action,Konami Digital Entertainment,0.13,0.12,0.0,0.03,0.28,59.0,39.0,7.4,51.0,M,0.16071428571428573
Chromehounds,X360,2006.0,Simulation,Sega,0.24,0.0,0.01,0.02,0.28,71.0,60.0,7.0,72.0,T,0.16071428571428573
Harry Potter and the Sorcerers Stone,PS2,2003.0,Action,Electronic Arts,0.14,0.11,0.0,0.04,0.28,56.0,14.0,7.6,21.0,E,0.16071428571428573
Unreal Championship 2: The Liandri Conflict,X,2005.0,Shooter,Midway Games,0.22,0.05,0.0,0.01,0.28,85.0,54.0,8.2,21.0,M,0.16071428571428573
Kung Fu Chaos,X,2003.0,Fighting,Microsoft Game Studios,0.21,0.06,0.0,0.01,0.28,68.0,41.0,8.5,27.0,T,0.16071428571428573
Assassins Creed II: Discovery,DS,2009.0,Action,Ubisoft,0.15,0.11,0.0,0.03,0.28,69.0,20.0,7.2,23.0,T,0.16071428571428573
Shrek the Third,Wii,2007.0,Action,Activision,0.25,0.01,0.0,0.02,0.28,57.0,28.0,6.7,7.0,E10+,0.16071428571428573
Jackass the Game,PS2,2007.0,Action,Empire Interactive,0.14,0.11,0.0,0.04,0.28,58.0,24.0,6.6,14.0,M,0.16071428571428573
Pirates of the Caribbean: Dead Mans Chest,PSP,2006.0,Adventure,Disney Interactive Studios,0.25,0.0,0.0,0.02,0.28,52.0,34.0,8.0,17.0,T,0.16071428571428573
Operation Flashpoint: Red River,X360,2011.0,Shooter,Codemasters,0.1,0.14,0.01,0.03,0.28,69.0,64.0,6.1,29.0,M,0.16071428571428573
Transformers: Dark of the Moon,X360,2011.0,Action,Activision,0.13,0.12,0.0,0.03,0.28,59.0,53.0,6.7,30.0,T,0.16071428571428573
Surfs Up,DS,2007.0,Sports,Ubisoft,0.26,0.0,0.0,0.02,0.28,56.0,5.0,7.0,4.0,E,0.16071428571428573
Syphon Filter: Dark Mirror,PS2,2007.0,Shooter,Sony Computer Entertainment,0.14,0.11,0.0,0.04,0.28,70.0,24.0,7.8,12.0,T,0.16071428571428573
Mission: Impossible - Operation Surma,PS2,2003.0,Platform,Atari,0.14,0.11,0.0,0.04,0.28,64.0,30.0,7.8,10.0,T,0.16071428571428573
MLB 07: The Show,PSP,2007.0,Sports,Sony Computer Entertainment,0.26,0.0,0.0,0.02,0.28,82.0,12.0,7.2,10.0,E,0.16071428571428573
Driver: Parallel Lines,PS2,2006.0,Racing,Atari,0.12,0.1,0.03,0.03,0.28,69.0,41.0,6.9,74.0,M,0.16071428571428573
Mega Man ZX,DS,2006.0,Platform,Capcom,0.16,0.0,0.1,0.02,0.28,76.0,37.0,8.3,32.0,E,0.16071428571428573
Backyard Wrestling 2: There Goes the Neighborhood,PS2,2004.0,Fighting,Eidos Interactive,0.14,0.11,0.0,0.04,0.28,46.0,23.0,4.7,10.0,M,0.16071428571428573
Guitar Hero: Van Halen,Wii,2009.0,Misc,Activision,0.13,0.12,0.0,0.03,0.28,50.0,12.0,5.2,6.0,T,0.16071428571428573
Dead or Alive,PS,1998.0,Fighting,Sony Computer Entertainment,0.09,0.06,0.1,0.02,0.28,84.0,10.0,8.6,18.0,T,0.16071428571428573
Dead to Rights: Retribution,PS3,2010.0,Shooter,Namco Bandai Games,0.1,0.12,0.02,0.05,0.28,60.0,44.0,5.9,27.0,M,0.16071428571428573
Wild ARMs 5,PS2,2006.0,Role-Playing,505 Games,0.14,0.11,0.0,0.04,0.28,71.0,26.0,7.6,23.0,T,0.16071428571428573
NFL Blitz 20-02,PS2,2002.0,Sports,Midway Games,0.14,0.11,0.0,0.04,0.28,76.0,22.0,8.9,15.0,E,0.16071428571428573
El Shaddai: Ascension of the Metatron,PS3,2011.0,Action,Ignition Entertainment,0.11,0.06,0.08,0.03,0.28,78.0,46.0,7.5,40.0,T,0.16071428571428573
Tony Hawk: Shred,PS3,2010.0,Sports,Activision,0.18,0.06,0.0,0.04,0.28,56.0,5.0,6.7,6.0,E,0.16071428571428573
NCAA March Madness 2005,X,2004.0,Sports,Electronic Arts,0.21,0.06,0.0,0.01,0.28,80.0,18.0,7.8,4.0,E,0.16071428571428573
Silent Hill 2: Restless Dreams,X,2001.0,Action,Konami Digital Entertainment,0.21,0.06,0.0,0.01,0.28,84.0,23.0,8.3,39.0,M,0.16071428571428573
Bass Strike,PS2,2001.0,Sports,THQ,0.14,0.11,0.0,0.04,0.28,57.0,11.0,5.8,4.0,E,0.16071428571428573
NHL Hitz 20-03,PS2,2002.0,Sports,Midway Games,0.14,0.11,0.0,0.04,0.28,82.0,19.0,8.4,11.0,E,0.16071428571428573
The Evil Within,PC,2014.0,Action,Bethesda Softworks,0.1,0.16,0.0,0.02,0.28,68.0,18.0,5.9,726.0,M,0.16071428571428573
Bionic Commando,X360,2009.0,Platform,Capcom,0.12,0.12,0.01,0.03,0.28,70.0,65.0,7.3,88.0,M,0.16071428571428573
Monopoly Streets,X360,2010.0,Misc,Electronic Arts,0.16,0.09,0.0,0.02,0.28,66.0,18.0,6.6,16.0,E,0.16071428571428573
Medieval Moves: Deadmunds Quest,PS3,2011.0,Action,Sony Computer Entertainment,0.13,0.11,0.0,0.04,0.28,61.0,41.0,6.5,17.0,E10+,0.16071428571428573
Pac-Man Fever,GC,2001.0,Misc,Sony Computer Entertainment,0.21,0.06,0.0,0.01,0.28,54.0,10.0,6.3,6.0,E,0.16071428571428573
Trivial Pursuit,PS3,2009.0,Misc,Electronic Arts,0.12,0.11,0.0,0.05,0.28,66.0,13.0,7.1,7.0,E,0.16071428571428573
Mister Mosquito,PS2,2001.0,Shooter,Eidos Interactive,0.05,0.04,0.17,0.01,0.28,65.0,23.0,4.9,11.0,T,0.16071428571428573
Rugby World Cup 2011,X360,2011.0,Sports,505 Games,0.03,0.21,0.0,0.04,0.28,55.0,14.0,3.9,13.0,E,0.16071428571428573
Skylanders: SuperChargers,XOne,2015.0,Action,Activision,0.2,0.05,0.0,0.03,0.28,76.0,15.0,5.5,17.0,E10+,0.16071428571428573
Angry Birds Star Wars,X360,2013.0,Strategy,Activision,0.16,0.1,0.0,0.02,0.28,59.0,3.0,5.6,25.0,E,0.16071428571428573
Virtua Fighter 5 Online,X360,2007.0,Fighting,Sega,0.2,0.02,0.03,0.02,0.28,89.0,36.0,7.6,62.0,T,0.16071428571428573
Indiana Jones and the Staff of Kings,PS2,2009.0,Action,Activision,0.11,0.01,0.0,0.16,0.28,55.0,4.0,7.5,13.0,T,0.16071428571428573
LEGO Harry Potter Collection,PS4,2016.0,Action,Warner Bros. Interactive Entertainment,0.04,0.2,0.0,0.04,0.28,73.0,17.0,8.1,7.0,E10+,0.16071428571428573
Rock Revolution,X360,2008.0,Misc,Konami Digital Entertainment,0.26,0.0,0.0,0.02,0.28,38.0,28.0,5.1,17.0,T,0.16071428571428573
One Piece: Unlimited World Red,PS3,2014.0,Action,Namco Bandai Games,0.09,0.1,0.06,0.04,0.28,71.0,28.0,7.3,46.0,T,0.16071428571428573
WWII Aces,Wii,2008.0,Simulation,Destineer,0.26,0.0,0.0,0.02,0.28,41.0,7.0,5.4,18.0,T,0.16071428571428573
Dave Mirra Freestyle BMX 2,GC,2001.0,Sports,Acclaim Entertainment,0.21,0.06,0.0,0.01,0.28,78.0,15.0,7.7,10.0,T,0.16071428571428573
Sing Party,WiiU,2012.0,Misc,Nintendo,0.13,0.12,0.0,0.02,0.28,60.0,21.0,5.4,18.0,E10+,0.16071428571428573
True Crime: New York City,X,2005.0,Action,Activision,0.21,0.06,0.0,0.01,0.28,60.0,43.0,7.8,17.0,M,0.16071428571428573
Summer Heat Beach Volleyball,PS2,2003.0,Sports,Acclaim Entertainment,0.14,0.11,0.0,0.04,0.28,65.0,21.0,7.7,19.0,T,0.16071428571428573
Avatar: The Last Airbender,Wii,2006.0,Adventure,THQ,0.23,0.02,0.0,0.02,0.28,56.0,15.0,5.8,8.0,E10+,0.16071428571428573
Myst III: Exile,PS2,2002.0,Adventure,Ubisoft,0.14,0.11,0.0,0.04,0.28,57.0,9.0,7.0,4.0,E,0.16071428571428573
Castlevania: Aria of Sorrow,GBA,2003.0,Platform,Konami Digital Entertainment,0.2,0.07,0.0,0.0,0.28,91.0,29.0,9.1,127.0,T,0.16071428571428573
Shin Megami Tensei: Strange Journey,DS,2009.0,Role-Playing,Atlus,0.13,0.0,0.14,0.01,0.28,80.0,26.0,8.8,70.0,M,0.16071428571428573
Army of Two: The Devils Cartel,PS3,2013.0,Shooter,Electronic Arts,0.11,0.11,0.01,0.05,0.28,58.0,27.0,6.7,100.0,M,0.16071428571428573
Patapon 3,PSP,2011.0,Misc,Sony Computer Entertainment,0.05,0.03,0.17,0.02,0.28,74.0,41.0,7.2,35.0,E,0.16071428571428573
Ice Age: Dawn of the Dinosaurs,Wii,2009.0,Action,Activision,0.11,0.14,0.0,0.03,0.28,75.0,12.0,8.3,6.0,E10+,0.16071428571428573
Rory McIlroy PGA Tour,XOne,2015.0,Action,Electronic Arts,0.16,0.09,0.0,0.02,0.27,60.0,26.0,4.3,78.0,E,0.15476190476190477
Guitar Hero: Van Halen,PS3,2009.0,Misc,Activision,0.14,0.09,0.0,0.04,0.27,59.0,33.0,4.7,9.0,T,0.15476190476190477
Tao Feng: Fist of the Lotus,X,2003.0,Fighting,Microsoft Game Studios,0.21,0.06,0.0,0.01,0.27,65.0,32.0,6.5,8.0,M,0.15476190476190477
Over the Hedge,DS,2006.0,Platform,Activision,0.24,0.01,0.0,0.02,0.27,71.0,17.0,6.4,9.0,E,0.15476190476190477
Dragon Ball Z: Budokai 2,GC,2004.0,Fighting,Atari,0.21,0.06,0.0,0.01,0.27,66.0,9.0,5.8,12.0,T,0.15476190476190477
Siren: Blood Curse,PS3,2008.0,Action,Sony Computer Entertainment,0.0,0.17,0.09,0.01,0.27,78.0,42.0,8.1,87.0,M,0.15476190476190477
NHL Hitz 20-02,X,2001.0,Sports,Midway Games,0.2,0.06,0.0,0.01,0.27,79.0,20.0,8.7,11.0,E,0.15476190476190477
Need for Speed: The Run,Wii,2011.0,Action,Electronic Arts,0.11,0.12,0.01,0.03,0.27,64.0,6.0,3.8,22.0,E10+,0.15476190476190477
GRID 2,X360,2013.0,Racing,Codemasters,0.08,0.16,0.0,0.03,0.27,78.0,51.0,5.8,156.0,E,0.15476190476190477
Ultimate NES Remix,3DS,2014.0,Action,Unknown,0.16,0.09,0.0,0.02,0.27,69.0,16.0,7.6,32.0,E,0.15476190476190477
Evil Dead: Hail to the King,PS,2000.0,Adventure,THQ,0.15,0.1,0.0,0.02,0.27,51.0,8.0,6.0,7.0,M,0.15476190476190477
Dave Mirra Freestyle BMX: Maximum Remix,PS,2001.0,Sports,Acclaim Entertainment,0.15,0.1,0.0,0.02,0.27,67.0,11.0,8.1,7.0,E,0.15476190476190477
Dead Rising 2: Off the Record,X360,2011.0,Action,Capcom,0.17,0.08,0.0,0.02,0.27,72.0,48.0,7.3,61.0,M,0.15476190476190477
Athens 2004,PS2,2004.0,Sports,Sony Computer Entertainment,0.13,0.1,0.0,0.03,0.27,61.0,57.0,7.2,13.0,E,0.15476190476190477
Pro Race Driver,PS2,2002.0,Racing,Codemasters,0.13,0.1,0.0,0.03,0.27,81.0,22.0,8.5,21.0,T,0.15476190476190477
Baten Kaitos: Eternal Wings and the Lost Ocean,GC,2003.0,Role-Playing,Nintendo,0.21,0.05,0.0,0.01,0.27,80.0,48.0,9.0,60.0,T,0.15476190476190477
The Warriors,PSP,2007.0,Action,Take-Two Interactive,0.23,0.01,0.0,0.02,0.27,81.0,36.0,7.8,21.0,M,0.15476190476190477
Disgaea 3: Absence of Detention,PSV,2008.0,Role-Playing,Nippon Ichi Software,0.11,0.05,0.07,0.03,0.27,78.0,28.0,7.6,116.0,T,0.15476190476190477
Iron Man 2,X360,2010.0,Action,Sega,0.15,0.09,0.0,0.03,0.27,41.0,35.0,5.9,54.0,T,0.15476190476190477
Rocky: Legends,PS2,2004.0,Action,Ubisoft,0.13,0.1,0.0,0.03,0.27,65.0,24.0,8.6,12.0,T,0.15476190476190477
Pac-Pix,DS,2005.0,Puzzle,Namco Bandai Games,0.16,0.0,0.1,0.01,0.27,71.0,41.0,7.1,7.0,E,0.15476190476190477
RalliSport Challenge 2,X,2004.0,Racing,Microsoft Game Studios,0.18,0.08,0.0,0.01,0.27,87.0,69.0,9.1,33.0,E,0.15476190476190477
F1 Race Stars,X360,2012.0,Racing,Codemasters,0.07,0.17,0.0,0.02,0.27,64.0,33.0,5.7,22.0,E,0.15476190476190477
Wave Rally,PS2,2001.0,Racing,Eidos Interactive,0.13,0.1,0.0,0.03,0.27,62.0,17.0,4.5,4.0,E,0.15476190476190477
RollerCoaster Tycoon 3,PC,2004.0,Strategy,Atari,0.01,0.22,0.0,0.04,0.27,81.0,39.0,5.1,348.0,E,0.15476190476190477
NHL 07,X360,2006.0,Sports,Electronic Arts,0.25,0.0,0.0,0.02,0.27,79.0,49.0,5.3,167.0,E10+,0.15476190476190477
Ty the Tasmanian Tiger,GC,2002.0,Platform,Electronic Arts,0.21,0.05,0.0,0.01,0.27,69.0,12.0,8.5,16.0,E,0.15476190476190477
WWE Road to WrestleMania X8,GBA,2002.0,Fighting,THQ,0.19,0.07,0.0,0.0,0.27,73.0,10.0,7.5,6.0,E,0.15476190476190477
Fullmetal Alchemist 2: Curse of the Crimson Elixir,PS2,2004.0,Role-Playing,Square Enix,0.13,0.1,0.0,0.03,0.27,67.0,21.0,8.4,20.0,T,0.15476190476190477
NASCAR 06: Total Team Control,X,2005.0,Racing,Electronic Arts,0.2,0.06,0.0,0.01,0.27,79.0,25.0,5.9,7.0,E,0.15476190476190477
BloodRayne 2,PS2,2004.0,Shooter,THQ,0.13,0.1,0.0,0.03,0.27,70.0,26.0,8.5,21.0,M,0.15476190476190477
The Clu,X360,2008.0,Shooter,Sega,0.15,0.1,0.0,0.02,0.27,76.0,63.0,6.8,43.0,M,0.15476190476190477
LEGO The Hobbit,XOne,2014.0,Action,Warner Bros. Interactive Entertainment,0.13,0.12,0.0,0.02,0.27,69.0,20.0,6.8,36.0,E10+,0.15476190476190477
Lightning Returns: Final Fantasy XIII,X360,2013.0,Role-Playing,Square Enix,0.15,0.08,0.01,0.02,0.27,69.0,21.0,6.6,225.0,T,0.15476190476190477
NHL 2002,X,2001.0,Sports,Electronic Arts,0.2,0.06,0.0,0.01,0.27,89.0,17.0,8.8,5.0,E,0.15476190476190477
Shadow of Rome,PS2,2005.0,Action,Capcom,0.13,0.1,0.0,0.03,0.27,75.0,52.0,8.3,62.0,M,0.15476190476190477
NASCAR 2011: The Game,PS3,2011.0,Racing,Activision,0.25,0.0,0.0,0.02,0.27,62.0,16.0,3.7,15.0,E,0.15476190476190477
Transformers: Cybertron Adventures,Wii,2010.0,Action,Activision,0.14,0.1,0.0,0.02,0.27,41.0,15.0,6.5,8.0,T,0.15476190476190477
Harry Potter and the Order of the Phoenix,PS2,2007.0,Action,Electronic Arts,0.13,0.1,0.0,0.03,0.27,61.0,17.0,8.0,28.0,E10+,0.15476190476190477
Tearaway Unfolded,PS4,2015.0,Platform,Sony Computer Entertainment,0.1,0.13,0.0,0.04,0.27,81.0,70.0,8.2,193.0,E,0.15476190476190477
Gun,X360,2005.0,Shooter,Activision,0.24,0.01,0.0,0.02,0.27,75.0,53.0,7.5,57.0,M,0.15476190476190477
Stuntman: Ignition,PS2,2007.0,Racing,THQ,0.13,0.1,0.0,0.03,0.27,71.0,8.0,6.4,8.0,T,0.15476190476190477
NHL 2K11,Wii,2010.0,Sports,Take-Two Interactive,0.23,0.02,0.0,0.02,0.27,62.0,12.0,5.8,4.0,E10+,0.15476190476190477
Fantastic 4,X,2005.0,Action,Activision,0.2,0.06,0.0,0.01,0.27,62.0,46.0,6.6,8.0,T,0.15476190476190477
Batman: Arkham Origins Blackgate,3DS,2013.0,Action,Warner Bros. Interactive Entertainment,0.16,0.09,0.0,0.02,0.27,68.0,7.0,6.8,38.0,T,0.15476190476190477
Shadows of the Damned,PS3,2011.0,Action,Electronic Arts,0.11,0.09,0.04,0.03,0.27,77.0,56.0,8.1,126.0,M,0.15476190476190477
MotoGP,PS2,2000.0,Racing,Namco Bandai Games,0.06,0.05,0.14,0.02,0.27,77.0,16.0,6.0,5.0,E,0.15476190476190477
R.U.S.E.,PC,2010.0,Strategy,Ubisoft,0.04,0.19,0.0,0.04,0.27,76.0,33.0,8.1,177.0,T,0.15476190476190477
Rock Revolution,PS3,2008.0,Misc,Konami Digital Entertainment,0.25,0.0,0.0,0.02,0.27,42.0,20.0,6.6,12.0,T,0.15476190476190477
NBA Live 2004,GC,2003.0,Sports,Electronic Arts,0.21,0.05,0.0,0.01,0.27,84.0,17.0,9.0,4.0,E,0.15476190476190477
XGIII: Extreme G Racing,PS2,2001.0,Racing,Acclaim Entertainment,0.13,0.1,0.0,0.03,0.27,81.0,21.0,8.2,9.0,E,0.15476190476190477
Reign of Fire,PS2,2002.0,Shooter,BAM! Entertainment,0.13,0.1,0.0,0.03,0.27,56.0,16.0,7.0,4.0,M,0.15476190476190477
Tropico 4,PC,2011.0,Strategy,Kalypso Media,0.1,0.13,0.0,0.04,0.27,78.0,46.0,7.7,359.0,T,0.15476190476190477
The Sims 2: Pets,GC,2006.0,Simulation,Electronic Arts,0.21,0.05,0.0,0.01,0.27,66.0,15.0,7.3,8.0,T,0.15476190476190477
The BIGS,X360,2007.0,Sports,Take-Two Interactive,0.18,0.08,0.0,0.0,0.27,79.0,23.0,8.4,21.0,E,0.15476190476190477
Jurassic Park: Operation Genesis,PS2,2003.0,Simulation,Konami Digital Entertainment,0.13,0.1,0.0,0.03,0.27,75.0,13.0,8.9,21.0,T,0.15476190476190477
Knockout Kings 2002,X,2002.0,Sports,Electronic Arts,0.2,0.06,0.0,0.01,0.27,78.0,20.0,7.9,7.0,T,0.15476190476190477
InuYasha: Feudal Combat,PS2,2005.0,Fighting,Namco Bandai Games,0.13,0.1,0.0,0.03,0.27,52.0,14.0,8.3,21.0,T,0.15476190476190477
R.U.S.E.,X360,2010.0,Strategy,Ubisoft,0.12,0.11,0.0,0.02,0.27,78.0,45.0,7.0,38.0,T,0.15476190476190477
Duel Masters,PS2,2004.0,Strategy,Atari,0.13,0.1,0.0,0.03,0.27,66.0,20.0,8.3,6.0,E,0.15476190476190477
MotionSports: Adrenaline,X360,2011.0,Sports,Ubisoft,0.14,0.1,0.0,0.03,0.27,41.0,8.0,6.5,8.0,E,0.15476190476190477
NBA 07,PS3,2006.0,Sports,Sony Computer Entertainment,0.24,0.0,0.01,0.02,0.27,63.0,24.0,6.3,10.0,E,0.15476190476190477
Call of Juarez: The Cartel,X360,2011.0,Shooter,Ubisoft,0.14,0.1,0.0,0.03,0.27,47.0,62.0,5.7,109.0,M,0.15476190476190477
Suikoden Tierkreis,DS,2008.0,Role-Playing,Konami Digital Entertainment,0.09,0.02,0.15,0.01,0.27,76.0,24.0,7.4,37.0,E10+,0.15476190476190477
My Japanese Coach,DS,2008.0,Misc,Ubisoft,0.24,0.0,0.0,0.02,0.27,59.0,4.0,6.7,6.0,E,0.15476190476190477
Need for Speed: Most Wanted,DS,2005.0,Racing,Electronic Arts,0.24,0.01,0.0,0.02,0.27,45.0,4.0,6.1,22.0,E,0.15476190476190477
Section 8,X360,2009.0,Shooter,SouthPeak Games,0.15,0.09,0.0,0.02,0.27,69.0,49.0,7.3,59.0,T,0.15476190476190477
The Legend of Legacy,3DS,2015.0,Role-Playing,FuRyu,0.13,0.01,0.11,0.02,0.27,67.0,31.0,7.1,55.0,E10+,0.15476190476190477
ESPN NBA Basketball,X,2003.0,Sports,Sega,0.2,0.06,0.0,0.01,0.27,87.0,18.0,8.2,25.0,E,0.15476190476190477
Family Guy: Back to the Multiverse,PS3,2012.0,Action,Activision,0.12,0.1,0.0,0.04,0.26,40.0,9.0,6.4,31.0,M,0.1488095238095238
Lowrider,PS2,2002.0,Misc,Pacific Century Cyber Works,0.11,0.09,0.03,0.03,0.26,46.0,14.0,8.4,11.0,T,0.1488095238095238
All-Pro Football 2K8,X360,2007.0,Sports,Take-Two Interactive,0.24,0.0,0.0,0.02,0.26,75.0,22.0,6.8,52.0,E10+,0.1488095238095238
Fish Tycoon,DS,2007.0,Simulation,Majesco Entertainment,0.24,0.0,0.0,0.02,0.26,46.0,9.0,7.0,6.0,E,0.1488095238095238
Plants vs. Zombies,X360,2010.0,Strategy,PopCap Games,0.24,0.0,0.0,0.02,0.26,89.0,27.0,8.2,161.0,E10+,0.1488095238095238
Rune: Viking Warlord,PS2,2001.0,Action,Take-Two Interactive,0.13,0.1,0.0,0.03,0.26,53.0,16.0,7.3,11.0,M,0.1488095238095238
MLB 09: The Show,PSP,2009.0,Sports,Sony Computer Entertainment,0.24,0.0,0.0,0.02,0.26,78.0,12.0,6.9,7.0,E,0.1488095238095238
The Incredible Hulk,X360,2008.0,Action,Sega,0.22,0.02,0.0,0.02,0.26,55.0,42.0,6.4,24.0,T,0.1488095238095238
Panzer Dragoon Orta,X,2002.0,Shooter,Sega,0.16,0.05,0.04,0.01,0.26,90.0,41.0,8.6,65.0,T,0.1488095238095238
Americas Test Kitchen: Lets Get Cooking,DS,2010.0,Simulation,Nintendo,0.25,0.0,0.0,0.02,0.26,87.0,4.0,5.6,9.0,E,0.1488095238095238
ExciteBots: Trick Racing,Wii,2009.0,Racing,Nintendo,0.24,0.0,0.0,0.02,0.26,77.0,29.0,8.6,26.0,E,0.1488095238095238
Superman Returns,X360,2006.0,Action,Electronic Arts,0.23,0.01,0.0,0.02,0.26,51.0,48.0,6.2,49.0,T,0.1488095238095238
Sword Art Online: Lost Song,PS4,2015.0,Role-Playing,Namco Bandai Games,0.11,0.11,0.0,0.04,0.26,63.0,32.0,6.3,60.0,T,0.1488095238095238
Shin Megami Tensei: Devil Survivor,DS,2009.0,Role-Playing,Atlus,0.13,0.0,0.12,0.01,0.26,84.0,28.0,8.8,79.0,T,0.1488095238095238
MLB SlugFest 2006,PS2,2006.0,Sports,Midway Games,0.13,0.1,0.0,0.03,0.26,56.0,11.0,7.5,10.0,E10+,0.1488095238095238
Etrian Odyssey II: Heroes of Lagaard,DS,2008.0,Role-Playing,Atlus,0.09,0.0,0.16,0.01,0.26,82.0,17.0,8.9,24.0,E10+,0.1488095238095238
The Incredible Hulk,PS3,2008.0,Action,Sega,0.22,0.02,0.0,0.02,0.26,55.0,26.0,6.8,20.0,T,0.1488095238095238
Deadly Premonition,X360,2010.0,Action,Rising Star Games,0.18,0.06,0.0,0.02,0.26,68.0,39.0,8.2,332.0,M,0.1488095238095238
LEGO Marvels Avengers,WiiU,2016.0,Action,Warner Bros. Interactive Entertainment,0.13,0.1,0.01,0.02,0.26,69.0,4.0,6.8,15.0,E10+,0.1488095238095238
Mafia III,PC,2016.0,Action,Take-Two Interactive,0.11,0.13,0.0,0.02,0.26,63.0,29.0,3.2,927.0,M,0.1488095238095238
The Adventures of Tintin: The Game,PS3,2011.0,Action,Ubisoft,0.06,0.15,0.0,0.05,0.26,59.0,27.0,5.7,13.0,E10+,0.1488095238095238
Ford Racing 3,PS2,2004.0,Racing,Take-Two Interactive,0.13,0.1,0.0,0.03,0.26,50.0,7.0,6.6,8.0,E,0.1488095238095238
Dragon Ball Z: Tenkaichi Tag Team,PSP,2010.0,Fighting,Namco Bandai Games,0.11,0.03,0.09,0.03,0.26,63.0,22.0,8.6,20.0,T,0.1488095238095238
Etrian Odyssey Untold: The Millennium Girl,3DS,2013.0,Role-Playing,Atlus,0.1,0.01,0.14,0.01,0.26,80.0,41.0,8.2,89.0,T,0.1488095238095238
Dragon Ball: Xenoverse 2,XOne,2016.0,Action,Namco Bandai Games,0.15,0.09,0.0,0.02,0.26,73.0,8.0,7.4,30.0,T,0.1488095238095238
Final Fantasy V Advance,GBA,2006.0,Role-Playing,Nintendo,0.0,0.0,0.26,0.01,0.26,83.0,25.0,7.3,77.0,E,0.1488095238095238
Star Wars: Bounty Hunter,GC,2002.0,Shooter,LucasArts,0.2,0.05,0.0,0.01,0.26,67.0,20.0,7.6,16.0,T,0.1488095238095238
Dynasty Warriors 7: Xtreme Legends,PS3,2011.0,Action,Tecmo Koei,0.04,0.04,0.16,0.02,0.26,64.0,11.0,7.8,10.0,T,0.1488095238095238
Angry Birds Trilogy,X360,2012.0,Action,Activision,0.18,0.05,0.0,0.02,0.26,63.0,13.0,3.5,27.0,E,0.1488095238095238
Naruto: Ultimate Ninja Heroes,PSP,2006.0,Fighting,Namco Bandai Games,0.26,0.0,0.0,0.0,0.26,70.0,11.0,6.6,11.0,T,0.1488095238095238
Major League Baseball 2K9,Wii,2009.0,Sports,Take-Two Interactive,0.24,0.0,0.0,0.02,0.26,61.0,5.0,4.5,10.0,E,0.1488095238095238
Battlestations: Midway,X360,2007.0,Strategy,Eidos Interactive,0.21,0.02,0.0,0.02,0.26,73.0,55.0,7.1,40.0,T,0.1488095238095238
Riding Spirits,PS2,2002.0,Racing,BAM! Entertainment,0.13,0.1,0.0,0.03,0.26,59.0,14.0,9.0,17.0,E,0.1488095238095238
Bust A Groove 2,PS,1999.0,Misc,Enix Corporation,0.04,0.03,0.18,0.02,0.26,66.0,8.0,8.9,35.0,E,0.1488095238095238
Armored Core: Nexus,PS2,2004.0,Simulation,Indie Games,0.06,0.05,0.14,0.02,0.26,73.0,19.0,8.7,7.0,T,0.1488095238095238
Evolution Skateboarding,PS2,2002.0,Sports,Konami Digital Entertainment,0.13,0.1,0.0,0.03,0.26,44.0,14.0,6.7,9.0,T,0.1488095238095238
Outlaw Volleyball,X,2003.0,Sports,TDK Mediactive,0.19,0.06,0.0,0.01,0.26,77.0,33.0,8.4,7.0,M,0.1488095238095238
Batman: Vengeance,GC,2001.0,Adventure,Ubisoft,0.2,0.05,0.0,0.01,0.26,70.0,17.0,5.8,16.0,T,0.1488095238095238
XCOM 2,PC,2016.0,Strategy,Take-Two Interactive,0.1,0.14,0.0,0.02,0.26,88.0,104.0,7.1,1242.0,T,0.1488095238095238
Spider-Man: Web of Shadows,PS3,2008.0,Action,Activision,0.2,0.04,0.0,0.02,0.26,67.0,44.0,7.9,34.0,T,0.1488095238095238
Crash Nitro Kart,GC,2003.0,Racing,Vivendi Games,0.2,0.05,0.0,0.01,0.26,66.0,10.0,7.4,8.0,E,0.1488095238095238
Legaia 2: Duel Saga,PS2,2001.0,Role-Playing,Eidos Interactive,0.13,0.1,0.0,0.03,0.26,67.0,21.0,8.4,43.0,T,0.1488095238095238
Oddworld: Strangers Wrath,X,2005.0,Adventure,Electronic Arts,0.19,0.06,0.0,0.01,0.26,88.0,65.0,9.1,58.0,T,0.1488095238095238
King of Fighters: Maximum Impact,PS2,2004.0,Fighting,Ignition Entertainment,0.13,0.1,0.0,0.03,0.26,64.0,45.0,6.9,12.0,T,0.1488095238095238
Atelier Ayesha: The Alchemist of Dusk,PS3,2012.0,Role-Playing,Tecmo Koei,0.06,0.04,0.14,0.02,0.26,70.0,17.0,6.6,120.0,T,0.1488095238095238
Drakan: The Ancients Gates,PS2,2002.0,Adventure,Sony Computer Entertainment,0.13,0.1,0.0,0.03,0.26,78.0,31.0,9.0,39.0,M,0.1488095238095238
The Sims 4: Get Together,PC,2015.0,Simulation,Electronic Arts,0.05,0.19,0.0,0.02,0.26,72.0,16.0,7.4,119.0,T,0.1488095238095238
Resident Evil: Revelations,X360,2013.0,Action,Capcom,0.12,0.1,0.02,0.02,0.26,75.0,30.0,7.4,170.0,M,0.1488095238095238
Tony Hawk: Shred,X360,2010.0,Sports,Activision,0.17,0.06,0.0,0.02,0.26,53.0,10.0,6.6,10.0,E,0.1488095238095238
Tokyo Jungle,PS3,2012.0,Action,Sony Computer Entertainment,0.0,0.0,0.26,0.0,0.26,74.0,60.0,8.4,89.0,T,0.1488095238095238
Puppeteer,PS3,2013.0,Platform,Sony Computer Entertainment Europe,0.11,0.08,0.02,0.04,0.26,80.0,75.0,8.5,238.0,E10+,0.1488095238095238
Army of Two: The Devils Cartel,X360,2013.0,Shooter,Electronic Arts,0.16,0.07,0.0,0.02,0.26,54.0,55.0,6.2,196.0,M,0.1488095238095238
Anno 2205,PC,2015.0,Strategy,Ubisoft,0.02,0.22,0.0,0.02,0.26,72.0,45.0,5.9,281.0,E10+,0.1488095238095238
Resident Evil: Deadly Silence,DS,2006.0,Action,Capcom,0.11,0.02,0.11,0.01,0.26,71.0,41.0,8.4,36.0,M,0.1488095238095238
Tom Clancys Splinter Cell: Double Agent,PS3,2007.0,Action,Ubisoft,0.2,0.03,0.0,0.03,0.26,78.0,17.0,6.5,41.0,M,0.1488095238095238
Legendary,X360,2008.0,Shooter,Atari,0.08,0.15,0.0,0.03,0.26,47.0,39.0,7.1,87.0,M,0.1488095238095238
Rayman DS,DS,2005.0,Platform,Ubisoft,0.21,0.03,0.0,0.02,0.26,58.0,20.0,7.6,19.0,E,0.1488095238095238
Peter Jacksons King Kong: The Official Game of the Movie,X360,2005.0,Action,Ubisoft,0.2,0.03,0.0,0.02,0.26,80.0,57.0,7.5,79.0,T,0.1488095238095238
Metroid Prime Pinball,DS,2005.0,Misc,Nintendo,0.21,0.0,0.02,0.02,0.26,79.0,51.0,7.9,32.0,E,0.1488095238095238
All-Star Baseball 2003,X,2002.0,Sports,Acclaim Entertainment,0.19,0.06,0.0,0.01,0.26,79.0,15.0,8.1,7.0,E,0.1488095238095238
MTX Mototrax,PS2,2004.0,Racing,Activision,0.13,0.1,0.0,0.03,0.26,77.0,30.0,8.1,9.0,E,0.1488095238095238
NBA ShootOut 2004,PS2,2003.0,Sports,Sony Computer Entertainment,0.13,0.1,0.0,0.03,0.26,58.0,19.0,7.8,8.0,E,0.1488095238095238
Nancy Drew: The Mystery of the Clue Bender Society,DS,2008.0,Adventure,Codemasters,0.24,0.0,0.0,0.02,0.26,46.0,5.0,3.6,5.0,E10+,0.1488095238095238
Castlevania: Harmony of Dissonance,GBA,2002.0,Platform,Konami Digital Entertainment,0.16,0.06,0.04,0.0,0.26,87.0,27.0,8.2,39.0,T,0.1488095238095238
Hatsune Miku: Project Diva F 2nd,PS3,2014.0,Misc,Sega,0.1,0.03,0.1,0.03,0.26,78.0,15.0,8.6,49.0,T,0.1488095238095238
Formula One 2001,PS2,2001.0,Racing,Sony Computer Entertainment,0.13,0.1,0.0,0.03,0.26,73.0,18.0,6.0,5.0,E,0.1488095238095238
Pirates of the Caribbean: Dead Mans Chest,DS,2006.0,Adventure,Disney Interactive Studios,0.23,0.01,0.0,0.02,0.26,63.0,11.0,8.6,7.0,T,0.1488095238095238
Baldurs Gate: Dark Alliance II,X,2004.0,Role-Playing,Acclaim Entertainment,0.19,0.06,0.0,0.01,0.26,77.0,44.0,7.9,16.0,T,0.1488095238095238
Madden NFL 2005,DS,2004.0,Sports,Electronic Arts,0.24,0.0,0.0,0.02,0.26,68.0,25.0,7.7,7.0,E,0.1488095238095238
Polarium,DS,2004.0,Puzzle,Nintendo,0.13,0.01,0.11,0.01,0.26,73.0,34.0,8.4,17.0,E,0.1488095238095238
MVP Baseball 2004,GC,2004.0,Sports,Electronic Arts,0.2,0.05,0.0,0.01,0.26,89.0,25.0,8.5,11.0,E,0.1488095238095238
The Elder Scrolls IV: Oblivion,PC,2006.0,Role-Playing,Take-Two Interactive,0.01,0.2,0.0,0.04,0.26,94.0,54.0,8.1,2468.0,M,0.1488095238095238
Secret Weapons Over Normandy,X,2003.0,Simulation,LucasArts,0.19,0.05,0.0,0.01,0.25,77.0,31.0,8.8,4.0,T,0.14285714285714285
Super Street Fighter II: Turbo Revival,GBA,2001.0,Fighting,Ubisoft,0.18,0.07,0.0,0.0,0.25,84.0,17.0,7.4,10.0,T,0.14285714285714285
Teen Titans,PS2,2006.0,Action,THQ,0.12,0.1,0.0,0.03,0.25,56.0,12.0,8.2,20.0,E10+,0.14285714285714285
Bomberman Generation,GC,2002.0,Adventure,Vivendi Games,0.15,0.04,0.06,0.01,0.25,81.0,19.0,8.5,15.0,E,0.14285714285714285
Sega Rally Revo,PSP,2007.0,Racing,Sega,0.03,0.15,0.0,0.07,0.25,74.0,14.0,7.2,9.0,E,0.14285714285714285
Surfing H3O,PS2,2000.0,Sports,Take-Two Interactive,0.12,0.1,0.0,0.03,0.25,46.0,15.0,4.6,8.0,E,0.14285714285714285
NASCAR 09,X360,2008.0,Racing,Electronic Arts,0.23,0.0,0.0,0.02,0.25,69.0,32.0,7.8,15.0,E,0.14285714285714285
NASCAR 09,PS3,2008.0,Racing,Electronic Arts,0.22,0.01,0.0,0.02,0.25,65.0,22.0,7.5,10.0,E,0.14285714285714285
Game of Thrones,X360,2012.0,Role-Playing,Focus Home Interactive,0.15,0.08,0.0,0.02,0.25,52.0,35.0,5.2,126.0,M,0.14285714285714285
Silent Hunter 5: Battle of the Atlantic,PC,2010.0,Simulation,Ubisoft,0.0,0.21,0.0,0.05,0.25,62.0,26.0,3.5,104.0,T,0.14285714285714285
L.A. Noire: The Complete Edition,PC,2011.0,Adventure,Take-Two Interactive,0.09,0.13,0.0,0.03,0.25,83.0,28.0,7.9,912.0,M,0.14285714285714285
Amped 2,X,2003.0,Sports,Microsoft Game Studios,0.2,0.04,0.0,0.01,0.25,80.0,34.0,7.7,20.0,E,0.14285714285714285
Final Fantasy Crystal Chronicles: Echoes of Time,Wii,2009.0,Role-Playing,Square Enix,0.13,0.06,0.05,0.02,0.25,64.0,29.0,5.6,11.0,E10+,0.14285714285714285
College Hoops 2K6,PS2,2005.0,Sports,Take-Two Interactive,0.12,0.1,0.0,0.03,0.25,77.0,14.0,7.3,6.0,E,0.14285714285714285
NHL 08,PS3,2007.0,Action,Electronic Arts,0.16,0.06,0.0,0.03,0.25,86.0,23.0,6.9,23.0,E10+,0.14285714285714285
Juiced 2: Hot Import Nights,PS3,2007.0,Racing,THQ,0.18,0.04,0.01,0.03,0.25,71.0,10.0,6.4,5.0,T,0.14285714285714285
Stella Glow,3DS,2015.0,Role-Playing,Atlus,0.17,0.01,0.05,0.02,0.25,79.0,32.0,8.7,82.0,T,0.14285714285714285
LEGO Star Wars III: The Clone Wars,PC,2011.0,Action,LucasArts,0.1,0.13,0.0,0.03,0.25,76.0,14.0,7.5,44.0,E10+,0.14285714285714285
The Powerpuff Girls: Chemical X-Traction,PS,2001.0,Action,BAM! Entertainment,0.14,0.1,0.0,0.02,0.25,30.0,6.0,6.3,4.0,E,0.14285714285714285
Dead or Alive Xtreme 2,X360,2006.0,Sports,Tecmo Koei,0.15,0.02,0.06,0.02,0.25,53.0,46.0,6.7,42.0,M,0.14285714285714285
Hunted: The Demons Forge,PS3,2011.0,Action,Bethesda Softworks,0.12,0.08,0.02,0.03,0.25,57.0,34.0,6.2,70.0,M,0.14285714285714285
Men of Valor,X,2004.0,Shooter,Vivendi Games,0.19,0.05,0.0,0.01,0.25,73.0,47.0,8.0,8.0,M,0.14285714285714285
Prison Break: The Conspiracy,PS3,2010.0,Action,Deep Silver,0.05,0.15,0.0,0.05,0.25,42.0,33.0,3.8,20.0,T,0.14285714285714285
Medal of Honor European Assault,GC,2005.0,Shooter,Electronic Arts,0.19,0.05,0.0,0.01,0.25,71.0,22.0,7.9,14.0,T,0.14285714285714285
F1 2015,XOne,2015.0,Racing,Codemasters,0.09,0.15,0.0,0.02,0.25,64.0,13.0,5.3,22.0,E,0.14285714285714285
Skylanders SWAP Force,3DS,2013.0,Platform,Activision,0.11,0.12,0.0,0.02,0.25,68.0,12.0,6.4,13.0,E10+,0.14285714285714285
Billy Hatcher and the Giant Egg,GC,2003.0,Platform,Sega,0.19,0.05,0.0,0.01,0.25,71.0,37.0,8.7,32.0,E,0.14285714285714285
NHL 08,X360,2007.0,Action,Electronic Arts,0.22,0.01,0.0,0.02,0.25,85.0,44.0,8.2,44.0,E10+,0.14285714285714285
WipEout Fusion,PS2,2002.0,Racing,Sony Computer Entertainment,0.12,0.1,0.0,0.03,0.25,83.0,21.0,8.5,43.0,E,0.14285714285714285
Onechanbara Z2: Chaos,PS4,2014.0,Action,Nippon Ichi Software,0.14,0.03,0.04,0.04,0.25,57.0,40.0,6.5,72.0,M,0.14285714285714285
NHL 06,X,2005.0,Sports,Electronic Arts,0.19,0.05,0.0,0.01,0.25,79.0,35.0,8.4,18.0,E10+,0.14285714285714285
TV Superstars,PS3,2010.0,Misc,Sony Computer Entertainment,0.08,0.12,0.0,0.05,0.25,56.0,17.0,4.9,8.0,E,0.14285714285714285
Ultimate Fighting Championship,PS,2000.0,Fighting,Ubisoft,0.14,0.09,0.0,0.02,0.25,53.0,6.0,7.4,16.0,T,0.14285714285714285
XIII,X,2003.0,Shooter,Ubisoft,0.16,0.08,0.0,0.01,0.25,74.0,38.0,8.3,15.0,M,0.14285714285714285
Up,PS3,2009.0,Action,THQ,0.15,0.06,0.0,0.03,0.25,65.0,5.0,6.5,4.0,E10+,0.14285714285714285
Michael Jackson: The Experience,DS,2010.0,Misc,Ubisoft,0.21,0.02,0.0,0.02,0.25,64.0,5.0,6.6,5.0,E10+,0.14285714285714285
MotoGP 07,X360,2007.0,Racing,THQ,0.23,0.0,0.0,0.02,0.25,78.0,20.0,7.3,11.0,E,0.14285714285714285
Cars,X360,2006.0,Racing,THQ,0.22,0.01,0.0,0.02,0.25,65.0,16.0,6.1,8.0,E,0.14285714285714285
The Bureau: XCOM Declassified,PS3,2013.0,Shooter,Take-Two Interactive,0.08,0.13,0.0,0.04,0.25,69.0,22.0,6.7,79.0,M,0.14285714285714285
Need for Speed Rivals,PC,2013.0,Racing,Electronic Arts,0.04,0.19,0.0,0.02,0.25,76.0,16.0,3.3,547.0,E10+,0.14285714285714285
The Mummy: Tomb of the Dragon Emperor,PS2,2008.0,Action,Vivendi Games,0.12,0.1,0.0,0.03,0.25,38.0,7.0,6.8,6.0,T,0.14285714285714285
Def Jam Vendetta,GC,2003.0,Fighting,Electronic Arts,0.19,0.05,0.0,0.01,0.25,81.0,22.0,8.5,8.0,T,0.14285714285714285
Spider-Man: Web of Shadows,Wii,2008.0,Action,Activision,0.22,0.01,0.0,0.02,0.25,63.0,20.0,6.9,13.0,T,0.14285714285714285
The Sims 2,X,2005.0,Simulation,Electronic Arts,0.19,0.05,0.0,0.01,0.25,75.0,31.0,7.1,8.0,T,0.14285714285714285
Etrian Mystery Dungeon,3DS,2015.0,Role-Playing,Nippon Ichi Software,0.1,0.01,0.13,0.01,0.25,77.0,44.0,7.9,49.0,E10+,0.14285714285714285
World Series Baseball 2K3,PS2,2003.0,Sports,Sega,0.12,0.1,0.0,0.03,0.25,87.0,21.0,8.7,19.0,E,0.14285714285714285
Tony Hawks Proving Ground,Wii,2007.0,Sports,Activision,0.22,0.01,0.0,0.02,0.25,57.0,8.0,6.2,19.0,T,0.14285714285714285
Indiana Jones and the Staff of Kings,PSP,2009.0,Action,Activision,0.11,0.09,0.0,0.05,0.25,63.0,10.0,7.8,17.0,T,0.14285714285714285
The Outfit,X360,2006.0,Action,THQ,0.21,0.02,0.0,0.02,0.25,70.0,52.0,7.5,48.0,M,0.14285714285714285
Don King Presents: Prizefighter,X360,2008.0,Sports,Take-Two Interactive,0.14,0.08,0.0,0.02,0.25,56.0,45.0,6.4,29.0,T,0.14285714285714285
Devil Kings,PS2,2005.0,Action,Capcom,0.03,0.03,0.18,0.01,0.25,64.0,27.0,7.4,12.0,T,0.14285714285714285
Bolt,X360,2008.0,Adventure,Disney Interactive Studios,0.18,0.05,0.0,0.02,0.25,57.0,18.0,7.1,7.0,E10+,0.14285714285714285
Spider-Man: Edge of Time,X360,2011.0,Action,Activision,0.18,0.05,0.0,0.02,0.25,57.0,50.0,6.8,34.0,T,0.14285714285714285
Dynasty Warriors 6,PS2,2008.0,Action,Tecmo Koei,0.12,0.09,0.0,0.03,0.25,43.0,7.0,5.5,15.0,T,0.14285714285714285
Americas Army: Rise of a Soldier,X,2005.0,Shooter,Ubisoft,0.19,0.05,0.0,0.01,0.25,70.0,19.0,7.4,21.0,T,0.14285714285714285
Grandia,PS,1999.0,Role-Playing,Ubisoft,0.14,0.09,0.0,0.02,0.25,89.0,14.0,6.6,77.0,E,0.14285714285714285
Pirates of the Caribbean: The Legend of Jack Sparrow,PS2,2006.0,Adventure,Ubisoft,0.12,0.09,0.0,0.03,0.25,51.0,32.0,7.5,13.0,T,0.14285714285714285
"Ed, Edd n Eddy: The Mis-Edventures",GC,2005.0,Platform,Midway Games,0.19,0.05,0.0,0.01,0.25,55.0,4.0,7.9,10.0,E,0.14285714285714285
Armored Core 4,X360,2007.0,Simulation,505 Games,0.19,0.01,0.03,0.02,0.25,65.0,31.0,7.2,31.0,T,0.14285714285714285
Total War: Attila,PC,2015.0,Strategy,Sega,0.09,0.13,0.0,0.02,0.25,80.0,66.0,7.3,525.0,T,0.14285714285714285
Disgaea 2: Dark Hero Days,PSP,2009.0,Role-Playing,Nippon Ichi Software,0.1,0.01,0.12,0.02,0.25,83.0,33.0,7.1,47.0,T,0.14285714285714285
SBK Superbike World Championship,PS3,2008.0,Racing,Black Bean Games,0.12,0.11,0.0,0.02,0.25,59.0,7.0,6.1,8.0,E10+,0.14285714285714285
Indiana Jones and the Staff of Kings,DS,2009.0,Action,Activision,0.16,0.07,0.0,0.02,0.25,50.0,5.0,6.8,11.0,T,0.14285714285714285
X-Men Origins: Wolverine,Wii,2009.0,Action,Activision,0.19,0.04,0.0,0.02,0.25,53.0,8.0,6.1,10.0,T,0.14285714285714285
Major League Baseball 2K7,PS3,2007.0,Sports,Spike,0.23,0.0,0.0,0.02,0.25,74.0,19.0,4.7,7.0,E,0.14285714285714285
The Chronicles of Riddick: Assault on Dark Athena,PS3,2009.0,Shooter,Vivendi Games,0.12,0.09,0.0,0.04,0.25,80.0,45.0,7.7,40.0,M,0.14285714285714285
Final Fantasy XI: Chains of Promathia,PS2,2004.0,Role-Playing,Square Enix,0.12,0.09,0.0,0.03,0.25,77.0,13.0,8.0,10.0,T,0.14285714285714285
X-Men Legends II: Rise of Apocalypse,GC,2005.0,Role-Playing,Activision,0.19,0.05,0.0,0.01,0.25,82.0,34.0,6.2,26.0,T,0.14285714285714285
Family Guy: Back to the Multiverse,X360,2012.0,Action,Activision,0.14,0.09,0.0,0.02,0.25,39.0,28.0,5.0,51.0,M,0.14285714285714285
Ninja Gaiden 3,X360,2012.0,Action,Tecmo Koei,0.16,0.05,0.03,0.02,0.25,58.0,39.0,4.4,136.0,M,0.14285714285714285
NBA Courtside 2002,GC,2002.0,Sports,Nintendo,0.19,0.05,0.0,0.01,0.25,71.0,18.0,7.4,7.0,E,0.14285714285714285
Sly Cooper: Thieves in Time,PSV,2013.0,Platform,Sony Computer Entertainment Europe,0.13,0.06,0.0,0.06,0.25,75.0,15.0,8.2,148.0,E10+,0.14285714285714285
Asuras Wrath,X360,2012.0,Action,Capcom,0.15,0.06,0.01,0.02,0.25,71.0,54.0,6.6,131.0,T,0.14285714285714285
The Legend of Heroes: Trails of Cold Steel,PSV,2013.0,Role-Playing,Nippon Ichi Software,0.05,0.03,0.14,0.02,0.24,77.0,20.0,7.5,134.0,T,0.1369047619047619
Digimon World: Data Squad,PS2,2006.0,Role-Playing,Namco Bandai Games,0.12,0.09,0.0,0.03,0.24,43.0,12.0,8.0,20.0,E10+,0.1369047619047619
Hitman: Absolution,PC,2012.0,Action,Square Enix,0.03,0.17,0.0,0.04,0.24,79.0,26.0,7.0,1333.0,M,0.1369047619047619
Racquet Sports,Wii,2010.0,Sports,Ubisoft,0.13,0.09,0.0,0.02,0.24,51.0,8.0,8.6,15.0,E,0.1369047619047619
Ace Combat: Assault Horizon Legacy,3DS,2011.0,Simulation,Namco Bandai Games,0.1,0.06,0.08,0.01,0.24,71.0,37.0,7.8,26.0,T,0.1369047619047619
Trials Fusion,XOne,2014.0,Racing,Ubisoft,0.12,0.1,0.0,0.02,0.24,80.0,28.0,7.1,159.0,E10+,0.1369047619047619
Dragon Ball: Fusions,3DS,2016.0,Role-Playing,Namco Bandai Games,0.04,0.0,0.2,0.01,0.24,68.0,15.0,7.7,22.0,T,0.1369047619047619
Mega Man X Collection,PS2,2006.0,Misc,Capcom,0.12,0.09,0.0,0.03,0.24,73.0,23.0,8.8,14.0,E,0.1369047619047619
Tom Clancys Rainbow Six: Siege,PC,2015.0,Shooter,Ubisoft,0.14,0.08,0.0,0.02,0.24,79.0,37.0,7.0,763.0,M,0.1369047619047619
Far Cry Instincts Predator,X360,2006.0,Shooter,Ubisoft,0.2,0.03,0.0,0.02,0.24,78.0,46.0,6.2,80.0,M,0.1369047619047619
Samurai Warriors 4,PS4,2014.0,Action,Tecmo Koei,0.08,0.07,0.06,0.03,0.24,76.0,31.0,8.1,76.0,T,0.1369047619047619
ML,PSP,2005.0,Sports,Sony Computer Entertainment,0.23,0.0,0.0,0.02,0.24,80.0,26.0,7.9,18.0,E,0.1369047619047619
Army Men: Sarges Heroes 2,PS,2000.0,Shooter,3DO,0.14,0.09,0.0,0.02,0.24,48.0,8.0,7.3,7.0,T,0.1369047619047619
Ys: Memories of Celceta,PSV,2012.0,Action,Nihon Falcom Corporation,0.1,0.01,0.1,0.04,0.24,82.0,56.0,8.8,240.0,T,0.1369047619047619
Skylanders Imaginators,PS4,2016.0,Platform,Activision,0.09,0.11,0.0,0.04,0.24,79.0,49.0,5.2,18.0,E10+,0.1369047619047619
Britneys Dance Beat,PS2,2002.0,Misc,THQ,0.12,0.09,0.0,0.03,0.24,63.0,20.0,4.8,20.0,E,0.1369047619047619
Vexx,PS2,2003.0,Platform,Acclaim Entertainment,0.12,0.09,0.0,0.03,0.24,63.0,20.0,7.6,11.0,T,0.1369047619047619
Dynasty Warriors Next,PSV,2011.0,Action,Tecmo Koei,0.05,0.06,0.11,0.02,0.24,67.0,35.0,7.5,73.0,T,0.1369047619047619
TimeSplitters: Future Perfect,PS2,2005.0,Shooter,Electronic Arts,0.12,0.09,0.0,0.03,0.24,84.0,39.0,9.1,117.0,M,0.1369047619047619
Harvest Moon: Magical Melody,GC,2005.0,Simulation,Ubisoft,0.19,0.05,0.0,0.01,0.24,83.0,14.0,8.9,44.0,E,0.1369047619047619
Genma Onimusha,X,2002.0,Action,Capcom,0.14,0.04,0.05,0.01,0.24,83.0,27.0,8.6,10.0,M,0.1369047619047619
Turning Point: Fall of Liberty,PS3,2008.0,Shooter,Codemasters,0.21,0.01,0.0,0.02,0.24,42.0,28.0,5.5,33.0,T,0.1369047619047619
DK: King of Swing,GBA,2005.0,Platform,Nintendo,0.17,0.06,0.0,0.0,0.24,70.0,30.0,5.0,6.0,E,0.1369047619047619
Homefront,PC,2011.0,Shooter,THQ,0.11,0.1,0.0,0.03,0.24,70.0,36.0,5.5,531.0,M,0.1369047619047619
Corvette,X,2003.0,Racing,TDK Mediactive,0.18,0.05,0.0,0.01,0.24,53.0,4.0,8.6,12.0,E,0.1369047619047619
Percy Jackson and the Olympians: The Lightning Thief,DS,2010.0,Role-Playing,Activision,0.22,0.01,0.0,0.02,0.24,56.0,6.0,6.9,12.0,E10+,0.1369047619047619
Fuel,PS3,2009.0,Racing,Codemasters,0.08,0.11,0.0,0.04,0.24,67.0,44.0,7.4,36.0,E,0.1369047619047619
NBA Live 10,PSP,2009.0,Sports,Electronic Arts,0.21,0.0,0.01,0.02,0.24,64.0,4.0,4.2,10.0,E,0.1369047619047619
Burnout 2: Point of Impact,X,2003.0,Racing,Acclaim Entertainment,0.18,0.05,0.0,0.01,0.24,88.0,23.0,5.1,23.0,E,0.1369047619047619
Super Monkey Ball Deluxe,PS2,2005.0,Misc,Sega,0.12,0.09,0.0,0.03,0.24,78.0,25.0,7.7,13.0,E,0.1369047619047619
BioShock 2,PC,2010.0,Shooter,Take-Two Interactive,0.02,0.19,0.0,0.04,0.24,88.0,36.0,8.0,1258.0,M,0.1369047619047619
Kill.Switch,X,2003.0,Shooter,Namco Bandai Games,0.18,0.05,0.0,0.01,0.24,75.0,26.0,8.0,7.0,T,0.1369047619047619
Lunar: Silver Star Harmony,PSP,2009.0,Role-Playing,GungHo,0.19,0.0,0.03,0.02,0.24,80.0,26.0,7.7,47.0,T,0.1369047619047619
Deus Ex: Mankind Divided,XOne,2016.0,Role-Playing,Square Enix,0.15,0.07,0.0,0.02,0.24,83.0,18.0,7.2,180.0,M,0.1369047619047619
NBA Live 14,PS4,2013.0,Sports,Electronic Arts,0.15,0.05,0.0,0.04,0.24,43.0,25.0,2.7,175.0,E,0.1369047619047619
Peter Jacksons King Kong: The Official Game of the Movie,GC,2005.0,Action,Ubisoft,0.19,0.05,0.0,0.01,0.24,81.0,30.0,8.3,8.0,T,0.1369047619047619
Dancing With The Stars,Wii,2007.0,Misc,Activision,0.22,0.0,0.0,0.02,0.24,42.0,5.0,6.2,5.0,E10+,0.1369047619047619
The Simpsons: Road Rage,GC,2001.0,Racing,Electronic Arts,0.19,0.05,0.0,0.01,0.24,67.0,16.0,7.7,12.0,T,0.1369047619047619
Dynasty Warriors 7,X360,2011.0,Action,Tecmo Koei,0.16,0.06,0.0,0.02,0.24,58.0,22.0,8.0,46.0,T,0.1369047619047619
Crash Tag Team Racing,PSP,2005.0,Racing,Vivendi Games,0.16,0.05,0.0,0.03,0.24,68.0,9.0,7.1,25.0,E10+,0.1369047619047619
Azurik: Rise of Perathia,X,2001.0,Action,Microsoft Game Studios,0.18,0.05,0.0,0.01,0.24,52.0,26.0,8.5,14.0,T,0.1369047619047619
Dragon Ball Z: Sagas,X,2005.0,Fighting,Atari,0.18,0.05,0.0,0.01,0.24,51.0,11.0,6.1,8.0,T,0.1369047619047619
Pro Evolution Soccer 2014,X360,2013.0,Action,Konami Digital Entertainment,0.07,0.15,0.0,0.02,0.24,80.0,23.0,4.3,113.0,E,0.1369047619047619
AC/DC LIVE: Rock Band Track Pack,PS3,2008.0,Misc,MTV Games,0.21,0.01,0.0,0.02,0.24,60.0,12.0,5.3,14.0,T,0.1369047619047619
Harvest Moon: Another Wonderful Life,GC,2004.0,Role-Playing,Marvelous Interactive,0.19,0.05,0.0,0.01,0.24,70.0,12.0,9.2,60.0,E,0.1369047619047619
Final Fantasy Fables: Chocobo Tales,DS,2006.0,Adventure,Ubisoft,0.1,0.01,0.12,0.01,0.24,75.0,42.0,7.4,28.0,E,0.1369047619047619
NCAA College Basketball 2K3,PS2,2002.0,Sports,Sega,0.12,0.09,0.0,0.03,0.24,83.0,17.0,8.0,6.0,E,0.1369047619047619
Bakugan: Battle Brawlers,X360,2009.0,Action,Activision,0.2,0.02,0.0,0.02,0.24,60.0,16.0,5.2,9.0,E,0.1369047619047619
Fantastic 4,GC,2005.0,Action,Activision,0.19,0.05,0.0,0.01,0.24,61.0,32.0,4.0,6.0,T,0.1369047619047619
Tony Hawks American Sk8land,GBA,2005.0,Sports,Activision,0.17,0.06,0.0,0.0,0.24,64.0,7.0,5.4,5.0,E,0.1369047619047619
Metro 2033,PC,2010.0,Shooter,THQ,0.0,0.19,0.0,0.05,0.24,81.0,40.0,8.1,1478.0,M,0.1369047619047619
Singularity,PS3,2010.0,Shooter,Activision,0.17,0.04,0.01,0.03,0.24,77.0,48.0,7.7,100.0,M,0.1369047619047619
Valhalla Knights,PSP,2006.0,Role-Playing,Rising Star Games,0.15,0.0,0.07,0.01,0.24,53.0,29.0,6.3,15.0,E10+,0.1369047619047619
The Adventures of Tintin: The Game,X360,2011.0,Action,Ubisoft,0.07,0.14,0.0,0.03,0.24,63.0,35.0,6.1,12.0,E10+,0.1369047619047619
Zumba Fitness: World Party,XOne,2013.0,Misc,Majesco Entertainment,0.17,0.05,0.0,0.02,0.24,73.0,5.0,6.2,40.0,E,0.1369047619047619
Virtua Tennis 4,X360,2011.0,Sports,Sega,0.11,0.09,0.01,0.02,0.24,70.0,37.0,6.2,12.0,E,0.1369047619047619
Luminous Arc,DS,2007.0,Role-Playing,Rising Star Games,0.16,0.0,0.06,0.01,0.24,70.0,25.0,7.0,24.0,T,0.1369047619047619
4x4 EVO 2,X,2001.0,Racing,Gathering of Developers,0.18,0.05,0.0,0.01,0.24,59.0,15.0,6.2,5.0,E,0.1369047619047619
Dreamcast Collection,X360,2011.0,Misc,Sega,0.16,0.06,0.0,0.02,0.24,53.0,31.0,4.5,12.0,T,0.1369047619047619
Grand Theft Auto,GBA,2004.0,Action,Take-Two Interactive,0.17,0.06,0.0,0.0,0.24,68.0,33.0,7.1,23.0,M,0.1369047619047619
Avalon Code,DS,2008.0,Role-Playing,Rising Star Games,0.11,0.0,0.12,0.01,0.24,71.0,29.0,7.4,13.0,E10+,0.1369047619047619
Resident Evil Archives: Resident Evil Zero,Wii,2008.0,Action,Capcom,0.13,0.03,0.06,0.01,0.24,62.0,17.0,8.2,37.0,M,0.1369047619047619
Spider-Man: Shattered Dimensions,Wii,2010.0,Action,Activision,0.12,0.09,0.0,0.02,0.24,75.0,13.0,7.7,15.0,T,0.1369047619047619
My Street,PS2,2003.0,Misc,Sony Computer Entertainment,0.12,0.09,0.0,0.03,0.24,46.0,21.0,3.9,14.0,E,0.1369047619047619
Ghost Rider,PSP,2007.0,Action,Take-Two Interactive,0.22,0.0,0.0,0.02,0.24,49.0,17.0,5.7,13.0,T,0.1369047619047619
X-Men: Destiny,PS3,2011.0,Action,Activision,0.14,0.07,0.0,0.03,0.24,50.0,33.0,4.8,37.0,T,0.1369047619047619
Shadow Hearts: Covenant,PS2,2004.0,Role-Playing,Midway Games,0.12,0.09,0.0,0.03,0.24,85.0,49.0,9.1,56.0,T,0.1369047619047619
Driver 76,PSP,2007.0,Racing,Ubisoft,0.03,0.14,0.0,0.07,0.24,57.0,28.0,7.9,18.0,M,0.1369047619047619
Harry Potter and the Order of the Phoenix,PS3,2007.0,Action,Electronic Arts,0.18,0.04,0.0,0.03,0.24,67.0,35.0,6.6,25.0,E10+,0.1369047619047619
Midway Arcade Treasures: Extended Play,PSP,2005.0,Misc,Midway Games,0.21,0.0,0.0,0.02,0.24,63.0,24.0,7.8,8.0,M,0.1369047619047619
NBA Live 15,PS4,2014.0,Sports,Electronic Arts,0.16,0.04,0.0,0.04,0.24,59.0,24.0,5.6,86.0,E,0.1369047619047619
The Testament of Sherlock Holmes,PS3,2012.0,Adventure,Focus Home Interactive,0.05,0.14,0.0,0.04,0.24,65.0,16.0,7.4,34.0,M,0.1369047619047619
Dynasty Warriors 6 Empires,X360,2009.0,Action,Tecmo Koei,0.16,0.01,0.04,0.02,0.24,59.0,24.0,7.3,28.0,T,0.1369047619047619
FIFA World Cup Germany 2006,X,2006.0,Sports,Electronic Arts,0.18,0.05,0.0,0.01,0.24,77.0,22.0,8.4,9.0,E,0.1369047619047619
G.I. Joe: The Rise of Cobra,X360,2009.0,Action,Electronic Arts,0.17,0.05,0.0,0.02,0.24,42.0,59.0,4.7,22.0,T,0.1369047619047619
Game of Thrones,PS3,2012.0,Role-Playing,Focus Home Interactive,0.1,0.1,0.0,0.03,0.24,53.0,14.0,5.5,81.0,M,0.1369047619047619
PDC World Championship Darts 2008,Wii,2008.0,Sports,Oxygen Interactive,0.02,0.21,0.0,0.01,0.24,51.0,18.0,5.4,7.0,E10+,0.1369047619047619
X-Men: Destiny,X360,2011.0,Action,Activision,0.18,0.04,0.0,0.02,0.24,47.0,51.0,5.0,72.0,T,0.1369047619047619
Pure Futbol,PS3,2010.0,Sports,Ubisoft,0.06,0.13,0.0,0.04,0.24,46.0,12.0,7.5,30.0,E,0.1369047619047619
Afro Samurai,X360,2009.0,Action,Atari,0.16,0.05,0.0,0.02,0.24,65.0,70.0,6.2,57.0,M,0.1369047619047619
Ar tonelico Qoga: Knell of Ar Ciel,PS3,2010.0,Role-Playing,Tecmo Koei,0.08,0.01,0.13,0.01,0.24,61.0,27.0,5.4,101.0,M,0.1369047619047619
Birds of Steel,PS3,2012.0,Simulation,Konami Digital Entertainment,0.1,0.08,0.02,0.03,0.24,73.0,27.0,8.4,18.0,T,0.1369047619047619
NASCAR 08,PS2,2007.0,Racing,Electronic Arts,0.12,0.09,0.0,0.03,0.24,56.0,9.0,8.2,9.0,E,0.1369047619047619
Broken Sword: Shadow of the Templars - The Directors Cut,Wii,2009.0,Adventure,Ubisoft,0.11,0.1,0.0,0.02,0.24,74.0,29.0,8.1,14.0,T,0.1369047619047619
Divinity II: Ego Draconis,X360,2009.0,Role-Playing,DTP Entertainment,0.18,0.04,0.0,0.02,0.24,62.0,37.0,6.4,36.0,M,0.1369047619047619
Bakugan: Battle Brawlers,PS3,2009.0,Action,Activision,0.19,0.03,0.0,0.02,0.23,63.0,10.0,8.2,5.0,E,0.13095238095238096
DC Universe Online,PC,2011.0,Role-Playing,Sony Online Entertainment,0.16,0.06,0.0,0.02,0.23,72.0,27.0,6.8,243.0,T,0.13095238095238096
Naruto: Path of the Ninja 2,DS,2006.0,Role-Playing,Takara Tomy,0.22,0.0,0.0,0.02,0.23,62.0,18.0,7.5,6.0,E10+,0.13095238095238096
Prince of Persia: The Forgotten Sands,Wii,2010.0,Action,Ubisoft,0.1,0.11,0.0,0.02,0.23,77.0,24.0,8.1,31.0,T,0.13095238095238096
Karaoke Revolution Volume 2,PS2,2004.0,Misc,Konami Digital Entertainment,0.11,0.09,0.0,0.03,0.23,76.0,26.0,7.0,4.0,E,0.13095238095238096
Disney's A Christmas Carol,DS,2009.0,Adventure,Disney Interactive Studios,0.21,0.01,0.0,0.02,0.23,66.0,7.0,6.5,4.0,E,0.13095238095238096
NASCAR Thunder 2004,X,2003.0,Racing,Electronic Arts,0.18,0.05,0.0,0.01,0.23,85.0,14.0,9.1,15.0,E,0.13095238095238096
Buffy the Vampire Slayer,X,2002.0,Action,Electronic Arts,0.18,0.05,0.0,0.01,0.23,79.0,30.0,9.1,31.0,T,0.13095238095238096
Harry Potter and the Goblet of Fire,X,2005.0,Action,Electronic Arts,0.18,0.05,0.0,0.01,0.23,68.0,26.0,5.8,10.0,E10+,0.13095238095238096
Harry Potter and the Goblet of Fire,DS,2005.0,Action,Electronic Arts,0.2,0.01,0.0,0.02,0.23,68.0,15.0,6.0,6.0,E,0.13095238095238096
Sands of Destruction,DS,2008.0,Role-Playing,Sega,0.09,0.0,0.13,0.01,0.23,63.0,20.0,7.9,18.0,T,0.13095238095238096
Viva Pinata: Party Animals,X360,2007.0,Misc,Microsoft Game Studios,0.19,0.02,0.0,0.02,0.23,56.0,42.0,6.2,18.0,E,0.13095238095238096
Ultimate Band,Wii,2008.0,Misc,Disney Interactive Studios,0.19,0.03,0.0,0.02,0.23,59.0,17.0,5.5,4.0,E10+,0.13095238095238096
Toukiden Kiwami,PSV,2014.0,Action,Tecmo Koei,0.02,0.02,0.18,0.01,0.23,82.0,5.0,8.6,42.0,T,0.13095238095238096
Transformers: Devastation,PS4,2015.0,Action,Activision,0.11,0.09,0.0,0.04,0.23,77.0,50.0,7.4,163.0,T,0.13095238095238096
World Series Baseball,X,2002.0,Sports,Sega,0.17,0.05,0.0,0.01,0.23,85.0,20.0,8.8,6.0,E,0.13095238095238096
Dynasty Warriors: Gundam Reborn,PS3,2013.0,Action,Tecmo Koei,0.0,0.0,0.23,0.0,0.23,64.0,35.0,7.5,25.0,T,0.13095238095238096
Test Drive: Eve of Destruction,PS2,2004.0,Racing,Atari,0.11,0.09,0.0,0.03,0.23,73.0,34.0,9.1,23.0,T,0.13095238095238096
Hatsune Miku: Project Diva f,PSV,2012.0,Misc,Sega,0.0,0.0,0.23,0.0,0.23,81.0,10.0,8.0,90.0,T,0.13095238095238096
Jeremy McGrath Supercross World,PS2,2001.0,Racing,Acclaim Entertainment,0.11,0.09,0.0,0.03,0.23,35.0,9.0,3.4,16.0,T,0.13095238095238096
The Scorpion King: Rise of the Akkadian,PS2,2002.0,Action,Universal Interactive,0.11,0.09,0.0,0.03,0.23,47.0,12.0,7.2,6.0,T,0.13095238095238096
The Clu,PS3,2008.0,Shooter,Sega,0.14,0.07,0.0,0.03,0.23,72.0,42.0,6.5,15.0,M,0.13095238095238096
Meteos,DS,2005.0,Puzzle,Nintendo,0.15,0.01,0.06,0.01,0.23,88.0,49.0,7.5,164.0,E,0.13095238095238096
Tom Clancys Splinter Cell,GC,2003.0,Action,Ubisoft,0.18,0.05,0.0,0.01,0.23,89.0,19.0,8.7,25.0,T,0.13095238095238096
Star Wars Jedi Knight II: Jedi Outcast,GC,2002.0,Shooter,Activision,0.18,0.05,0.0,0.01,0.23,75.0,17.0,7.8,19.0,T,0.13095238095238096
ESPN NHL Hockey,PS2,2003.0,Sports,Sega,0.11,0.09,0.0,0.03,0.23,90.0,19.0,7.0,22.0,E,0.13095238095238096
DiRT Showdown,X360,2012.0,Racing,Codemasters,0.08,0.13,0.0,0.02,0.23,75.0,53.0,6.4,54.0,E10+,0.13095238095238096
The Incredible Hulk: Ultimate Destruction,X,2005.0,Action,Vivendi Games,0.17,0.05,0.0,0.01,0.23,84.0,47.0,8.0,22.0,T,0.13095238095238096
Gundam Battle Assault,PS,1998.0,Fighting,Namco Bandai Games,0.13,0.09,0.0,0.02,0.23,61.0,4.0,7.8,4.0,T,0.13095238095238096
Tony Hawks Downhill Jam,Wii,2006.0,Sports,Activision,0.21,0.0,0.0,0.02,0.23,69.0,42.0,6.2,13.0,E10+,0.13095238095238096
Cross Edge,PS3,2008.0,Role-Playing,Nippon Ichi Software,0.14,0.02,0.05,0.02,0.23,52.0,32.0,7.2,82.0,T,0.13095238095238096
The Lord of the Rings: Aragorns Quest,Wii,2010.0,Action,Warner Bros. Interactive Entertainment,0.17,0.05,0.0,0.02,0.23,58.0,21.0,7.8,5.0,T,0.13095238095238096
Tribes: Aerial Assault,PS2,2002.0,Shooter,Sierra Entertainment,0.11,0.09,0.0,0.03,0.23,73.0,23.0,8.8,47.0,T,0.13095238095238096
Looney Tunes: Acme Arsenal,Wii,2007.0,Action,Warner Bros. Interactive Entertainment,0.21,0.01,0.0,0.02,0.23,27.0,7.0,5.1,14.0,E10+,0.13095238095238096
Madagascar: Escape 2 Africa,PS3,2008.0,Action,Activision,0.12,0.08,0.0,0.03,0.23,58.0,13.0,6.8,4.0,E10+,0.13095238095238096
Spec Ops: The Line,PC,2012.0,Shooter,Take-Two Interactive,0.12,0.09,0.0,0.02,0.23,76.0,16.0,8.2,1243.0,M,0.13095238095238096
Star Wars: Battlefront,PC,2004.0,Shooter,LucasArts,0.07,0.14,0.0,0.02,0.23,72.0,19.0,3.5,1525.0,T,0.13095238095238096
Disgaea: Afternoon of Darkness,PSP,2006.0,Role-Playing,Tecmo Koei,0.15,0.01,0.04,0.02,0.23,87.0,37.0,8.2,69.0,T,0.13095238095238096
Odin Sphere: Leifthrasir,PS4,2016.0,Role-Playing,Nippon Ichi Software,0.09,0.04,0.08,0.03,0.23,87.0,49.0,8.2,181.0,T,0.13095238095238096
Saint Seiya: Soldiers Soul,PS4,2015.0,Fighting,Namco Bandai Games,0.0,0.16,0.05,0.03,0.23,59.0,30.0,7.7,46.0,T,0.13095238095238096
NBA 2K6,X360,2005.0,Action,Take-Two Interactive,0.21,0.01,0.0,0.02,0.23,81.0,33.0,8.6,31.0,E,0.13095238095238096
NASCAR 08,PS3,2007.0,Racing,Electronic Arts,0.15,0.05,0.0,0.03,0.23,57.0,21.0,5.0,14.0,E,0.13095238095238096
Grand Slam Tennis 2,PS3,2012.0,Sports,Electronic Arts,0.09,0.1,0.0,0.04,0.23,73.0,36.0,5.2,17.0,E,0.13095238095238096
Mafia,X,2004.0,Action,Take-Two Interactive,0.17,0.05,0.0,0.01,0.23,66.0,33.0,7.8,23.0,M,0.13095238095238096
Ride,PS4,2015.0,Racing,Milestone S.r.l.,0.04,0.13,0.03,0.03,0.23,66.0,30.0,7.0,47.0,E,0.13095238095238096
Sword Art Online: Hollow Realization,PS4,2016.0,Role-Playing,Namco Bandai Games,0.07,0.03,0.1,0.02,0.23,69.0,33.0,7.7,55.0,T,0.13095238095238096
Dynasty Warriors: Strikeforce,X360,2009.0,Action,Tecmo Koei,0.13,0.06,0.02,0.02,0.23,59.0,18.0,5.7,12.0,T,0.13095238095238096
Airblade,PS2,2001.0,Sports,Sony Computer Entertainment,0.11,0.09,0.0,0.03,0.23,70.0,18.0,5.8,12.0,T,0.13095238095238096
Epic Mickey 2: The Power of Two,WiiU,2012.0,Action,Disney Interactive Studios,0.13,0.07,0.01,0.02,0.23,57.0,14.0,5.6,46.0,E,0.13095238095238096
Carnival Island,PS3,2011.0,Misc,Sony Computer Entertainment,0.13,0.06,0.0,0.04,0.23,66.0,25.0,5.2,5.0,E,0.13095238095238096
Genji: Dawn of the Samurai,PS2,2005.0,Action,Sony Computer Entertainment,0.11,0.09,0.0,0.03,0.23,74.0,49.0,8.3,19.0,M,0.13095238095238096
Senran Kagura 2: Deep Crimson ,3DS,2014.0,Action,Marvelous Entertainment,0.11,0.02,0.08,0.01,0.23,58.0,28.0,6.7,57.0,M,0.13095238095238096
TrackMania: Build to Race,Wii,2010.0,Racing,Focus Home Interactive,0.09,0.11,0.0,0.02,0.23,74.0,17.0,6.8,5.0,E,0.13095238095238096
The Italian Jo,PS2,2003.0,Racing,Eidos Interactive,0.11,0.09,0.0,0.03,0.23,55.0,18.0,6.3,4.0,T,0.13095238095238096
Freedom Fighters,X,2003.0,Shooter,Electronic Arts,0.17,0.05,0.0,0.01,0.23,82.0,23.0,8.2,23.0,T,0.13095238095238096
Soldier of Fortune II: Double Helix,X,2003.0,Shooter,Activision,0.17,0.05,0.0,0.01,0.23,61.0,26.0,6.5,13.0,M,0.13095238095238096
Lunar Knights,DS,2006.0,Role-Playing,Konami Digital Entertainment,0.17,0.01,0.04,0.01,0.23,82.0,39.0,7.8,25.0,E10+,0.13095238095238096
WWE All Stars,3DS,2011.0,Fighting,THQ,0.15,0.06,0.0,0.02,0.23,71.0,12.0,7.3,8.0,T,0.13095238095238096
Mortal Kombat: Armageddon,Wii,2007.0,Fighting,Midway Games,0.19,0.02,0.0,0.02,0.23,71.0,29.0,8.4,33.0,M,0.13095238095238096
Final Fantasy XI: Treasures of Aht Urhgan,PS2,2006.0,Role-Playing,Square Enix,0.06,0.05,0.1,0.02,0.23,87.0,4.0,7.1,13.0,T,0.13095238095238096
Alundra,PS,1997.0,Role-Playing,Psygnosis,0.13,0.09,0.0,0.01,0.23,86.0,9.0,8.9,42.0,T,0.13095238095238096
Madden NFL 13,WiiU,2012.0,Sports,Electronic Arts,0.21,0.0,0.0,0.02,0.23,75.0,9.0,6.7,30.0,E,0.13095238095238096
NFL Blitz Pro,PS2,2003.0,Sports,Midway Games,0.11,0.09,0.0,0.03,0.23,73.0,20.0,8.5,14.0,E,0.13095238095238096
Tiger Woods PGA Tour 2003,GC,2002.0,Sports,Electronic Arts,0.18,0.05,0.0,0.01,0.23,90.0,10.0,8.0,5.0,E,0.13095238095238096
BlowOut,PS2,2003.0,Shooter,Zoo Digital Publishing,0.11,0.09,0.0,0.03,0.23,58.0,12.0,6.2,5.0,T,0.13095238095238096
Pinball Hall of Fame: The Gottlieb Collection,PSP,2005.0,Misc,Play It,0.2,0.01,0.0,0.02,0.23,73.0,27.0,8.1,13.0,E,0.13095238095238096
SSX On Tour,PSP,2005.0,Sports,Electronic Arts,0.19,0.02,0.0,0.02,0.23,79.0,23.0,8.1,44.0,E,0.13095238095238096
Spirit Camera: The Cursed Memoir,3DS,2012.0,Adventure,Nintendo,0.13,0.02,0.06,0.01,0.23,54.0,35.0,6.1,28.0,T,0.13095238095238096
Lumines: Electronic Symphony,PSV,2012.0,Misc,Ubisoft,0.09,0.09,0.01,0.04,0.23,83.0,65.0,7.8,86.0,E,0.13095238095238096
Rune Factory: Tides of Destiny,PS3,2011.0,Role-Playing,Marvelous Interactive,0.14,0.0,0.07,0.02,0.23,55.0,12.0,8.0,45.0,E10+,0.13095238095238096
Ys Seven,PSP,2009.0,Role-Playing,Falcom Corporation,0.14,0.0,0.08,0.02,0.23,79.0,27.0,8.5,65.0,T,0.13095238095238096
Tony Hawks Proving Ground,DS,2007.0,Sports,Activision,0.2,0.01,0.0,0.02,0.23,79.0,21.0,6.7,6.0,E10+,0.13095238095238096
The Polar Express,PS2,2004.0,Adventure,THQ,0.11,0.09,0.0,0.03,0.23,39.0,10.0,4.3,6.0,E,0.13095238095238096
AC/DC LIVE: Rock Band Track Pack,X360,2008.0,Misc,MTV Games,0.21,0.0,0.0,0.02,0.23,63.0,16.0,4.9,10.0,T,0.13095238095238096
Valhalla Knights 2,PSP,2008.0,Role-Playing,Rising Star Games,0.09,0.0,0.12,0.01,0.23,50.0,13.0,5.4,13.0,E10+,0.13095238095238096
NBA ShootOut 2003,PS2,2002.0,Sports,Sony Computer Entertainment,0.11,0.09,0.0,0.03,0.23,62.0,22.0,5.9,8.0,E,0.13095238095238096
Need For Speed: Undercover,DS,2008.0,Racing,Electronic Arts,0.18,0.03,0.0,0.02,0.23,59.0,7.0,6.7,6.0,E10+,0.13095238095238096
Rogue Ops,PS2,2003.0,Action,Kemco,0.11,0.09,0.0,0.03,0.23,61.0,26.0,9.2,6.0,M,0.13095238095238096
Killer is Dead,PS3,2013.0,Action,Deep Silver,0.12,0.03,0.05,0.03,0.23,64.0,39.0,7.9,216.0,M,0.13095238095238096
F1 2014,X360,2014.0,Racing,Codemasters,0.08,0.13,0.0,0.02,0.23,64.0,14.0,4.1,20.0,E,0.13095238095238096
Legion: The Legend of Excalibur,PS2,2002.0,Action,Midway Games,0.11,0.09,0.0,0.03,0.22,51.0,21.0,7.0,6.0,M,0.125
Mega Man Legacy Collection,3DS,2016.0,Platform,Capcom,0.15,0.0,0.05,0.02,0.22,77.0,27.0,7.0,28.0,E,0.125
Spartan: Total Warrior,PS2,2005.0,Action,Sega,0.11,0.09,0.0,0.03,0.22,74.0,33.0,8.4,65.0,M,0.125
Battleborn,XOne,2016.0,Shooter,Take-Two Interactive,0.16,0.04,0.0,0.02,0.22,71.0,20.0,7.3,172.0,T,0.125
Asphalt: Injection,PSV,2011.0,Action,Ubisoft,0.13,0.06,0.0,0.03,0.22,49.0,33.0,4.8,28.0,E10+,0.125
Justice League Heroes,PSP,2006.0,Role-Playing,Eidos Interactive,0.2,0.01,0.0,0.02,0.22,72.0,13.0,7.8,5.0,T,0.125
Conflict: Vietnam,X,2004.0,Shooter,SCi,0.17,0.05,0.0,0.01,0.22,60.0,40.0,7.3,9.0,M,0.125
The Legend of Heroes: Trails of Cold Steel II,PSV,2014.0,Role-Playing,Nippon Ichi Software,0.03,0.04,0.13,0.02,0.22,80.0,24.0,7.4,79.0,T,0.125
Whirl Tour,PS2,2002.0,Sports,Crave Entertainment,0.11,0.09,0.0,0.03,0.22,58.0,9.0,7.0,5.0,E,0.125
NBA Street: Showdown,PSP,2005.0,Sports,Electronic Arts,0.2,0.0,0.0,0.02,0.22,75.0,25.0,8.5,15.0,E,0.125
pro evolution soccer 2011,Wii,2010.0,Sports,Konami Digital Entertainment,0.07,0.1,0.03,0.02,0.22,78.0,9.0,5.4,7.0,E,0.125
Skies of Arcadia Legends,GC,2002.0,Role-Playing,Atari,0.17,0.04,0.0,0.01,0.22,84.0,31.0,9.2,95.0,T,0.125
Risen 2: Dark Waters,PC,2012.0,Role-Playing,Deep Silver,0.0,0.19,0.0,0.03,0.22,69.0,51.0,5.6,754.0,M,0.125
Breath of Fire,GBA,2001.0,Role-Playing,Ubisoft,0.11,0.04,0.06,0.0,0.22,79.0,17.0,8.8,9.0,E,0.125
Soul Sacrifice Delta,PSV,2014.0,Action,Sony Computer Entertainment,0.0,0.08,0.12,0.02,0.22,82.0,24.0,8.4,128.0,M,0.125
NCAA Football 2005,GC,2004.0,Sports,Electronic Arts,0.17,0.04,0.0,0.01,0.22,88.0,18.0,9.0,5.0,E,0.125
Hamtaro: Ham-Ham Games,GBA,2004.0,Sports,Nintendo,0.16,0.06,0.0,0.0,0.22,77.0,20.0,8.1,7.0,E,0.125
NASCAR 2011: The Game,Wii,2011.0,Racing,Activision,0.21,0.0,0.0,0.01,0.22,42.0,5.0,3.1,9.0,E,0.125
Danganronpa Another Episode: Ultra Despair Girls,PSV,2014.0,Action,Nippon Ichi Software,0.07,0.01,0.12,0.03,0.22,72.0,35.0,8.4,79.0,M,0.125
Spider-Man: Edge of Time,PS3,2011.0,Action,Activision,0.13,0.07,0.0,0.03,0.22,58.0,43.0,7.2,29.0,T,0.125
FaceBreaker K.O. Party,Wii,2008.0,Fighting,Electronic Arts,0.19,0.01,0.0,0.02,0.22,61.0,15.0,5.6,7.0,T,0.125
Assassins Creed Syndicate,PC,2015.0,Action,Ubisoft,0.11,0.09,0.0,0.02,0.22,74.0,14.0,6.0,555.0,M,0.125
Galactic Wrestling: Featuring Ultimate Muscle,PS2,2004.0,Fighting,Namco Bandai Games,0.03,0.02,0.17,0.01,0.22,61.0,12.0,8.0,5.0,T,0.125
Dino Stalker,PS2,2002.0,Shooter,Capcom,0.07,0.06,0.08,0.02,0.22,50.0,18.0,6.3,9.0,M,0.125
Naruto Shippuden: Ultimate Ninja Storm Revolution,X360,2014.0,Fighting,Namco Bandai Games,0.14,0.06,0.0,0.02,0.22,62.0,11.0,7.3,44.0,T,0.125
Mega Man Zero 3,GBA,2004.0,Platform,Capcom,0.16,0.06,0.0,0.0,0.22,77.0,21.0,9.0,22.0,E,0.125
Super Swing Golf,Wii,2006.0,Sports,Nintendo,0.14,0.01,0.07,0.01,0.22,72.0,44.0,7.8,15.0,E10+,0.125
LEGO Marvels Avengers,3DS,2016.0,Action,Warner Bros. Interactive Entertainment,0.08,0.11,0.02,0.02,0.22,60.0,4.0,6.9,16.0,E10+,0.125
G-Force,PS3,2009.0,Action,Disney Interactive Studios,0.13,0.06,0.0,0.03,0.22,68.0,22.0,7.6,7.0,E10+,0.125
Shinobi,3DS,2011.0,Platform,Sega,0.14,0.07,0.0,0.02,0.22,69.0,33.0,7.3,33.0,T,0.125
Luminous Arc 2,DS,2008.0,Role-Playing,Rising Star Games,0.2,0.0,0.0,0.02,0.22,73.0,19.0,7.7,14.0,T,0.125
Risen 2: Dark Waters,PS3,2012.0,Role-Playing,Deep Silver,0.04,0.13,0.01,0.04,0.22,47.0,13.0,5.2,37.0,M,0.125
Age of Empires: The Age of Kings,DS,2006.0,Strategy,THQ,0.18,0.02,0.0,0.02,0.22,80.0,38.0,7.9,59.0,E10+,0.125
Tony Hawks Downhill Jam,DS,2006.0,Sports,Activision,0.2,0.0,0.0,0.02,0.22,76.0,34.0,7.0,7.0,E,0.125
Call of Duty: Infinite Warfare,PC,2016.0,Shooter,Activision,0.08,0.12,0.0,0.02,0.22,73.0,16.0,3.0,468.0,M,0.125
LEGO Harry Potter: Years 5-7,PC,2011.0,Action,Warner Bros. Interactive Entertainment,0.05,0.14,0.0,0.03,0.22,80.0,5.0,8.6,45.0,E10+,0.125
MotoGP 09/10,PS3,2010.0,Racing,Capcom,0.05,0.13,0.0,0.04,0.22,70.0,42.0,5.4,28.0,E,0.125
Dinosaur King,DS,2007.0,Strategy,Sega,0.2,0.0,0.0,0.02,0.22,61.0,13.0,8.0,9.0,E,0.125
The Lord of the Rings: The Third Age,GBA,2004.0,Role-Playing,Electronic Arts,0.16,0.06,0.0,0.0,0.22,67.0,7.0,8.5,12.0,T,0.125
The Suffering,X,2004.0,Action,Midway Games,0.16,0.05,0.0,0.01,0.22,77.0,44.0,8.8,23.0,M,0.125
Tetris Worlds,GC,2002.0,Puzzle,THQ,0.17,0.04,0.0,0.01,0.22,47.0,10.0,5.6,8.0,E,0.125
Angry Birds Star Wars,PS4,2013.0,Strategy,Activision,0.1,0.08,0.0,0.04,0.22,47.0,5.0,2.0,88.0,E,0.125
Viewtiful Joe 2,GC,2004.0,Action,Capcom,0.17,0.04,0.0,0.01,0.22,86.0,39.0,8.3,19.0,T,0.125
Hot Shots Tennis: Get a Grip,PSP,2010.0,Sports,Sony Computer Entertainment,0.07,0.0,0.13,0.01,0.22,80.0,27.0,8.0,17.0,E,0.125
Child of Eden,PS3,2011.0,Shooter,Ubisoft,0.09,0.1,0.0,0.04,0.22,81.0,21.0,7.8,25.0,E10+,0.125
NBA Live 09 All-Play,Wii,2008.0,Sports,Electronic Arts,0.19,0.02,0.0,0.02,0.22,51.0,11.0,5.9,14.0,E,0.125
Touch the Dead,DS,2007.0,Shooter,Eidos Interactive,0.2,0.0,0.0,0.02,0.22,56.0,31.0,5.6,5.0,M,0.125
Jackass the Game,PSP,2007.0,Action,Empire Interactive,0.09,0.08,0.0,0.05,0.22,58.0,21.0,7.0,12.0,M,0.125
Far Cry: Primal,PC,2016.0,Action,Ubisoft,0.05,0.15,0.0,0.02,0.22,74.0,18.0,4.9,391.0,M,0.125
Nickelodeon Party Blast,X,2002.0,Misc,Infogrames,0.16,0.05,0.0,0.01,0.22,19.0,4.0,4.0,8.0,E,0.125
Ragnarok DS,DS,2008.0,Role-Playing,GungHo,0.1,0.0,0.11,0.01,0.22,53.0,19.0,5.8,17.0,E10+,0.125
Shellshock: Nam 67,X,2004.0,Shooter,Eidos Interactive,0.16,0.05,0.0,0.01,0.22,58.0,37.0,7.0,14.0,M,0.125
All-Star Baseball 2002,GC,2001.0,Sports,Acclaim Entertainment,0.17,0.04,0.0,0.01,0.22,66.0,17.0,5.6,9.0,E,0.125
Magna Carta: Tears of Blood,PS2,2004.0,Role-Playing,505 Games,0.11,0.08,0.0,0.03,0.22,66.0,34.0,7.0,22.0,T,0.125
Capcom vs. SNK,DC,2000.0,Fighting,Virgin Interactive,0.0,0.0,0.22,0.0,0.22,80.0,17.0,9.0,24.0,T,0.125
Pinball Hall of Fame: The Williams Collection,PS3,2009.0,Misc,Crave Entertainment,0.2,0.0,0.0,0.02,0.22,82.0,16.0,7.9,8.0,E10+,0.125
Aliens vs Predator: Requiem,PSP,2007.0,Action,Vivendi Games,0.03,0.12,0.0,0.07,0.22,49.0,34.0,5.6,19.0,T,0.125
Star Wars: The Force Unleashed II,DS,2010.0,Action,LucasArts,0.17,0.03,0.0,0.02,0.22,43.0,5.0,4.0,5.0,T,0.125
From Russia With Love,GC,2005.0,Action,Electronic Arts,0.17,0.04,0.0,0.01,0.22,70.0,20.0,8.5,13.0,T,0.125
Guitar Hero: Smash Hits,PS2,2009.0,Misc,Activision,0.11,0.01,0.0,0.1,0.22,69.0,6.0,8.3,6.0,T,0.125
NFL Quarterback Club 2002,PS2,2001.0,Sports,Acclaim Entertainment,0.11,0.08,0.0,0.03,0.22,67.0,12.0,7.8,6.0,E,0.125
LEGO The Lord of the Rings,PC,2012.0,Action,Warner Bros. Interactive Entertainment,0.07,0.13,0.0,0.03,0.22,80.0,6.0,8.2,127.0,E10+,0.125
NCAA Basketball 09,X360,2008.0,Sports,Electronic Arts,0.2,0.0,0.0,0.02,0.22,70.0,23.0,5.6,8.0,E,0.125
Lords of the Fallen,XOne,2014.0,Role-Playing,Square Enix,0.1,0.1,0.0,0.02,0.22,71.0,13.0,6.6,167.0,M,0.125
Shin Megami Tensei: Persona,PSP,2009.0,Role-Playing,Atlus,0.08,0.0,0.13,0.01,0.22,78.0,30.0,8.0,47.0,T,0.125
Dying Light,PC,2015.0,Action,Warner Bros. Interactive Entertainment,0.14,0.06,0.0,0.02,0.22,75.0,40.0,7.9,1304.0,M,0.125
Growlanser: Heritage of War,PS2,2006.0,Role-Playing,Rising Star Games,0.11,0.08,0.0,0.03,0.22,60.0,7.0,7.9,9.0,T,0.125
Ben 10 Alien Force: Vilgax Attacks,X360,2009.0,Action,D3Publisher,0.11,0.09,0.0,0.02,0.22,61.0,9.0,8.3,4.0,E10+,0.125
Rugby 2004,PS2,2003.0,Sports,Electronic Arts,0.11,0.08,0.0,0.03,0.22,61.0,13.0,6.8,65.0,E,0.125
Deadly Creatures,Wii,2009.0,Action,THQ,0.08,0.12,0.0,0.02,0.22,72.0,45.0,8.8,36.0,T,0.125
NBA 06,PSP,2005.0,Sports,Sony Computer Entertainment,0.2,0.0,0.0,0.02,0.22,72.0,19.0,5.4,8.0,E,0.125
KORG DS-10 Synthesizer,DS,2008.0,Misc,AQ Interactive,0.19,0.01,0.0,0.02,0.22,82.0,11.0,8.2,13.0,E,0.125
Tropico 3,X360,2009.0,Strategy,Kalypso Media,0.15,0.02,0.03,0.01,0.22,75.0,33.0,6.6,22.0,T,0.125
Naruto: Ninja Council,GBA,2003.0,Action,Tomy Corporation,0.16,0.06,0.0,0.0,0.22,60.0,12.0,7.1,9.0,E10+,0.125
Dead Island,PC,2011.0,Action,Deep Silver,0.12,0.07,0.0,0.03,0.22,80.0,24.0,6.8,1434.0,M,0.125
NFL 2K3,GC,2002.0,Sports,Sega,0.17,0.04,0.0,0.01,0.22,92.0,24.0,8.3,15.0,E,0.125
The Wolf Among Us,PS4,2014.0,Adventure,Telltale Games,0.11,0.07,0.0,0.04,0.22,83.0,6.0,8.4,264.0,M,0.125
Hunted: The Demons Forge,X360,2011.0,Action,Bethesda Softworks,0.13,0.06,0.0,0.02,0.22,61.0,59.0,6.0,116.0,M,0.125
Britneys Dance Beat,GBA,2002.0,Misc,THQ,0.15,0.06,0.0,0.0,0.22,53.0,14.0,7.4,5.0,E,0.125
Full Auto,X360,2006.0,Shooter,Sega,0.19,0.01,0.0,0.02,0.22,70.0,63.0,7.8,36.0,T,0.125
Shrek SuperSlam,GC,2005.0,Action,Activision,0.17,0.04,0.0,0.01,0.22,70.0,11.0,7.7,7.0,E10+,0.125
BioShock The Collection,XOne,2016.0,Shooter,Take-Two Interactive,0.12,0.07,0.0,0.02,0.22,84.0,17.0,8.5,81.0,M,0.125
Tony Hawks Pro Skater 5,PS4,2015.0,Sports,Activision,0.1,0.08,0.0,0.04,0.22,32.0,43.0,1.5,429.0,T,0.125
Herdy Gerdy,PS2,2002.0,Adventure,Eidos Interactive,0.11,0.08,0.0,0.03,0.22,69.0,24.0,5.0,12.0,E,0.125
Afrika,PS3,2008.0,Adventure,Unknown,0.12,0.0,0.08,0.01,0.22,63.0,12.0,6.2,34.0,E10+,0.125
Over G Fighters,X360,2006.0,Simulation,Ubisoft,0.19,0.01,0.0,0.02,0.21,49.0,36.0,6.1,50.0,T,0.11904761904761904
The Dukes of Hazzard: Return of the General Lee,PS2,2004.0,Racing,Ubisoft,0.11,0.08,0.0,0.03,0.21,52.0,17.0,6.8,8.0,E,0.11904761904761904
Code Name: S.T.E.A.M.,3DS,2015.0,Strategy,Nintendo,0.14,0.05,0.01,0.02,0.21,69.0,69.0,7.8,126.0,T,0.11904761904761904
NBA Live 15,XOne,2014.0,Sports,Electronic Arts,0.17,0.02,0.0,0.02,0.21,53.0,9.0,6.8,53.0,E,0.11904761904761904
Crash N Burn,PS2,2004.0,Racing,Eidos Interactive,0.11,0.08,0.0,0.03,0.21,63.0,17.0,8.0,7.0,T,0.11904761904761904
NBA,PSP,2005.0,Sports,Sony Computer Entertainment,0.2,0.0,0.0,0.02,0.21,57.0,25.0,6.9,14.0,E,0.11904761904761904
Disaster Report,PS2,2002.0,Action,Agetec,0.03,0.02,0.15,0.01,0.21,66.0,28.0,8.0,7.0,T,0.11904761904761904
Armored Core V,X360,2012.0,Simulation,Namco Bandai Games,0.13,0.03,0.04,0.01,0.21,68.0,37.0,7.2,37.0,T,0.11904761904761904
College Hoops 2K7,X360,2006.0,Sports,Take-Two Interactive,0.2,0.0,0.0,0.02,0.21,82.0,22.0,8.2,12.0,E,0.11904761904761904
Rampage: Total Destruction,Wii,2006.0,Action,Midway Games,0.19,0.01,0.0,0.02,0.21,46.0,21.0,5.6,19.0,E10+,0.11904761904761904
The Bards Tale,PS2,2004.0,Role-Playing,Ubisoft,0.1,0.08,0.0,0.03,0.21,76.0,44.0,8.6,14.0,T,0.11904761904761904
Robotech: The Macross Saga,GBA,2002.0,Shooter,TDK Mediactive,0.15,0.06,0.0,0.0,0.21,61.0,8.0,6.5,4.0,E,0.11904761904761904
Yu Yu Hakusho: Dark Tournament,PS2,2004.0,Fighting,Atari,0.1,0.08,0.0,0.03,0.21,56.0,15.0,8.5,18.0,T,0.11904761904761904
Conflict Zone,PS2,2002.0,Strategy,Ubisoft,0.1,0.08,0.0,0.03,0.21,47.0,7.0,7.4,8.0,T,0.11904761904761904
The Bureau: XCOM Declassified,X360,2013.0,Shooter,Take-Two Interactive,0.1,0.1,0.0,0.02,0.21,68.0,30.0,6.7,119.0,M,0.11904761904761904
BloodRayne,X,2002.0,Shooter,Universal Interactive,0.16,0.05,0.0,0.01,0.21,76.0,20.0,7.5,6.0,M,0.11904761904761904
NHL 2K6,X,2005.0,Sports,Take-Two Interactive,0.16,0.05,0.0,0.01,0.21,83.0,32.0,7.5,26.0,E10+,0.11904761904761904
Hannah Montana: The Movie,X360,2009.0,Adventure,Disney Interactive Studios,0.14,0.05,0.0,0.02,0.21,25.0,4.0,3.8,48.0,E,0.11904761904761904
Tenchu: Return From Darkness,X,2004.0,Action,Activision,0.16,0.05,0.0,0.01,0.21,70.0,55.0,7.0,6.0,M,0.11904761904761904
World Poker Tour,PS2,2005.0,Misc,Take-Two Interactive,0.1,0.08,0.0,0.03,0.21,60.0,17.0,8.6,5.0,T,0.11904761904761904
Neo Contra,PS2,2004.0,Shooter,Konami Digital Entertainment,0.1,0.08,0.0,0.03,0.21,65.0,37.0,7.1,8.0,M,0.11904761904761904
MVP Baseball,PSP,2005.0,Sports,Electronic Arts,0.2,0.0,0.0,0.02,0.21,67.0,21.0,7.7,16.0,E,0.11904761904761904
Tony Hawks American Sk8land,DS,2005.0,Sports,Activision,0.19,0.0,0.0,0.02,0.21,84.0,31.0,8.7,55.0,E,0.11904761904761904
Madden NFL 07,DS,2006.0,Sports,Electronic Arts,0.2,0.0,0.0,0.02,0.21,70.0,9.0,6.5,10.0,E,0.11904761904761904
Journey,PS3,2012.0,Adventure,Sony Computer Entertainment Europe,0.04,0.13,0.0,0.04,0.21,92.0,78.0,8.8,1386.0,E,0.11904761904761904
The BIGS 2,X360,2009.0,Sports,Take-Two Interactive,0.19,0.01,0.0,0.02,0.21,76.0,31.0,6.2,35.0,E10+,0.11904761904761904
Viewtiful Joe 2,PS2,2004.0,Action,Capcom,0.1,0.08,0.0,0.03,0.21,85.0,29.0,7.7,17.0,T,0.11904761904761904
Quake III: Revolution,PS2,2001.0,Shooter,Electronic Arts,0.1,0.08,0.0,0.03,0.21,84.0,18.0,7.2,11.0,M,0.11904761904761904
Pac-Man World 3,PS2,2005.0,Platform,Namco Bandai Games,0.1,0.08,0.0,0.03,0.21,63.0,22.0,5.2,13.0,E,0.11904761904761904
SBK X: Superbike World Championship,PS3,2010.0,Racing,Black Bean Games,0.05,0.12,0.0,0.04,0.21,73.0,4.0,7.5,4.0,E10+,0.11904761904761904
50 Cent: Blood on the Sand,X360,2009.0,Shooter,THQ,0.12,0.07,0.0,0.02,0.21,71.0,54.0,6.4,65.0,M,0.11904761904761904
Robotech: Battlecry,X,2002.0,Shooter,TDK Mediactive,0.16,0.05,0.0,0.01,0.21,74.0,22.0,7.0,10.0,T,0.11904761904761904
HBO Boxing,PS,2000.0,Fighting,Acclaim Entertainment,0.12,0.08,0.0,0.01,0.21,26.0,7.0,4.0,5.0,E,0.11904761904761904
Bass Pro Shops: The Strike,X360,2009.0,Sports,XS Games,0.2,0.0,0.0,0.02,0.21,63.0,4.0,5.8,5.0,E,0.11904761904761904
Darkwatch,X,2005.0,Shooter,Ubisoft,0.16,0.05,0.0,0.01,0.21,75.0,43.0,8.0,22.0,M,0.11904761904761904
Disgaea D2: A Brighter Darkness,PS3,2013.0,Role-Playing,Nippon Ichi Software,0.09,0.0,0.1,0.02,0.21,74.0,37.0,8.1,61.0,T,0.11904761904761904
Maximo vs Army of Zin,PS2,2003.0,Platform,Capcom,0.1,0.08,0.0,0.03,0.21,83.0,46.0,7.8,13.0,T,0.11904761904761904
God of War Collection,PSV,2014.0,Action,Sony Computer Entertainment,0.08,0.07,0.01,0.05,0.21,73.0,28.0,7.4,133.0,M,0.11904761904761904
Summoner 2,PS2,2002.0,Role-Playing,THQ,0.1,0.08,0.0,0.03,0.21,76.0,20.0,8.3,22.0,T,0.11904761904761904
Guitar Hero Live,WiiU,2015.0,Misc,Activision,0.13,0.06,0.0,0.02,0.21,84.0,4.0,6.1,36.0,T,0.11904761904761904
Shadow of Destiny,PS2,2001.0,Adventure,Konami Digital Entertainment,0.09,0.07,0.03,0.02,0.21,78.0,18.0,8.2,19.0,T,0.11904761904761904
Ninja Gaiden: Dragon Sword,DS,2008.0,Action,Tecmo Koei,0.16,0.01,0.02,0.02,0.21,83.0,52.0,7.8,36.0,T,0.11904761904761904
Cabelas Deer Hunt: 2004 Season,X,2003.0,Sports,Activision Value,0.16,0.05,0.0,0.01,0.21,65.0,5.0,8.4,16.0,T,0.11904761904761904
Pro Evolution Soccer 2012,Wii,2011.0,Action,Konami Digital Entertainment,0.08,0.08,0.03,0.02,0.21,79.0,9.0,7.0,12.0,E,0.11904761904761904
The Legend of Spyro: The Eternal Night,Wii,2007.0,Platform,Vivendi Games,0.18,0.02,0.0,0.02,0.21,60.0,8.0,6.4,15.0,E10+,0.11904761904761904
Cursed Mountain,Wii,2009.0,Adventure,Deep Silver,0.09,0.1,0.0,0.02,0.21,67.0,51.0,7.6,33.0,M,0.11904761904761904
Age of Empires: Mythologies,DS,2008.0,Strategy,THQ,0.16,0.03,0.0,0.02,0.21,78.0,28.0,7.0,21.0,E10+,0.11904761904761904
Heroes of Ruin,3DS,2012.0,Role-Playing,Nintendo,0.13,0.07,0.0,0.02,0.21,69.0,53.0,7.4,50.0,T,0.11904761904761904
A Boy and His Blo,Wii,2009.0,Platform,Majesco Entertainment,0.18,0.01,0.0,0.01,0.21,80.0,43.0,8.7,35.0,E,0.11904761904761904
SBK Superbike World Championship,X360,2008.0,Racing,Black Bean Games,0.06,0.14,0.0,0.01,0.21,63.0,17.0,8.0,6.0,E10+,0.11904761904761904
Bionicle,GC,2003.0,Action,Electronic Arts,0.16,0.04,0.0,0.01,0.21,47.0,5.0,4.2,5.0,E,0.11904761904761904
Prince of Persia: Revelations,PSP,2005.0,Adventure,Ubisoft,0.18,0.01,0.0,0.02,0.21,65.0,27.0,8.0,27.0,M,0.11904761904761904
Baja: Edge of Control,PS3,2008.0,Racing,THQ,0.1,0.08,0.0,0.03,0.21,61.0,21.0,5.0,11.0,E,0.11904761904761904
The Witch and the Hundred Knight,PS3,2013.0,Role-Playing,Nippon Ichi Software,0.07,0.02,0.1,0.02,0.21,53.0,44.0,7.5,80.0,T,0.11904761904761904
G.I. Joe: The Rise of Cobra,PS3,2009.0,Action,Electronic Arts,0.11,0.07,0.0,0.03,0.21,43.0,32.0,4.8,13.0,T,0.11904761904761904
UFC Undisputed 2010,PSP,2010.0,Fighting,THQ,0.11,0.06,0.0,0.04,0.21,74.0,27.0,7.0,13.0,T,0.11904761904761904
World Series of Poker,PSP,2005.0,Misc,Activision,0.19,0.0,0.0,0.02,0.21,37.0,6.0,6.4,20.0,E10+,0.11904761904761904
Rayman Raving Rabbids,X360,2007.0,Misc,Ubisoft,0.18,0.01,0.0,0.02,0.21,67.0,16.0,7.3,19.0,E,0.11904761904761904
Deus Ex: The Conspiracy,PS2,2002.0,Action,Eidos Interactive,0.1,0.08,0.0,0.03,0.21,81.0,25.0,8.9,50.0,M,0.11904761904761904
MLB 10: The Show,PSP,2010.0,Sports,Sony Computer Entertainment,0.19,0.0,0.0,0.02,0.21,79.0,11.0,6.6,8.0,E,0.11904761904761904
Unreal II: The Awakening,X,2004.0,Shooter,Atari,0.17,0.04,0.0,0.01,0.21,64.0,27.0,5.3,20.0,M,0.11904761904761904
Rumble Racing,PS2,2001.0,Racing,Electronic Arts,0.1,0.08,0.0,0.03,0.21,85.0,17.0,8.2,9.0,E,0.11904761904761904
Spider-Man: Web of Shadows,PS2,2008.0,Action,Activision,0.1,0.08,0.0,0.03,0.21,69.0,4.0,4.1,16.0,E10+,0.11904761904761904
Vampire Rain,X360,2007.0,Action,Microsoft Game Studios,0.18,0.0,0.01,0.01,0.21,38.0,45.0,2.9,44.0,M,0.11904761904761904
Batman Begins,X,2005.0,Action,Electronic Arts,0.16,0.04,0.0,0.01,0.21,65.0,56.0,7.1,21.0,T,0.11904761904761904
FIFA 16,PC,2015.0,Sports,Electronic Arts,0.06,0.13,0.0,0.02,0.21,81.0,10.0,4.4,299.0,E,0.11904761904761904
JSRF: Jet Set Radio Future,X,2002.0,Action,Sega,0.13,0.04,0.03,0.01,0.21,88.0,36.0,8.2,103.0,T,0.11904761904761904
NHL Hitz 20-02,GC,2001.0,Sports,Midway Games,0.16,0.04,0.0,0.01,0.21,79.0,13.0,8.7,7.0,E,0.11904761904761904
J Stars Victory Vs.,PSV,2014.0,Fighting,Namco Bandai Games,0.0,0.03,0.17,0.01,0.21,74.0,5.0,7.9,29.0,T,0.11904761904761904
Way of the Samurai 3,X360,2009.0,Action,Gamebridge,0.12,0.05,0.02,0.02,0.21,55.0,22.0,7.0,17.0,M,0.11904761904761904
NCAA Football 2003,GC,2002.0,Sports,Electronic Arts,0.16,0.04,0.0,0.01,0.21,91.0,11.0,8.1,9.0,E,0.11904761904761904
de Blob 2,PS3,2011.0,Platform,THQ,0.11,0.07,0.0,0.03,0.21,74.0,50.0,7.1,34.0,E10+,0.11904761904761904
Hitman: HD Trilogy,PS3,2013.0,Action,Square Enix,0.07,0.09,0.0,0.04,0.21,71.0,20.0,7.6,47.0,M,0.11904761904761904
ESPN Winter X Games: Snowboarding 2002,PS2,2000.0,Sports,Konami Digital Entertainment,0.1,0.08,0.0,0.03,0.21,64.0,14.0,7.9,8.0,T,0.11904761904761904
Prison Break: The Conspiracy,X360,2010.0,Action,Deep Silver,0.07,0.11,0.0,0.02,0.21,40.0,37.0,4.7,19.0,T,0.11904761904761904
Final Fantasy Fables: Chocobos Dungeon,Wii,2007.0,Role-Playing,Square Enix,0.09,0.0,0.11,0.01,0.21,76.0,34.0,8.0,20.0,E10+,0.11904761904761904
The Legend of Heroes: Trails of Cold Steel,PS3,2013.0,Role-Playing,Nippon Ichi Software,0.06,0.02,0.12,0.02,0.21,86.0,12.0,7.7,129.0,T,0.11904761904761904
Project: Snowblind,PS2,2005.0,Action,Eidos Interactive,0.1,0.08,0.0,0.03,0.21,78.0,54.0,8.3,23.0,T,0.11904761904761904
You Dont Know Jack,Wii,2011.0,Misc,THQ,0.19,0.0,0.0,0.01,0.21,81.0,5.0,7.7,6.0,T,0.11904761904761904
Mortal Kombat: Special Forces,PS,2000.0,Fighting,Midway Games,0.12,0.08,0.0,0.01,0.21,28.0,7.0,2.4,17.0,M,0.11904761904761904
The Last Airbender,Wii,2010.0,Action,THQ,0.12,0.07,0.0,0.02,0.21,53.0,4.0,6.6,5.0,T,0.11904761904761904
NCAA March Madness 07,X360,2007.0,Sports,Electronic Arts,0.19,0.0,0.0,0.02,0.21,67.0,33.0,7.1,15.0,E,0.11904761904761904
The Con,PSP,2005.0,Fighting,Sony Computer Entertainment,0.19,0.0,0.0,0.02,0.21,63.0,37.0,7.3,16.0,T,0.11904761904761904
StokEd,X360,2009.0,Sports,Zushi Games,0.18,0.01,0.0,0.01,0.21,68.0,34.0,8.6,19.0,T,0.11904761904761904
Evil Dead: Regeneration,PS2,2005.0,Action,THQ,0.1,0.08,0.0,0.03,0.21,68.0,26.0,8.5,8.0,M,0.11904761904761904
Defiance,PC,2013.0,Shooter,Trion Worlds,0.14,0.04,0.0,0.02,0.21,64.0,40.0,6.5,661.0,M,0.11904761904761904
Frogger 3D,3DS,2011.0,Action,Konami Digital Entertainment,0.16,0.03,0.0,0.01,0.21,54.0,11.0,5.5,8.0,E,0.11904761904761904
NHL 2003,X,2002.0,Sports,Electronic Arts,0.15,0.04,0.0,0.01,0.21,80.0,12.0,7.9,12.0,E,0.11904761904761904
Tiger Woods PGA Tour,PSP,2005.0,Sports,Electronic Arts,0.19,0.0,0.0,0.02,0.21,78.0,25.0,7.4,14.0,E,0.11904761904761904
NHL 2K3,PS2,2002.0,Sports,Sega,0.1,0.08,0.0,0.03,0.21,89.0,25.0,7.8,17.0,E,0.11904761904761904
You Dont Know Jack,X360,2011.0,Misc,THQ,0.19,0.0,0.0,0.01,0.21,82.0,23.0,7.9,29.0,T,0.11904761904761904
Final Fight One,GBA,2001.0,Fighting,Ubisoft,0.09,0.03,0.08,0.0,0.21,82.0,16.0,7.8,8.0,E,0.11904761904761904
Gallop Racer 2003: A New Breed,PS2,2002.0,Sports,Zoo Digital Publishing,0.04,0.03,0.12,0.01,0.21,68.0,16.0,8.5,15.0,E,0.11904761904761904
Blue Dragon Plus,DS,2008.0,Role-Playing,Ignition Entertainment,0.12,0.03,0.05,0.01,0.21,69.0,46.0,6.5,15.0,E,0.11904761904761904
BeyBlade VForce: Super Tournament Battle,GC,2002.0,Action,Atari,0.16,0.04,0.0,0.01,0.21,33.0,6.0,7.1,19.0,E,0.11904761904761904
Dead to Rights: Retribution,X360,2010.0,Shooter,Namco Bandai Games,0.11,0.08,0.0,0.02,0.21,61.0,64.0,7.0,34.0,M,0.11904761904761904
NBA Live 14,XOne,2013.0,Sports,Electronic Arts,0.17,0.02,0.0,0.02,0.21,36.0,14.0,3.1,88.0,E,0.11904761904761904
Lost Planet 3,PS3,2013.0,Shooter,Capcom,0.07,0.05,0.06,0.02,0.21,61.0,30.0,5.5,102.0,T,0.11904761904761904
Dragon Ball Z: Sagas,GC,2005.0,Fighting,Atari,0.16,0.04,0.0,0.01,0.21,48.0,11.0,6.6,11.0,T,0.11904761904761904
X2: Wolverines Revenge,X,2003.0,Platform,Activision,0.15,0.04,0.0,0.01,0.21,58.0,27.0,6.4,9.0,T,0.11904761904761904
Tenchu: Shadow Assassins,Wii,2008.0,Action,Ubisoft,0.15,0.01,0.03,0.01,0.21,70.0,35.0,7.8,24.0,M,0.11904761904761904
Power Rangers: Wild Force,GBA,2002.0,Action,THQ,0.15,0.05,0.0,0.0,0.21,55.0,4.0,6.9,8.0,E,0.11904761904761904
Beyblade G-Revolution,GBA,2004.0,Action,Atari,0.15,0.05,0.0,0.0,0.2,40.0,5.0,7.8,5.0,E,0.1130952380952381
Capcom Fighting Evolution,PS2,2004.0,Fighting,Capcom,0.1,0.08,0.0,0.03,0.2,57.0,33.0,4.8,5.0,T,0.1130952380952381
Anarchy Reigns,PS3,2012.0,Action,Sega,0.1,0.03,0.06,0.02,0.2,71.0,35.0,8.2,106.0,M,0.1130952380952381
Mobile Suit Gundam: Crossfire,PS3,2006.0,Simulation,Namco Bandai Games,0.06,0.0,0.14,0.01,0.2,33.0,31.0,5.1,47.0,T,0.1130952380952381
Suikoden Tactics,PS2,2005.0,Strategy,Konami Digital Entertainment,0.06,0.05,0.07,0.02,0.2,68.0,31.0,8.6,17.0,T,0.1130952380952381
NCAA March Madness 06,X,2005.0,Sports,Electronic Arts,0.15,0.04,0.0,0.01,0.2,76.0,21.0,7.2,5.0,E,0.1130952380952381
Sniper: Ghost Warrior 2,X360,2013.0,Shooter,City Interactive,0.06,0.12,0.0,0.02,0.2,52.0,33.0,5.7,110.0,M,0.1130952380952381
EVE Online,PC,2003.0,Role-Playing,CCP,0.0,0.19,0.0,0.01,0.2,69.0,22.0,7.4,282.0,T,0.1130952380952381
Phantasy Star Online,DC,2000.0,Role-Playing,Sega,0.0,0.0,0.2,0.0,0.2,89.0,21.0,9.1,33.0,T,0.1130952380952381
Crazy Taxi 3: High Roller,X,2002.0,Racing,Sega,0.14,0.04,0.02,0.01,0.2,69.0,33.0,8.5,13.0,T,0.1130952380952381
Midnight Club 3: DUB Edition Remix,X,2006.0,Racing,Take-Two Interactive,0.15,0.04,0.0,0.01,0.2,87.0,16.0,5.3,18.0,E10+,0.1130952380952381
"Warhammer 40,000: Space Marine",PC,2011.0,Shooter,THQ,0.09,0.09,0.0,0.03,0.2,74.0,34.0,7.4,598.0,M,0.1130952380952381
Dungeon Hunter Alliance,PSV,2012.0,Action,Ubisoft,0.08,0.09,0.0,0.03,0.2,49.0,34.0,6.4,61.0,T,0.1130952380952381
Thrillville,PSP,2006.0,Strategy,Atari,0.18,0.0,0.0,0.02,0.2,72.0,13.0,2.8,39.0,E10+,0.1130952380952381
The King of Fighters Collection: The Orochi Saga,PS2,2006.0,Fighting,Ignition Entertainment,0.1,0.08,0.0,0.03,0.2,67.0,14.0,8.5,4.0,T,0.1130952380952381
Disney's Planes,WiiU,2013.0,Simulation,Disney Interactive Studios,0.14,0.04,0.0,0.02,0.2,51.0,10.0,5.3,9.0,E,0.1130952380952381
MLB SlugFest 20-03,X,2002.0,Sports,Midway Games,0.15,0.04,0.0,0.01,0.2,79.0,9.0,7.8,5.0,E,0.1130952380952381
Pitfall: The Lost Expedition,PS2,2004.0,Platform,Activision,0.1,0.08,0.0,0.03,0.2,70.0,34.0,8.9,12.0,E,0.1130952380952381
Need for Speed Carbon: Own the City,DS,2006.0,Racing,Electronic Arts,0.17,0.01,0.0,0.02,0.2,70.0,6.0,7.5,15.0,E,0.1130952380952381
Zone of the Enders HD Collection,X360,2012.0,Simulation,Konami Digital Entertainment,0.14,0.03,0.01,0.02,0.2,75.0,21.0,8.8,20.0,M,0.1130952380952381
Enchanted Arms,PS3,2007.0,Role-Playing,Ubisoft,0.17,0.01,0.0,0.02,0.2,64.0,23.0,6.0,41.0,T,0.1130952380952381
Silent Hill: Book of Memories,PSV,2012.0,Action,Konami Digital Entertainment,0.11,0.05,0.0,0.04,0.2,58.0,57.0,5.1,103.0,M,0.1130952380952381
Le Mans 24 Hours,PS2,2001.0,Racing,Infogrames,0.09,0.07,0.02,0.02,0.2,75.0,19.0,7.6,9.0,E,0.1130952380952381
Senran Kagura: Estival Versus,PSV,2015.0,Action,Marvelous Interactive,0.05,0.03,0.09,0.03,0.2,71.0,4.0,7.4,34.0,M,0.1130952380952381
Dragon Ball Z: Harukanaru Densetsu,DS,2007.0,Role-Playing,Namco Bandai Games,0.19,0.0,0.0,0.02,0.2,57.0,16.0,6.4,11.0,E,0.1130952380952381
Corpse Party: Blood Drive,PSV,2014.0,Adventure,Marvelous Interactive,0.09,0.01,0.06,0.04,0.2,60.0,19.0,7.4,58.0,M,0.1130952380952381
Harvest Moon: More Friends of Mineral Town,GBA,2003.0,Simulation,Ubisoft,0.14,0.05,0.0,0.0,0.2,82.0,8.0,9.2,40.0,E,0.1130952380952381
Lego Star Wars: The Force Awakens,WiiU,2016.0,Action,Warner Bros. Interactive Entertainment,0.09,0.09,0.01,0.02,0.2,74.0,6.0,8.0,11.0,E10+,0.1130952380952381
Major League Baseball 2K11,PS3,2011.0,Sports,Take-Two Interactive,0.15,0.03,0.0,0.02,0.2,72.0,13.0,6.3,9.0,E,0.1130952380952381
X2: Wolverines Revenge,GBA,2003.0,Platform,Activision,0.14,0.05,0.0,0.0,0.2,72.0,8.0,7.2,5.0,E,0.1130952380952381
NBA 2K2,X,2002.0,Sports,Sega,0.15,0.04,0.0,0.01,0.2,90.0,17.0,7.6,5.0,E,0.1130952380952381
7th Dragon III Code: VFD,3DS,2015.0,Role-Playing,Sega,0.05,0.02,0.13,0.01,0.2,75.0,29.0,8.2,38.0,T,0.1130952380952381
Code of Princess,3DS,2012.0,Action,Agatsuma Entertainment,0.16,0.0,0.03,0.01,0.2,67.0,38.0,7.6,73.0,T,0.1130952380952381
Dark Messiah of Might and Magic Elements,X360,2008.0,Role-Playing,Ubisoft,0.16,0.02,0.01,0.02,0.2,52.0,27.0,7.0,48.0,M,0.1130952380952381
Planet 51,Wii,2009.0,Action,Sega,0.17,0.01,0.0,0.02,0.2,53.0,6.0,5.8,4.0,E,0.1130952380952381
Dead to Rights II,PS2,2005.0,Shooter,Electronic Arts,0.1,0.08,0.0,0.03,0.2,51.0,32.0,5.3,7.0,M,0.1130952380952381
Kung Fu Rider,PS3,2010.0,Action,Sony Computer Entertainment,0.06,0.09,0.01,0.03,0.2,36.0,45.0,3.7,21.0,E10+,0.1130952380952381
DarkStar One: Broken Alliance,X360,2010.0,Simulation,Kalypso Media,0.11,0.07,0.0,0.02,0.2,63.0,33.0,7.2,19.0,T,0.1130952380952381
Ty the Tasmanian Tiger 2: Bush Rescue,GC,2004.0,Platform,Electronic Arts,0.15,0.04,0.0,0.01,0.2,70.0,20.0,8.5,12.0,E,0.1130952380952381
Body and Brain Connection,X360,2010.0,Misc,Namco Bandai Games,0.1,0.08,0.0,0.02,0.2,57.0,33.0,4.8,4.0,E,0.1130952380952381
Dragon Ball: Revenge of King Piccolo,Wii,2009.0,Action,Namco Bandai Games,0.12,0.03,0.03,0.02,0.2,65.0,25.0,7.3,15.0,E10+,0.1130952380952381
Warriors Orochi,PSP,2008.0,Action,Tecmo Koei,0.02,0.0,0.18,0.0,0.2,62.0,13.0,6.6,10.0,T,0.1130952380952381
MVP Baseball 2003,X,2003.0,Sports,Electronic Arts,0.15,0.04,0.0,0.01,0.2,82.0,18.0,9.0,9.0,E,0.1130952380952381
Infinite Space,DS,2009.0,Role-Playing,Sega,0.06,0.05,0.07,0.01,0.2,75.0,46.0,9.0,61.0,T,0.1130952380952381
Monster Jam,X360,2007.0,Racing,Activision,0.18,0.0,0.0,0.02,0.2,43.0,9.0,6.4,5.0,E,0.1130952380952381
UFC Personal Trainer: The Ultimate Fitness System,PS3,2011.0,Sports,THQ,0.09,0.08,0.0,0.03,0.2,65.0,8.0,2.4,5.0,E,0.1130952380952381
Two Worlds II,PC,2011.0,Role-Playing,SouthPeak Games,0.09,0.09,0.0,0.02,0.2,76.0,31.0,6.5,316.0,M,0.1130952380952381
"The Chronicles of Narnia: The Lion, The Witch and The Wardrobe",X,2005.0,Action,Disney Interactive Studios,0.15,0.04,0.0,0.01,0.2,72.0,31.0,6.0,6.0,T,0.1130952380952381
NBA 07,PSP,2006.0,Sports,Sony Computer Entertainment,0.18,0.0,0.0,0.02,0.2,68.0,24.0,7.0,5.0,E,0.1130952380952381
Tekken 3D: Prime Edition,3DS,2012.0,Fighting,Nintendo,0.06,0.07,0.05,0.01,0.2,64.0,42.0,5.9,39.0,T,0.1130952380952381
IHRA Drag Racing 2004,X,2003.0,Racing,Bethesda Softworks,0.15,0.04,0.0,0.01,0.2,40.0,5.0,7.4,7.0,E,0.1130952380952381
Clive Barkers Jericho,PS3,2007.0,Shooter,Codemasters,0.17,0.01,0.0,0.02,0.2,60.0,34.0,7.1,52.0,M,0.1130952380952381
Marvel: Ultimate Alliance 2,DS,2009.0,Role-Playing,Activision,0.16,0.03,0.0,0.02,0.2,65.0,7.0,6.7,9.0,E10+,0.1130952380952381
Front Mission Evolved,X360,2010.0,Shooter,Square Enix,0.1,0.07,0.02,0.02,0.2,58.0,52.0,6.1,24.0,T,0.1130952380952381
Apache: Air Assault,PS3,2010.0,Simulation,Activision,0.11,0.06,0.0,0.03,0.2,66.0,17.0,6.1,12.0,T,0.1130952380952381
From Russia With Love,X,2005.0,Action,Electronic Arts,0.15,0.04,0.0,0.01,0.2,71.0,34.0,8.8,12.0,T,0.1130952380952381
Bound By Flame,PS4,2014.0,Role-Playing,Focus Home Interactive,0.08,0.09,0.0,0.03,0.2,53.0,40.0,5.9,231.0,M,0.1130952380952381
Grandia II,DC,2000.0,Role-Playing,Ubisoft,0.0,0.0,0.2,0.0,0.2,90.0,17.0,8.8,57.0,T,0.1130952380952381
Ridge Racer 6,X360,2005.0,Racing,Namco Bandai Games,0.1,0.02,0.07,0.01,0.2,74.0,65.0,7.1,28.0,E,0.1130952380952381
Teenage Mutant Ninja Turtles 3: Mutant Nightmare,PS2,2005.0,Action,Konami Digital Entertainment,0.1,0.08,0.0,0.03,0.2,53.0,20.0,7.0,10.0,E10+,0.1130952380952381
Record of Agarest War,X360,2008.0,Role-Playing,Compile Heart,0.18,0.0,0.01,0.01,0.2,71.0,7.0,7.0,35.0,T,0.1130952380952381
Earth Defense Force: Insect Armageddon,PS3,2011.0,Shooter,D3Publisher,0.06,0.04,0.08,0.02,0.2,63.0,28.0,7.0,24.0,T,0.1130952380952381
Gladius,PS2,2003.0,Strategy,Activision,0.1,0.08,0.0,0.03,0.2,78.0,27.0,8.0,22.0,T,0.1130952380952381
Dave Mirra Freestyle BMX 2,X,2001.0,Sports,Acclaim Entertainment,0.15,0.04,0.0,0.01,0.2,76.0,18.0,8.2,6.0,T,0.1130952380952381
SpongeBob SquarePants: Revenge of the Flying Dutchman,GC,2002.0,Platform,THQ,0.15,0.04,0.0,0.01,0.2,66.0,4.0,8.3,10.0,E,0.1130952380952381
XCOM 2,PS4,2016.0,Strategy,Take-Two Interactive,0.07,0.09,0.0,0.03,0.2,88.0,28.0,7.8,131.0,T,0.1130952380952381
Resident Evil: Revelations,WiiU,2013.0,Action,Capcom,0.08,0.07,0.03,0.01,0.2,80.0,19.0,7.5,149.0,M,0.1130952380952381
Taiko Drum Master,PS2,2004.0,Misc,Namco Bandai Games,0.1,0.08,0.0,0.03,0.2,77.0,35.0,8.1,8.0,E,0.1130952380952381
DanceMasters,X360,2010.0,Misc,Konami Digital Entertainment,0.15,0.02,0.02,0.01,0.2,63.0,30.0,6.4,8.0,E10+,0.1130952380952381
Soldier of Fortune: Payback,X360,2007.0,Shooter,Activision,0.18,0.0,0.0,0.02,0.2,50.0,35.0,5.6,20.0,M,0.1130952380952381
Forgotten Realms: Demon Stone,PS2,2004.0,Action,Atari,0.1,0.08,0.0,0.03,0.2,71.0,40.0,6.8,18.0,T,0.1130952380952381
Afro Samurai,PS3,2009.0,Action,Atari,0.12,0.05,0.0,0.03,0.2,65.0,52.0,6.1,27.0,M,0.1130952380952381
Dynasty Warriors 8: Empires,PS4,2014.0,Action,Tecmo Koei,0.07,0.07,0.03,0.03,0.2,63.0,30.0,7.3,45.0,T,0.1130952380952381
Playboy: The Mansion,PS2,2005.0,Simulation,Ubisoft,0.1,0.08,0.0,0.03,0.2,59.0,33.0,7.5,18.0,M,0.1130952380952381
Baja: Edge of Control,X360,2008.0,Racing,THQ,0.12,0.06,0.0,0.02,0.2,65.0,35.0,7.1,18.0,E,0.1130952380952381
Tiger Woods PGA Tour 06,PSP,2005.0,Sports,Electronic Arts,0.18,0.0,0.0,0.01,0.2,80.0,15.0,7.9,8.0,E,0.1130952380952381
Bleach: The 3rd Phantom,DS,2008.0,Role-Playing,Sega,0.1,0.02,0.07,0.01,0.2,59.0,28.0,8.0,10.0,T,0.1130952380952381
Untold Legends: Dark Kingdom,PS3,2006.0,Role-Playing,Electronic Arts,0.14,0.02,0.02,0.02,0.2,58.0,40.0,7.2,36.0,T,0.1130952380952381
MC Groovz Dance Craze,GC,2004.0,Misc,Mad Catz,0.15,0.04,0.0,0.01,0.2,42.0,8.0,6.8,9.0,E,0.1130952380952381
The Thing,X,2002.0,Adventure,Vivendi Games,0.15,0.04,0.0,0.01,0.2,78.0,21.0,6.6,14.0,M,0.1130952380952381
Plants vs. Zombies,PS3,2011.0,Strategy,PopCap Games,0.18,0.0,0.0,0.02,0.2,85.0,8.0,7.9,61.0,E10+,0.1130952380952381
Baldurs Gate: Dark Alliance,X,2002.0,Role-Playing,Virgin Interactive,0.15,0.04,0.0,0.01,0.2,83.0,25.0,8.3,26.0,T,0.1130952380952381
Prince of Persia: Warrior Within,GC,2004.0,Action,Ubisoft,0.15,0.04,0.0,0.01,0.2,83.0,31.0,8.6,21.0,M,0.1130952380952381
Arcana Heart 3,PS3,2011.0,Fighting,PQube,0.04,0.04,0.1,0.02,0.2,73.0,10.0,7.5,27.0,T,0.1130952380952381
Tom Clancys Splinter Cell: Blacklist,PC,2013.0,Action,Ubisoft,0.05,0.13,0.0,0.02,0.2,82.0,13.0,7.4,755.0,M,0.1130952380952381
ReCore,XOne,2016.0,Action,Microsoft Game Studios,0.12,0.05,0.01,0.02,0.2,63.0,75.0,6.6,457.0,T,0.1130952380952381
Warriors Orochi,X360,2007.0,Action,Tecmo Koei,0.17,0.01,0.0,0.02,0.2,53.0,27.0,7.4,13.0,T,0.1130952380952381
Armored Core 4,PS3,2006.0,Simulation,505 Games,0.09,0.0,0.09,0.01,0.2,65.0,36.0,6.8,25.0,T,0.1130952380952381
Predator: Concrete Jungle,PS2,2005.0,Action,Vivendi Games,0.1,0.07,0.0,0.03,0.2,47.0,14.0,8.8,76.0,M,0.1130952380952381
X-Men Origins: Wolverine,DS,2009.0,Action,Activision,0.15,0.03,0.0,0.02,0.2,55.0,8.0,8.1,8.0,E10+,0.1130952380952381
Big Mutha Truckers 2,PS2,2005.0,Racing,Xplosiv,0.1,0.07,0.0,0.03,0.2,51.0,26.0,2.1,9.0,M,0.1130952380952381
Solatorobo: Red the Hunter,DS,2010.0,Role-Playing,Nintendo,0.08,0.04,0.07,0.01,0.2,76.0,40.0,8.0,24.0,E10+,0.1130952380952381
Castlevania: Lords of Shadow 2,PS3,2014.0,Action,Konami Digital Entertainment,0.03,0.12,0.02,0.03,0.2,63.0,55.0,7.7,530.0,M,0.1130952380952381
NHL FaceOff 2001,PS2,2001.0,Sports,Sony Computer Entertainment,0.1,0.07,0.0,0.02,0.2,57.0,11.0,4.0,4.0,E,0.1130952380952381
Mana Khemia 2: Fall of Alchemy,PS2,2008.0,Role-Playing,Gust,0.07,0.05,0.05,0.02,0.2,70.0,12.0,8.2,17.0,T,0.1130952380952381
The Great Escape,PS2,2003.0,Action,SCi,0.1,0.07,0.0,0.02,0.2,57.0,19.0,8.0,21.0,T,0.1130952380952381
Sword Art Online: Hollow Realization,PSV,2016.0,Role-Playing,Namco Bandai Games,0.0,0.07,0.11,0.02,0.2,60.0,5.0,6.9,11.0,T,0.1130952380952381
Way of the Samurai 4,PS3,2011.0,Action,Nippon Ichi Software,0.0,0.03,0.16,0.01,0.2,58.0,25.0,6.5,15.0,M,0.1130952380952381
Big Mutha Truckers,X,2002.0,Racing,Empire Interactive,0.15,0.04,0.0,0.01,0.19,59.0,12.0,4.3,9.0,T,0.10714285714285714
The Hobbit,GBA,2003.0,Platform,Vivendi Games,0.14,0.05,0.0,0.0,0.19,67.0,6.0,9.2,17.0,E,0.10714285714285714
The King of Fighters XI,PS2,2006.0,Fighting,Ignition Entertainment,0.07,0.06,0.04,0.02,0.19,75.0,30.0,8.5,15.0,T,0.10714285714285714
Tom Clancys Splinter Cell: Essentials,PSP,2006.0,Shooter,Ubisoft,0.17,0.01,0.0,0.02,0.19,58.0,37.0,7.5,39.0,M,0.10714285714285714
Dead Space 3,PC,2013.0,Action,Electronic Arts,0.02,0.16,0.0,0.02,0.19,78.0,16.0,6.0,1104.0,M,0.10714285714285714
Family Guy,PSP,2006.0,Action,Take-Two Interactive,0.18,0.0,0.0,0.02,0.19,51.0,14.0,6.3,15.0,M,0.10714285714285714
Major League Baseball 2K12,PS3,2012.0,Sports,Take-Two Interactive,0.18,0.0,0.0,0.02,0.19,68.0,8.0,4.4,5.0,E,0.10714285714285714
Harry Potter and the Goblet of Fire,PSP,2005.0,Action,Electronic Arts,0.17,0.0,0.0,0.02,0.19,70.0,13.0,7.4,16.0,E10+,0.10714285714285714
Sniper Elite,PS2,2005.0,Shooter,Ubisoft,0.1,0.07,0.0,0.02,0.19,76.0,21.0,8.9,36.0,M,0.10714285714285714
Breath of Fire II,GBA,2001.0,Role-Playing,Ubisoft,0.14,0.05,0.0,0.0,0.19,81.0,16.0,8.6,17.0,E,0.10714285714285714
Test Drive Unlimited 2,PC,2011.0,Racing,Atari,0.05,0.11,0.0,0.03,0.19,72.0,19.0,5.7,255.0,T,0.10714285714285714
Conan,X360,2007.0,Action,THQ,0.16,0.02,0.0,0.01,0.19,69.0,49.0,7.3,67.0,M,0.10714285714285714
No More Heroes: Heroes Paradise,PS3,2010.0,Action,Konami Digital Entertainment,0.1,0.04,0.04,0.02,0.19,72.0,38.0,7.3,38.0,M,0.10714285714285714
Captain America: Super Soldier,PS3,2011.0,Action,Sega,0.1,0.06,0.0,0.03,0.19,61.0,34.0,7.3,40.0,T,0.10714285714285714
Aliens vs Predator,PC,2010.0,Shooter,Sega,0.0,0.17,0.0,0.02,0.19,68.0,35.0,7.4,986.0,M,0.10714285714285714
Manhunt,X,2004.0,Action,Take-Two Interactive,0.14,0.04,0.0,0.01,0.19,74.0,37.0,7.9,19.0,M,0.10714285714285714
NCAA Final Four 2003,PS2,2002.0,Sports,Sony Computer Entertainment,0.09,0.07,0.0,0.02,0.19,57.0,16.0,6.0,4.0,E,0.10714285714285714
Evolve,PC,2015.0,Shooter,Take-Two Interactive,0.08,0.1,0.0,0.02,0.19,77.0,39.0,4.3,972.0,M,0.10714285714285714
Dynasty Warriors: Gundam 2,X360,2008.0,Action,Namco Bandai Games,0.07,0.03,0.08,0.01,0.19,49.0,30.0,7.0,18.0,T,0.10714285714285714
Spectrobes: Origins,Wii,2009.0,Role-Playing,Disney Interactive Studios,0.16,0.02,0.0,0.01,0.19,71.0,22.0,8.4,16.0,E10+,0.10714285714285714
Breath of Fire: Dragon Quarter,PS2,2002.0,Role-Playing,Capcom,0.09,0.07,0.0,0.02,0.19,78.0,28.0,6.9,35.0,T,0.10714285714285714
Shiren the Wanderer,Wii,2008.0,Role-Playing,Sega,0.08,0.0,0.11,0.01,0.19,71.0,21.0,7.6,5.0,T,0.10714285714285714
Dantes Inferno,PSP,2010.0,Action,Electronic Arts,0.12,0.03,0.01,0.02,0.19,70.0,14.0,8.1,46.0,M,0.10714285714285714
Shaun White Skateboarding,PS3,2010.0,Sports,Ubisoft,0.12,0.05,0.0,0.03,0.19,61.0,26.0,6.5,8.0,T,0.10714285714285714
Spore Hero Arena,DS,2009.0,Simulation,Electronic Arts,0.18,0.0,0.0,0.01,0.19,49.0,11.0,2.6,8.0,E,0.10714285714285714
Disney's Magical Mirror Starring Mickey Mouse,GC,2002.0,Adventure,Nintendo,0.15,0.04,0.0,0.01,0.19,50.0,9.0,8.9,10.0,E,0.10714285714285714
Enchanted Arms,X360,2006.0,Role-Playing,Ubisoft,0.16,0.02,0.0,0.02,0.19,69.0,54.0,6.9,60.0,T,0.10714285714285714
Conflict: Denied Ops,X360,2008.0,Shooter,Eidos Interactive,0.08,0.09,0.0,0.02,0.19,52.0,35.0,4.9,22.0,M,0.10714285714285714
Mace Griffin: Bounty Hunter,PS2,2003.0,Shooter,Electronic Arts,0.09,0.07,0.0,0.02,0.19,62.0,19.0,8.3,7.0,M,0.10714285714285714
Legacy of Kain: Defiance,X,2003.0,Action,Eidos Interactive,0.14,0.04,0.0,0.01,0.19,74.0,30.0,7.9,21.0,M,0.10714285714285714
Final Fantasy XI,X360,2006.0,Role-Playing,Square Enix,0.17,0.01,0.0,0.01,0.19,66.0,25.0,6.5,33.0,T,0.10714285714285714
Fighter Within,XOne,2013.0,Fighting,Ubisoft,0.11,0.07,0.0,0.02,0.19,23.0,39.0,3.0,211.0,T,0.10714285714285714
Peter Jacksons King Kong: The Official Game of the Movie,PSP,2005.0,Action,Ubisoft,0.16,0.01,0.0,0.02,0.19,56.0,10.0,6.4,22.0,T,0.10714285714285714
Shrek: Forever After,PS3,2010.0,Platform,Activision,0.16,0.02,0.0,0.02,0.19,57.0,11.0,4.5,6.0,E10+,0.10714285714285714
Aliens versus Predator: Extinction,PS2,2003.0,Strategy,Electronic Arts,0.09,0.07,0.0,0.02,0.19,66.0,17.0,8.4,30.0,T,0.10714285714285714
Senran Kagura: Estival Versus,PS4,2015.0,Action,Marvelous Interactive,0.09,0.0,0.08,0.02,0.19,67.0,25.0,8.0,96.0,M,0.10714285714285714
X-Men Origins: Wolverine,PSP,2009.0,Action,Activision,0.13,0.03,0.0,0.03,0.19,60.0,6.0,7.5,12.0,T,0.10714285714285714
NHL Hitz Pro,PS2,2003.0,Sports,Midway Games,0.09,0.07,0.0,0.02,0.19,79.0,23.0,8.9,13.0,E,0.10714285714285714
Space Invaders Extreme 2,DS,2009.0,Shooter,Square Enix,0.17,0.01,0.0,0.01,0.19,82.0,38.0,7.1,8.0,E,0.10714285714285714
Need for Speed: The Run,3DS,2011.0,Action,Electronic Arts,0.09,0.09,0.0,0.02,0.19,65.0,9.0,6.0,26.0,E10+,0.10714285714285714
The Sims 4: City Living,PC,2016.0,Simulation,Electronic Arts,0.03,0.15,0.0,0.01,0.19,78.0,13.0,6.3,40.0,T,0.10714285714285714
Supreme Commander 2,PC,2010.0,Strategy,Square Enix,0.0,0.15,0.0,0.04,0.19,77.0,54.0,6.2,803.0,E10+,0.10714285714285714
Dawn of Discovery,Wii,2009.0,Simulation,Ubisoft,0.12,0.06,0.0,0.02,0.19,81.0,24.0,8.5,15.0,E10+,0.10714285714285714
Quantum Theory,PS3,2010.0,Shooter,Tecmo Koei,0.05,0.09,0.02,0.03,0.19,43.0,34.0,5.3,21.0,M,0.10714285714285714
Naruto: Ninja Destiny,DS,2006.0,Fighting,Namco Bandai Games,0.02,0.01,0.16,0.0,0.19,61.0,22.0,4.4,10.0,T,0.10714285714285714
The Lord of the Rings: War in the North,PC,2011.0,Action,Warner Bros. Interactive Entertainment,0.05,0.11,0.0,0.03,0.19,66.0,21.0,7.1,293.0,M,0.10714285714285714
Frequency,PS2,2001.0,Misc,Sony Computer Entertainment,0.09,0.07,0.0,0.02,0.19,83.0,26.0,9.0,29.0,E,0.10714285714285714
SpongeBob SquigglePants 3D,3DS,2011.0,Misc,THQ,0.13,0.05,0.0,0.02,0.19,64.0,8.0,5.8,9.0,E,0.10714285714285714
2002 FIFA World Cup,X,2002.0,Sports,Electronic Arts,0.14,0.04,0.0,0.01,0.19,79.0,17.0,9.0,4.0,E,0.10714285714285714
South Park: The Stick of Truth,PC,2014.0,Role-Playing,Ubisoft,0.07,0.1,0.0,0.01,0.19,85.0,48.0,8.6,1747.0,M,0.10714285714285714
Majin and the Forsaken Kingdom,X360,2010.0,Adventure,Namco Bandai Games,0.14,0.03,0.0,0.01,0.19,74.0,46.0,8.1,24.0,T,0.10714285714285714
Sudeki,X,2004.0,Role-Playing,Microsoft Game Studios,0.14,0.04,0.0,0.01,0.19,72.0,75.0,8.4,49.0,M,0.10714285714285714
Silent Hill HD Collection,X360,2012.0,Action,Konami Digital Entertainment,0.11,0.06,0.01,0.02,0.19,69.0,17.0,5.6,99.0,M,0.10714285714285714
Arc Rise Fantasia,Wii,2009.0,Role-Playing,Marvelous Interactive,0.12,0.0,0.06,0.01,0.19,64.0,26.0,7.8,43.0,T,0.10714285714285714
Teenage Mutant Ninja Turtles 2: Battle Nexus,GC,2004.0,Action,Konami Digital Entertainment,0.15,0.04,0.0,0.01,0.19,49.0,16.0,4.6,7.0,T,0.10714285714285714
Atelier Shallie: Alchemists of the Dusk Sea,PS3,2014.0,Role-Playing,Tecmo Koei,0.06,0.03,0.08,0.02,0.19,76.0,26.0,7.8,45.0,E10+,0.10714285714285714
MLB 12: The Show,PSV,2012.0,Sports,Sony Computer Entertainment,0.17,0.0,0.0,0.02,0.19,76.0,15.0,7.8,42.0,E,0.10714285714285714
WWE All Stars,Wii,2011.0,Fighting,THQ,0.1,0.07,0.0,0.02,0.19,68.0,11.0,7.0,8.0,T,0.10714285714285714
Spider-Man: Shattered Dimensions,DS,2010.0,Action,Activision,0.17,0.01,0.0,0.01,0.19,73.0,13.0,7.0,6.0,E10+,0.10714285714285714
NBA 2K11,PC,2010.0,Action,Take-Two Interactive,0.18,0.0,0.0,0.01,0.19,82.0,6.0,8.6,37.0,E,0.10714285714285714
FaceBreaker,X360,2008.0,Fighting,Electronic Arts,0.15,0.02,0.0,0.02,0.19,54.0,57.0,6.3,19.0,T,0.10714285714285714
Injustice: Gods Among Us,WiiU,2013.0,Fighting,Warner Bros. Interactive Entertainment,0.09,0.08,0.0,0.02,0.19,82.0,5.0,8.0,113.0,T,0.10714285714285714
Tomb Raider: Underworld,DS,2008.0,Action,Eidos Interactive,0.15,0.02,0.0,0.01,0.19,70.0,9.0,8.4,10.0,T,0.10714285714285714
Lunar Legend,GBA,2002.0,Role-Playing,Media Rings,0.14,0.05,0.0,0.0,0.19,79.0,20.0,7.8,8.0,E,0.10714285714285714
Conflict: Global Terror,PS2,2005.0,Shooter,Eidos Interactive,0.09,0.07,0.0,0.02,0.19,62.0,15.0,8.5,10.0,M,0.10714285714285714
Death Jr.,PSP,2005.0,Platform,Konami Digital Entertainment,0.17,0.0,0.0,0.01,0.19,61.0,40.0,7.3,21.0,T,0.10714285714285714
Hulk,GC,2003.0,Action,Universal Interactive,0.15,0.04,0.0,0.01,0.19,71.0,26.0,7.4,7.0,T,0.10714285714285714
Gungrave,PS2,2002.0,Shooter,Activision,0.09,0.07,0.0,0.02,0.19,65.0,28.0,8.6,16.0,M,0.10714285714285714
Phantasy Star Universe,PS2,2006.0,Role-Playing,Sega,0.0,0.0,0.19,0.0,0.19,68.0,18.0,8.5,23.0,T,0.10714285714285714
Transworld Surf,PS2,2002.0,Sports,Atari,0.09,0.07,0.0,0.02,0.19,76.0,15.0,8.5,6.0,T,0.10714285714285714
Metro: Last Light,PC,2013.0,Action,Deep Silver,0.06,0.11,0.0,0.02,0.19,82.0,71.0,8.6,2664.0,M,0.10714285714285714
50 Cent: Blood on the Sand,PS3,2009.0,Shooter,THQ,0.1,0.06,0.01,0.03,0.19,72.0,37.0,7.1,58.0,M,0.10714285714285714
Tenchu: Fatal Shadows,PS2,2004.0,Action,Sega,0.09,0.07,0.0,0.02,0.19,58.0,33.0,8.0,24.0,M,0.10714285714285714
Driver: San Francisco,PC,2011.0,Racing,Ubisoft,0.06,0.1,0.0,0.03,0.19,80.0,11.0,7.0,336.0,T,0.10714285714285714
The Legend of Spyro: A New Beginning,GC,2006.0,Platform,Vivendi Games,0.15,0.04,0.0,0.01,0.19,67.0,13.0,7.3,11.0,E10+,0.10714285714285714
Armored Core: For Answer,PS3,2008.0,Simulation,Ubisoft,0.06,0.02,0.1,0.01,0.19,62.0,22.0,7.6,31.0,T,0.10714285714285714
Harry Potter and the Prisoner of Azkaban,X,2004.0,Action,Electronic Arts,0.14,0.04,0.0,0.01,0.19,67.0,23.0,8.8,10.0,E,0.10714285714285714
Street Fighter X Tekken,PSV,2012.0,Fighting,Capcom,0.1,0.04,0.01,0.03,0.19,79.0,25.0,7.5,66.0,T,0.10714285714285714
NBA Ballers: Chosen One,X360,2008.0,Sports,Midway Games,0.17,0.0,0.0,0.01,0.19,55.0,42.0,4.2,15.0,E,0.10714285714285714
Rise of the Kasai,PS2,2005.0,Action,Sony Computer Entertainment,0.09,0.07,0.0,0.02,0.19,68.0,37.0,8.0,5.0,M,0.10714285714285714
Risen,X360,2009.0,Role-Playing,Deep Silver,0.07,0.11,0.0,0.01,0.19,60.0,37.0,6.4,77.0,M,0.10714285714285714
Nostalgia,DS,2008.0,Role-Playing,Tecmo Koei,0.16,0.0,0.02,0.01,0.19,72.0,36.0,7.6,20.0,E10+,0.10714285714285714
Dynasty Warriors Gundam,X360,2007.0,Action,Namco Bandai Games,0.15,0.01,0.02,0.01,0.19,55.0,34.0,6.8,20.0,T,0.10714285714285714
Chibi-Robo! Park Patrol,DS,2007.0,Adventure,Nintendo,0.0,0.0,0.19,0.0,0.19,78.0,14.0,7.5,13.0,E,0.10714285714285714
One Piece: Unlimited Adventure,Wii,2007.0,Adventure,Namco Bandai Games,0.07,0.0,0.11,0.01,0.19,67.0,17.0,8.5,32.0,T,0.10714285714285714
Conflict: Denied Ops,PS3,2008.0,Shooter,Eidos Interactive,0.05,0.1,0.0,0.03,0.19,51.0,28.0,3.1,25.0,M,0.10714285714285714
Binary Domain,X360,2012.0,Action,Sega,0.09,0.06,0.02,0.02,0.19,74.0,43.0,8.1,186.0,M,0.10714285714285714
Ice Age: Dawn of the Dinosaurs,PS3,2009.0,Action,Activision,0.13,0.03,0.0,0.02,0.19,67.0,23.0,7.3,7.0,E10+,0.10714285714285714
Fairy Fencer F,PS3,2013.0,Role-Playing,Nippon Ichi Software,0.05,0.03,0.09,0.02,0.19,65.0,31.0,7.4,50.0,T,0.10714285714285714
Robin Hood: Defender of the Crown,PS2,2003.0,Strategy,Capcom,0.09,0.07,0.0,0.02,0.19,59.0,18.0,5.6,5.0,T,0.10714285714285714
R-Type Final,PS2,2003.0,Shooter,Metro 3D,0.09,0.07,0.0,0.02,0.19,79.0,50.0,9.1,21.0,E,0.10714285714285714
F1 2011,PC,2011.0,Racing,Codemasters,0.0,0.15,0.0,0.04,0.19,83.0,10.0,7.2,84.0,E,0.10714285714285714
Bolt,PS3,2008.0,Adventure,Disney Interactive Studios,0.12,0.04,0.0,0.02,0.19,59.0,11.0,6.8,6.0,E10+,0.10714285714285714
Sega GT 2002,X,2002.0,Racing,Sega,0.12,0.03,0.03,0.01,0.19,82.0,24.0,8.2,24.0,E,0.10714285714285714
Ty the Tasmanian Tiger 3: Night of the Quinkan,PS2,2005.0,Action,Activision,0.09,0.07,0.0,0.02,0.19,68.0,13.0,8.1,15.0,E10+,0.10714285714285714
Saints Row IV,PC,2013.0,Action,Deep Silver,0.11,0.06,0.0,0.02,0.19,86.0,45.0,7.4,1552.0,M,0.10714285714285714
Samurai Warriors 2: Empires,PS2,2006.0,Action,Tecmo Koei,0.0,0.0,0.19,0.0,0.19,55.0,20.0,7.3,7.0,T,0.10714285714285714
Earth Defense Force: Insect Armageddon,X360,2011.0,Shooter,D3Publisher,0.1,0.04,0.03,0.01,0.19,68.0,40.0,8.2,45.0,T,0.10714285714285714
Blood Omen 2,X,2002.0,Action,Eidos Interactive,0.14,0.04,0.0,0.01,0.19,76.0,22.0,9.0,9.0,M,0.10714285714285714
Major League Baseball 2K10,PS3,2010.0,Sports,Take-Two Interactive,0.17,0.0,0.0,0.01,0.19,74.0,19.0,5.3,4.0,E,0.10714285714285714
Harry Potter: Quidditch World Cup,X,2003.0,Sports,Electronic Arts,0.14,0.04,0.0,0.01,0.19,69.0,14.0,7.5,4.0,E,0.10714285714285714
Dance Central: Spotlight,XOne,2014.0,Misc,Microsoft Game Studios,0.15,0.03,0.0,0.0,0.19,74.0,19.0,7.0,47.0,T,0.10714285714285714
Warriors: Legends of Troy,PS3,2011.0,Action,Tecmo Koei,0.06,0.04,0.07,0.02,0.19,44.0,22.0,7.0,24.0,M,0.10714285714285714
Arcania: Gothic 4,PC,2010.0,Role-Playing,JoWood Productions,0.09,0.08,0.0,0.02,0.19,63.0,25.0,4.4,309.0,T,0.10714285714285714
La Pucelle: Tactics,PS2,2002.0,Role-Playing,Tecmo Koei,0.09,0.07,0.0,0.02,0.19,79.0,47.0,8.5,15.0,T,0.10714285714285714
Disney's Meet the Robinsons,Wii,2007.0,Action,Disney Interactive Studios,0.17,0.0,0.0,0.01,0.19,62.0,11.0,6.3,4.0,E10+,0.10714285714285714
Tiger Woods PGA Tour 07,X,2006.0,Sports,Electronic Arts,0.13,0.05,0.0,0.01,0.19,81.0,21.0,6.8,6.0,E,0.10714285714285714
SBK X: Superbike World Championship,X360,2010.0,Racing,Black Bean Games,0.1,0.07,0.0,0.02,0.19,74.0,13.0,8.3,8.0,E10+,0.10714285714285714
Rango: The Video Game,PS3,2011.0,Action,Electronic Arts,0.07,0.09,0.0,0.03,0.19,65.0,23.0,6.4,7.0,E10+,0.10714285714285714
Shadows of the Damned,X360,2011.0,Action,Electronic Arts,0.1,0.06,0.01,0.02,0.19,76.0,76.0,8.4,139.0,M,0.10714285714285714
EverQuest Online Adventures: Frontiers,PS2,2003.0,Role-Playing,Sony Online Entertainment,0.09,0.07,0.0,0.02,0.19,77.0,16.0,8.5,17.0,T,0.10714285714285714
Phantasy Star Online Ver. 2,DC,2001.0,Role-Playing,Sega,0.0,0.0,0.19,0.0,0.19,80.0,10.0,8.9,18.0,T,0.10714285714285714
Fight Clu,PS2,2004.0,Fighting,Vivendi Games,0.09,0.07,0.0,0.02,0.18,36.0,28.0,4.4,22.0,M,0.10119047619047619
Samurai Warriors: State of War,PSP,2005.0,Action,Tecmo Koei,0.07,0.0,0.11,0.01,0.18,64.0,30.0,6.4,8.0,T,0.10119047619047619
MotoGP 14 ,PS4,2014.0,Racing,Milestone S.r.l.,0.05,0.11,0.0,0.03,0.18,73.0,28.0,6.4,26.0,E,0.10119047619047619
Dragon Blade: Wrath of Fire,Wii,2007.0,Action,D3Publisher,0.17,0.0,0.0,0.01,0.18,51.0,19.0,7.5,17.0,T,0.10119047619047619
The Munchables,Wii,2009.0,Action,Namco Bandai Games,0.17,0.0,0.0,0.01,0.18,71.0,33.0,8.2,5.0,E,0.10119047619047619
Close Combat: First to Fight,X,2005.0,Shooter,Take-Two Interactive,0.14,0.04,0.0,0.01,0.18,69.0,46.0,7.8,10.0,T,0.10119047619047619
Indiana Jones and the Emperors Tom,X,2003.0,Action,LucasArts,0.14,0.04,0.0,0.01,0.18,73.0,43.0,8.6,17.0,T,0.10119047619047619
Buffy the Vampire Slayer: Chaos Bleeds,PS2,2003.0,Action,Vivendi Games,0.09,0.07,0.0,0.02,0.18,72.0,27.0,8.9,47.0,T,0.10119047619047619
Ty the Tasmanian Tiger,X,2002.0,Platform,Electronic Arts,0.14,0.04,0.0,0.01,0.18,68.0,13.0,8.5,11.0,E,0.10119047619047619
Heavy Fire: Afghanistan,PS3,2011.0,Shooter,Mastiff,0.17,0.0,0.0,0.02,0.18,39.0,5.0,3.3,16.0,T,0.10119047619047619
Siren,PS2,2003.0,Adventure,Sony Computer Entertainment,0.09,0.07,0.0,0.02,0.18,72.0,48.0,7.6,42.0,M,0.10119047619047619
NARC,X,2005.0,Shooter,Midway Games,0.14,0.04,0.0,0.01,0.18,51.0,27.0,2.8,6.0,M,0.10119047619047619
Shape Up,XOne,2014.0,Misc,Ubisoft,0.08,0.09,0.0,0.01,0.18,58.0,6.0,8.0,29.0,E,0.10119047619047619
Remember Me,X360,2013.0,Action,Capcom,0.11,0.06,0.0,0.02,0.18,70.0,42.0,7.5,268.0,M,0.10119047619047619
Star Trek: Legacy,X360,2006.0,Simulation,Ubisoft,0.14,0.02,0.0,0.01,0.18,64.0,41.0,5.5,42.0,E10+,0.10119047619047619
Disgaea DS,DS,2008.0,Role-Playing,Square Enix,0.11,0.01,0.05,0.01,0.18,82.0,32.0,7.5,35.0,T,0.10119047619047619
Amplitude,PS2,2003.0,Misc,Sony Computer Entertainment,0.09,0.07,0.0,0.02,0.18,86.0,35.0,8.8,26.0,T,0.10119047619047619
Gauntlet: Seven Sorrows,X,2005.0,Role-Playing,Midway Games,0.14,0.04,0.0,0.01,0.18,61.0,36.0,7.8,4.0,T,0.10119047619047619
AirForce Delta Storm,X,2001.0,Shooter,Konami Digital Entertainment,0.14,0.04,0.0,0.01,0.18,61.0,21.0,7.1,7.0,E,0.10119047619047619
NBA Live 16,PS4,2015.0,Sports,Electronic Arts,0.11,0.04,0.0,0.03,0.18,59.0,27.0,6.1,71.0,E,0.10119047619047619
Fear Effect 2: Retro Helix,PS,2001.0,Action,Eidos Interactive,0.1,0.07,0.0,0.01,0.18,84.0,15.0,8.9,17.0,M,0.10119047619047619
Call of Duty: World at War,PC,2008.0,Shooter,Activision,0.02,0.14,0.0,0.03,0.18,83.0,36.0,7.5,726.0,M,0.10119047619047619
CSI: Fatal Conspiracy,PS3,2010.0,Adventure,Ubisoft,0.11,0.05,0.0,0.02,0.18,39.0,5.0,5.6,13.0,M,0.10119047619047619
Vietcong: Purple Haze,PS2,2004.0,Shooter,Gathering of Developers,0.09,0.07,0.0,0.02,0.18,48.0,11.0,4.3,6.0,M,0.10119047619047619
Syndicate,X360,2012.0,Shooter,Electronic Arts,0.1,0.06,0.0,0.02,0.18,74.0,65.0,7.1,174.0,M,0.10119047619047619
Ghostbusters: The Video Game,PSP,2009.0,Action,Atari,0.16,0.01,0.0,0.02,0.18,54.0,13.0,4.7,13.0,E10+,0.10119047619047619
Zumba Fitness Rush,X360,2012.0,Sports,505 Games,0.0,0.16,0.0,0.02,0.18,73.0,7.0,6.2,5.0,E10+,0.10119047619047619
Call of Juarez,X360,2007.0,Shooter,Ubisoft,0.14,0.02,0.0,0.01,0.18,71.0,37.0,6.9,46.0,M,0.10119047619047619
MotoGP,Wii,2009.0,Racing,Capcom,0.05,0.11,0.0,0.02,0.18,44.0,10.0,5.4,11.0,E,0.10119047619047619
Bloody Roar: Primal Fury,GC,2002.0,Fighting,Activision,0.14,0.04,0.0,0.0,0.18,75.0,27.0,8.5,20.0,T,0.10119047619047619
Mushroom Men: The Spore Wars,Wii,2008.0,Action,SouthPeak Games,0.16,0.01,0.0,0.01,0.18,72.0,37.0,8.7,33.0,E10+,0.10119047619047619
Dead or Alive Paradise,PSP,2010.0,Misc,Ubisoft Annecy,0.07,0.02,0.07,0.02,0.18,38.0,34.0,5.6,37.0,M,0.10119047619047619
LEGO Harry Potter: Years 5-7,PSV,2012.0,Action,Warner Bros. Interactive Entertainment,0.07,0.07,0.0,0.03,0.18,64.0,19.0,6.8,21.0,E10+,0.10119047619047619
The Last Airbender,DS,2010.0,Action,THQ,0.13,0.04,0.0,0.01,0.18,69.0,6.0,7.0,4.0,E10+,0.10119047619047619
Alone in the Dark,Wii,2008.0,Adventure,Atari,0.09,0.08,0.0,0.02,0.18,39.0,10.0,4.4,34.0,M,0.10119047619047619
Backbreaker,X360,2009.0,Sports,NaturalMotion,0.17,0.0,0.0,0.01,0.18,54.0,29.0,7.6,68.0,E,0.10119047619047619
Six Flags Fun Park,DS,2008.0,Misc,Brash Entertainment,0.17,0.0,0.0,0.01,0.18,34.0,4.0,7.0,4.0,E,0.10119047619047619
Valhalla Knights 3,PSV,2013.0,Role-Playing,Xseed Games,0.04,0.01,0.12,0.01,0.18,48.0,19.0,6.8,56.0,M,0.10119047619047619
Test Drive Off-Road Wide Open,X,2001.0,Racing,Infogrames,0.15,0.03,0.0,0.01,0.18,64.0,21.0,8.3,9.0,E,0.10119047619047619
Dishonored 2,PC,2016.0,Action,Bethesda Softworks,0.05,0.12,0.0,0.01,0.18,86.0,39.0,6.2,421.0,M,0.10119047619047619
WWE All Stars,PSP,2011.0,Fighting,THQ,0.12,0.04,0.0,0.03,0.18,70.0,4.0,6.6,5.0,T,0.10119047619047619
Bad Boys: Miami Takedown,X,2004.0,Shooter,Empire Interactive,0.14,0.04,0.0,0.01,0.18,35.0,20.0,5.9,9.0,M,0.10119047619047619
Mega Man X: Command Mission,PS2,2004.0,Role-Playing,Capcom,0.09,0.07,0.0,0.02,0.18,69.0,27.0,7.1,18.0,E,0.10119047619047619
Tokyo Xtreme Racer DRIFT,PS2,2003.0,Racing,Genki,0.09,0.07,0.0,0.02,0.18,59.0,13.0,8.6,15.0,E,0.10119047619047619
"The Chronicles of Narnia: The Lion, The Witch and The Wardrobe",DS,2005.0,Action,Disney Interactive Studios,0.15,0.01,0.0,0.01,0.18,65.0,20.0,7.5,4.0,E10+,0.10119047619047619
GRID Autosport,PS3,2014.0,Racing,Codemasters,0.05,0.09,0.01,0.03,0.18,75.0,35.0,6.8,62.0,E,0.10119047619047619
Cabelas Big Game Hunter 2005 Adventures,X,2004.0,Sports,Activision,0.13,0.04,0.0,0.01,0.18,65.0,5.0,8.3,6.0,T,0.10119047619047619
Half-Minute Hero,PSP,2009.0,Role-Playing,Rising Star Games,0.08,0.01,0.07,0.01,0.18,84.0,41.0,7.8,38.0,E10+,0.10119047619047619
The Chronicles of Narnia: Prince Caspian,X360,2008.0,Action,Disney Interactive Studios,0.16,0.01,0.0,0.01,0.18,56.0,24.0,7.5,13.0,T,0.10119047619047619
Gauntlet: Dark Legacy,GC,2002.0,Action,Midway Games,0.14,0.04,0.0,0.0,0.18,60.0,20.0,9.2,17.0,T,0.10119047619047619
Shadow The Hedgehog,X,2005.0,Platform,Sega,0.13,0.04,0.0,0.01,0.18,49.0,24.0,5.4,37.0,E10+,0.10119047619047619
Dark Souls II,PC,2014.0,Role-Playing,Namco Bandai Games,0.08,0.08,0.0,0.01,0.18,91.0,36.0,7.1,2328.0,T,0.10119047619047619
Mirrors Edge Catalyst,XOne,2016.0,Platform,Electronic Arts,0.1,0.06,0.0,0.02,0.18,72.0,46.0,4.4,271.0,T,0.10119047619047619
Grand Slam Tennis 2,X360,2012.0,Sports,Electronic Arts,0.1,0.06,0.0,0.02,0.18,71.0,45.0,5.1,14.0,E,0.10119047619047619
Pure Futbol,X360,2010.0,Sports,Ubisoft,0.08,0.08,0.0,0.02,0.18,38.0,20.0,7.9,29.0,E,0.10119047619047619
World of Outlaws: Sprint Cars,X360,2010.0,Racing,THQ,0.17,0.0,0.0,0.01,0.18,57.0,4.0,8.1,10.0,E,0.10119047619047619
Van Helsing,X,2007.0,Action,Activision,0.13,0.04,0.0,0.01,0.18,63.0,32.0,7.6,8.0,T,0.10119047619047619
Ben 10 Ultimate Alien: Cosmic Destruction,X360,2010.0,Platform,D3Publisher,0.1,0.06,0.0,0.02,0.18,51.0,5.0,5.3,4.0,E10+,0.10119047619047619
Spider-Man: Friend or Foe,PSP,2007.0,Action,Activision,0.16,0.0,0.0,0.01,0.18,58.0,7.0,4.4,9.0,E10+,0.10119047619047619
Gun,GC,2005.0,Shooter,Activision,0.14,0.04,0.0,0.0,0.18,77.0,27.0,8.6,8.0,M,0.10119047619047619
SoulCalibur Legends,Wii,2007.0,Action,Namco Bandai Games,0.16,0.01,0.0,0.01,0.18,52.0,35.0,5.7,24.0,T,0.10119047619047619
Toukiden Kiwami,PS4,2015.0,Action,Tecmo Koei,0.06,0.07,0.02,0.03,0.18,74.0,35.0,7.6,74.0,T,0.10119047619047619
Aliens: Colonial Marines,PC,2013.0,Shooter,Sega,0.1,0.06,0.0,0.02,0.18,45.0,40.0,3.5,1159.0,M,0.10119047619047619
FIFA Soccer 11,PC,2010.0,Sports,Electronic Arts,0.0,0.14,0.0,0.04,0.18,83.0,16.0,7.7,102.0,E,0.10119047619047619
Tiger Woods PGA Tour 2004,GBA,2003.0,Sports,Electronic Arts,0.13,0.05,0.0,0.0,0.18,75.0,5.0,7.5,4.0,E,0.10119047619047619
Borderlands,PC,2009.0,Shooter,Take-Two Interactive,0.01,0.14,0.0,0.03,0.18,81.0,37.0,7.8,1369.0,M,0.10119047619047619
de Blob 2,Wii,2011.0,Platform,THQ,0.11,0.06,0.0,0.02,0.18,79.0,20.0,8.1,26.0,E10+,0.10119047619047619
Silent Hill 4: The Room,X,2004.0,Action,Konami Digital Entertainment,0.14,0.04,0.0,0.01,0.18,76.0,43.0,8.3,26.0,M,0.10119047619047619
Commandos 2: Men of Courage,PS2,2002.0,Strategy,Eidos Interactive,0.09,0.07,0.0,0.02,0.18,67.0,19.0,6.8,11.0,T,0.10119047619047619
Brink,PC,2011.0,Shooter,Bethesda Softworks,0.06,0.09,0.0,0.03,0.18,70.0,38.0,6.0,548.0,T,0.10119047619047619
FIFA Soccer 2002,GC,2001.0,Sports,Electronic Arts,0.14,0.04,0.0,0.0,0.18,81.0,13.0,8.0,9.0,E,0.10119047619047619
Disney's Tarzan Untamed,GC,2001.0,Platform,Ubisoft,0.14,0.04,0.0,0.0,0.18,61.0,11.0,7.4,8.0,E,0.10119047619047619
Trinity Universe,PS3,2009.0,Role-Playing,Nippon Ichi Software,0.07,0.05,0.03,0.02,0.18,62.0,25.0,7.2,28.0,T,0.10119047619047619
PlayStation Move Heroes,PS3,2011.0,Platform,Sony Computer Entertainment,0.09,0.06,0.0,0.03,0.18,53.0,39.0,6.1,16.0,E10+,0.10119047619047619
Ball Breakers,PS,2000.0,Action,Take-Two Interactive,0.1,0.07,0.0,0.01,0.18,68.0,10.0,5.3,4.0,E,0.10119047619047619
Splatterhouse,X360,2010.0,Action,Namco Bandai Games,0.14,0.03,0.0,0.01,0.18,62.0,51.0,7.6,60.0,M,0.10119047619047619
EyeToy: Groove,PS2,2003.0,Misc,Sony Computer Entertainment,0.09,0.07,0.0,0.02,0.18,73.0,34.0,8.0,5.0,E,0.10119047619047619
You Dont Know Jack,PS3,2011.0,Misc,THQ,0.16,0.0,0.0,0.01,0.18,82.0,11.0,7.3,18.0,T,0.10119047619047619
Twisted Metal: Small Brawl,PS,2001.0,Action,Sony Computer Entertainment,0.1,0.07,0.0,0.01,0.18,51.0,14.0,7.6,49.0,T,0.10119047619047619
Otomedius Excellent,X360,2011.0,Shooter,Konami Digital Entertainment,0.13,0.0,0.04,0.01,0.18,48.0,8.0,8.1,16.0,T,0.10119047619047619
Charlie and the Chocolate Factory,GC,2005.0,Adventure,Global Star,0.14,0.04,0.0,0.0,0.18,39.0,16.0,3.2,6.0,E,0.10119047619047619
Armored Core: Last Raven,PS2,2005.0,Simulation,505 Games,0.05,0.04,0.08,0.01,0.18,59.0,16.0,8.9,15.0,T,0.10119047619047619
Burnout Legends,DS,2005.0,Racing,Electronic Arts,0.15,0.02,0.0,0.01,0.18,38.0,12.0,6.0,59.0,E,0.10119047619047619
College Hoops 2K7,PS3,2007.0,Sports,Take-Two Interactive,0.16,0.0,0.0,0.01,0.18,81.0,9.0,7.1,8.0,E,0.10119047619047619
DiRT Showdown,PS3,2012.0,Racing,Codemasters,0.02,0.12,0.0,0.03,0.18,75.0,27.0,6.3,43.0,E10+,0.10119047619047619
K-1 World Grand Prix,PS2,2002.0,Sports,Konami Digital Entertainment,0.04,0.03,0.1,0.01,0.18,67.0,24.0,9.0,7.0,T,0.10119047619047619
Juiced,X,2005.0,Racing,THQ,0.13,0.04,0.0,0.01,0.18,68.0,39.0,9.1,15.0,T,0.10119047619047619
Naruto Shippuden: Dragon Blade Chronicles,Wii,2009.0,Action,505 Games,0.11,0.01,0.05,0.01,0.18,38.0,14.0,3.0,12.0,E10+,0.10119047619047619
The King of Fighters XIV,PS4,2016.0,Fighting,Deep Silver,0.09,0.02,0.05,0.02,0.18,79.0,54.0,8.5,212.0,T,0.10119047619047619
Bladestorm: Nightmare,PS4,2015.0,Action,Tecmo Koei,0.08,0.04,0.03,0.03,0.18,58.0,33.0,6.5,21.0,T,0.10119047619047619
Sonic Riders: Zero Gravity,PS2,2008.0,Racing,Sega,0.09,0.07,0.0,0.02,0.18,56.0,16.0,8.4,28.0,E,0.10119047619047619
UFC: Sudden Impact,PS2,2004.0,Fighting,Global Star,0.09,0.07,0.0,0.02,0.18,54.0,29.0,7.7,7.0,T,0.10119047619047619
Full Auto 2: Battlelines,PS3,2006.0,Racing,Sega,0.14,0.02,0.0,0.02,0.18,67.0,43.0,7.6,25.0,T,0.10119047619047619
College Hoops 2K8,X360,2007.0,Sports,Take-Two Interactive,0.16,0.0,0.0,0.01,0.18,81.0,21.0,6.9,16.0,E,0.10119047619047619
How to Train Your Dragon,PS3,2010.0,Action,Activision,0.12,0.03,0.0,0.02,0.18,51.0,18.0,7.0,6.0,E10+,0.10119047619047619
Dynasty Warriors: Gundam 3,X360,2010.0,Action,Tecmo Koei,0.11,0.03,0.02,0.01,0.18,65.0,27.0,7.8,20.0,T,0.10119047619047619
NHL 2004,X,2003.0,Sports,Electronic Arts,0.13,0.04,0.0,0.01,0.18,85.0,21.0,6.5,31.0,E,0.10119047619047619
MindJack,PS3,2011.0,Shooter,Square Enix,0.07,0.07,0.0,0.03,0.18,44.0,31.0,1.7,47.0,M,0.10119047619047619
Velvet Assassin,X360,2009.0,Shooter,DTP Entertainment,0.14,0.02,0.01,0.01,0.18,56.0,46.0,6.9,56.0,M,0.10119047619047619
WWE SmackDown vs. Raw 2009,DS,2008.0,Fighting,THQ,0.14,0.02,0.0,0.01,0.18,58.0,15.0,7.8,6.0,T,0.10119047619047619
NBA Starting Five,PS2,2002.0,Sports,Konami Digital Entertainment,0.09,0.07,0.0,0.02,0.18,53.0,10.0,7.3,7.0,E,0.10119047619047619
Project Spark,XOne,2014.0,Misc,Microsoft Game Studios,0.11,0.05,0.0,0.02,0.17,73.0,26.0,7.0,153.0,E10+,0.09523809523809525
The Suffering: Ties That Bind,PS2,2005.0,Action,Midway Games,0.09,0.07,0.0,0.02,0.17,75.0,37.0,8.0,23.0,M,0.09523809523809525
EyeToy: Kinetic,PS2,2005.0,Sports,Sony Computer Entertainment,0.09,0.07,0.0,0.02,0.17,78.0,32.0,8.3,11.0,E,0.09523809523809525
Army Men: Sarges Heroes 2,PS2,2001.0,Shooter,Midas Interactive Entertainment,0.09,0.07,0.0,0.02,0.17,54.0,15.0,4.6,5.0,T,0.09523809523809525
The Legend of Heroes: Trails of Cold Steel II,PS3,2014.0,Role-Playing,Nippon Ichi Software,0.03,0.03,0.11,0.01,0.17,90.0,4.0,7.9,75.0,T,0.09523809523809525
Conception II: Children of the Seven Stars,PSV,2013.0,Role-Playing,Screenlife,0.1,0.0,0.04,0.04,0.17,62.0,24.0,7.6,118.0,M,0.09523809523809525
Ridge Racer,PSV,2011.0,Racing,Namco Bandai Games,0.03,0.07,0.05,0.02,0.17,44.0,39.0,3.7,59.0,E10+,0.09523809523809525
Winning Eleven: Pro Evolution Soccer 2007,DS,2006.0,Sports,Konami Digital Entertainment,0.0,0.0,0.17,0.0,0.17,63.0,5.0,7.9,12.0,E,0.09523809523809525
Warriors of Might and Magic,PS2,2001.0,Adventure,3DO,0.09,0.07,0.0,0.02,0.17,49.0,12.0,4.5,6.0,T,0.09523809523809525
Rapala Fishing Frenzy 2009,PS3,2008.0,Sports,Activision,0.16,0.0,0.0,0.01,0.17,31.0,4.0,4.4,9.0,E,0.09523809523809525
Major League Baseball 2K9,PS3,2009.0,Sports,Spike,0.16,0.0,0.0,0.01,0.17,61.0,19.0,4.0,6.0,E,0.09523809523809525
Hellboy: The Science of Evil,PS3,2008.0,Action,Konami Digital Entertainment,0.14,0.02,0.0,0.02,0.17,47.0,23.0,6.1,10.0,T,0.09523809523809525
Smash Court Tennis Pro Tournament,PS2,2002.0,Sports,Sony Computer Entertainment,0.08,0.07,0.0,0.02,0.17,73.0,15.0,7.4,10.0,E,0.09523809523809525
Race Pro,X360,2009.0,Racing,Atari,0.06,0.09,0.0,0.02,0.17,72.0,54.0,7.0,60.0,E,0.09523809523809525
Anarchy Reigns,X360,2012.0,Action,Sega,0.12,0.02,0.02,0.01,0.17,73.0,38.0,7.9,105.0,M,0.09523809523809525
NBA Inside Drive 2004,X,2003.0,Sports,Microsoft Game Studios,0.13,0.04,0.0,0.01,0.17,71.0,31.0,8.2,11.0,E,0.09523809523809525
Gretzky NHL 2005,PS2,2004.0,Sports,Sony Computer Entertainment,0.08,0.07,0.0,0.02,0.17,66.0,24.0,9.1,14.0,E,0.09523809523809525
Dengeki Bunko Fighting Climax,PS3,2014.0,Fighting,Sega,0.06,0.0,0.1,0.01,0.17,66.0,13.0,8.2,31.0,T,0.09523809523809525
Dungeon Siege III,PC,2011.0,Role-Playing,Square Enix,0.08,0.08,0.0,0.02,0.17,72.0,37.0,4.7,403.0,T,0.09523809523809525
The Hobbit,GC,2003.0,Platform,Vivendi Games,0.13,0.03,0.0,0.0,0.17,61.0,17.0,7.3,8.0,E,0.09523809523809525
Skate it,DS,2008.0,Sports,Electronic Arts,0.14,0.02,0.0,0.01,0.17,72.0,13.0,7.8,12.0,E,0.09523809523809525
True Crime: New York City,GC,2005.0,Action,Activision,0.13,0.03,0.0,0.0,0.17,59.0,25.0,8.8,24.0,M,0.09523809523809525
Metal Arms: Glitch in the System,X,2003.0,Shooter,Vivendi Games,0.13,0.04,0.0,0.01,0.17,82.0,35.0,8.7,15.0,T,0.09523809523809525
Return to PopoloCrois: A Story of Seasons Fairytale,3DS,2015.0,Simulation,Marvelous Entertainment,0.06,0.0,0.11,0.01,0.17,72.0,28.0,6.5,14.0,E10+,0.09523809523809525
The Secret World,PC,2012.0,Role-Playing,Funcom,0.07,0.08,0.0,0.02,0.17,74.0,55.0,8.2,1327.0,M,0.09523809523809525
Trauma Team,Wii,2010.0,Simulation,Atlus,0.14,0.0,0.02,0.01,0.17,82.0,29.0,8.8,25.0,T,0.09523809523809525
MDK2 Armageddon,PS2,2001.0,Shooter,Virgin Interactive,0.08,0.07,0.0,0.02,0.17,80.0,19.0,8.3,11.0,T,0.09523809523809525
NHL 2K9,X360,2008.0,Sports,Take-Two Interactive,0.15,0.01,0.0,0.01,0.17,69.0,33.0,6.7,7.0,E10+,0.09523809523809525
Fight Night Round 2,GC,2005.0,Fighting,Electronic Arts,0.13,0.03,0.0,0.0,0.17,87.0,32.0,7.9,7.0,T,0.09523809523809525
Backbreaker,PS3,2009.0,Sports,NaturalMotion,0.16,0.0,0.0,0.01,0.17,58.0,25.0,7.0,52.0,E,0.09523809523809525
Disney's Atlantis: The Lost Empire,PS,2001.0,Platform,Sony Computer Entertainment,0.1,0.07,0.0,0.01,0.17,73.0,7.0,8.5,6.0,E,0.09523809523809525
Stormrise,PS3,2009.0,Strategy,Sega,0.13,0.02,0.0,0.02,0.17,51.0,28.0,5.3,20.0,M,0.09523809523809525
MLB 11: The Show,PSP,2011.0,Sports,Sony Computer Entertainment,0.15,0.0,0.0,0.02,0.17,77.0,9.0,6.0,5.0,E,0.09523809523809525
X-Men: The Official Game,X360,2006.0,Action,Activision,0.16,0.0,0.0,0.01,0.17,52.0,57.0,6.1,21.0,T,0.09523809523809525
Psi-Ops: The Mindgate Conspiracy,X,2004.0,Shooter,Midway Games,0.13,0.04,0.0,0.01,0.17,84.0,55.0,7.9,18.0,M,0.09523809523809525
Hitman: HD Trilogy,X360,2013.0,Action,Square Enix,0.07,0.08,0.0,0.02,0.17,69.0,14.0,7.2,45.0,M,0.09523809523809525
SWAT: Global Strike Team,X,2003.0,Shooter,Vivendi Games,0.13,0.04,0.0,0.01,0.17,69.0,22.0,6.3,7.0,M,0.09523809523809525
Goblin Commander: Unleash the Horde,PS2,2003.0,Strategy,Jaleco,0.08,0.07,0.0,0.02,0.17,68.0,21.0,8.7,14.0,T,0.09523809523809525
World Destruction League: Thunder Tanks,PS2,2000.0,Action,3DO,0.08,0.07,0.0,0.02,0.17,65.0,16.0,5.9,7.0,T,0.09523809523809525
Tom Clancys Ghost Recon: Future Soldier,PC,2012.0,Shooter,Ubisoft,0.05,0.1,0.0,0.02,0.17,71.0,13.0,4.9,368.0,M,0.09523809523809525
Lets TAP,Wii,2008.0,Misc,Sega,0.08,0.06,0.01,0.02,0.17,70.0,47.0,6.6,11.0,E,0.09523809523809525
RoadKill,PS2,2003.0,Action,Midway Games,0.08,0.07,0.0,0.02,0.17,71.0,27.0,7.9,11.0,M,0.09523809523809525
Mobile Suit Gundam: Extreme VS Force,PSV,2015.0,Action,Namco Bandai Games,0.0,0.0,0.17,0.0,0.17,57.0,25.0,7.3,15.0,E10+,0.09523809523809525
The Chronicles of Narnia: Prince Caspian,PS3,2008.0,Action,Disney Interactive Studios,0.14,0.01,0.0,0.02,0.17,56.0,16.0,5.6,8.0,T,0.09523809523809525
Looney Tunes: Back in Action,GC,2003.0,Platform,Warner Bros. Interactive Entertainment,0.13,0.03,0.0,0.0,0.17,64.0,6.0,5.0,4.0,E,0.09523809523809525
Professor Heinz Wolffs Gravity,Wii,2008.0,Puzzle,Deep Silver,0.04,0.12,0.0,0.02,0.17,63.0,12.0,7.7,7.0,E,0.09523809523809525
Top Spin 2,X360,2006.0,Sports,Take-Two Interactive,0.15,0.0,0.0,0.01,0.17,75.0,52.0,6.8,25.0,E,0.09523809523809525
Captain America: Super Soldier,X360,2011.0,Action,Sega,0.11,0.05,0.0,0.01,0.17,60.0,48.0,6.3,37.0,T,0.09523809523809525
Danganronpa 2: Goodbye Despair,PSV,2014.0,Misc,Nippon Ichi Software,0.08,0.05,0.0,0.04,0.17,81.0,50.0,8.7,145.0,M,0.09523809523809525
Hunter: The Reckoning Redeemer,X,2003.0,Action,Interplay,0.13,0.04,0.0,0.01,0.17,72.0,26.0,8.6,5.0,M,0.09523809523809525
Thief: Deadly Shadows,X,2004.0,Action,Eidos Interactive,0.13,0.04,0.0,0.01,0.17,82.0,61.0,7.3,12.0,M,0.09523809523809525
MotoGP 10/11,PS3,2011.0,Racing,Capcom,0.04,0.1,0.0,0.03,0.17,68.0,32.0,6.1,24.0,E,0.09523809523809525
NBA 09: The Inside,PSP,2008.0,Sports,Sony Computer Entertainment,0.16,0.0,0.0,0.01,0.17,79.0,9.0,7.4,7.0,E,0.09523809523809525
Mercury Meltdown Revolution,Wii,2007.0,Action,Ignition Entertainment,0.16,0.0,0.0,0.01,0.17,77.0,41.0,7.4,16.0,E,0.09523809523809525
Batman Begins,GBA,2005.0,Action,Electronic Arts,0.12,0.05,0.0,0.0,0.17,61.0,5.0,6.9,9.0,E10+,0.09523809523809525
James Cameron's Dark Angel,PS2,2002.0,Action,Universal Interactive,0.08,0.07,0.0,0.02,0.17,48.0,17.0,6.5,19.0,T,0.09523809523809525
The Lord of the Rings: Aragorns Quest,PS3,2010.0,Action,Warner Bros. Interactive Entertainment,0.1,0.04,0.0,0.02,0.17,58.0,12.0,6.0,8.0,T,0.09523809523809525
Spawn: Armageddon,X,2003.0,Action,Electronic Arts,0.13,0.04,0.0,0.01,0.17,57.0,27.0,9.2,5.0,M,0.09523809523809525
Bee Movie Game,X360,2007.0,Action,Activision,0.16,0.0,0.0,0.01,0.17,71.0,25.0,5.8,13.0,E,0.09523809523809525
One Piece: Pirate Warriors 3,PSV,2015.0,Action,Namco Bandai Games,0.0,0.03,0.13,0.01,0.17,76.0,4.0,6.3,17.0,T,0.09523809523809525
Star Wars: Battlefront II,PC,2005.0,Shooter,LucasArts,0.02,0.13,0.0,0.02,0.17,78.0,23.0,8.8,435.0,T,0.09523809523809525
FaceBreaker,PS3,2008.0,Fighting,Electronic Arts,0.13,0.02,0.0,0.02,0.17,53.0,37.0,3.8,20.0,T,0.09523809523809525
Gallop Racer 2001,PS2,2001.0,Sports,Tecmo Koei,0.05,0.04,0.06,0.01,0.17,71.0,11.0,9.1,56.0,E,0.09523809523809525
MotoGP 09/10,X360,2010.0,Racing,Capcom,0.07,0.09,0.0,0.02,0.17,69.0,41.0,5.7,41.0,E,0.09523809523809525
Catwoman,PS2,2004.0,Action,Electronic Arts,0.08,0.06,0.0,0.02,0.17,46.0,35.0,6.9,13.0,T,0.09523809523809525
Monsters vs. Aliens,X360,2009.0,Action,Activision,0.12,0.03,0.0,0.01,0.17,63.0,31.0,6.6,7.0,E10+,0.09523809523809525
Terminator 3: The Redemption,PS2,2004.0,Shooter,Atari,0.08,0.06,0.0,0.02,0.17,68.0,29.0,8.0,11.0,T,0.09523809523809525
World Destruction League: Thunder Tanks,PS,2000.0,Action,3DO,0.09,0.06,0.0,0.01,0.17,35.0,4.0,1.2,6.0,T,0.09523809523809525
Beat Down: Fists of Vengeance,PS2,2005.0,Action,Capcom,0.04,0.03,0.09,0.01,0.17,48.0,33.0,8.1,12.0,M,0.09523809523809525
LEGO Marvel Super Heroes,PC,2013.0,Action,Warner Bros. Interactive Entertainment,0.04,0.12,0.0,0.01,0.17,78.0,7.0,8.1,124.0,E10+,0.09523809523809525
SSX On Tour,GC,2005.0,Sports,Electronic Arts,0.13,0.03,0.0,0.0,0.17,80.0,27.0,7.5,14.0,E,0.09523809523809525
Fairytale Fights,X360,2009.0,Action,Playlogic Game Factory,0.14,0.02,0.0,0.01,0.17,51.0,47.0,6.2,12.0,M,0.09523809523809525
James Bond 007: Everything or Nothing,GBA,2003.0,Shooter,Electronic Arts,0.12,0.04,0.0,0.0,0.17,73.0,17.0,8.3,11.0,T,0.09523809523809525
Total War: WARHAMMER,PC,2016.0,Strategy,Sega,0.0,0.16,0.0,0.01,0.17,86.0,77.0,7.3,567.0,T,0.09523809523809525
Shrek Extra Large,GC,2002.0,Platform,TDK Mediactive,0.13,0.03,0.0,0.0,0.17,36.0,6.0,5.6,23.0,T,0.09523809523809525
World Tour Soccer 2006,PS2,2004.0,Sports,Sony Computer Entertainment,0.08,0.06,0.0,0.02,0.17,56.0,20.0,6.0,7.0,E,0.09523809523809525
Gunvalkyrie,X,2002.0,Shooter,Infogrames,0.13,0.04,0.0,0.01,0.17,73.0,28.0,7.3,10.0,T,0.09523809523809525
State of Emergency,X,2003.0,Action,Take-Two Interactive,0.13,0.04,0.0,0.01,0.17,67.0,21.0,6.3,11.0,M,0.09523809523809525
Demon Gaze,PSV,2013.0,Role-Playing,Nippon Ichi Software,0.04,0.02,0.08,0.02,0.17,70.0,38.0,7.4,129.0,T,0.09523809523809525
Just Dance 2017,XOne,2016.0,Misc,Ubisoft,0.13,0.02,0.0,0.02,0.17,75.0,5.0,8.0,6.0,E10+,0.09523809523809525
Fuzion Frenzy 2,X360,2007.0,Misc,Microsoft Game Studios,0.14,0.01,0.0,0.01,0.17,49.0,47.0,5.2,31.0,E10+,0.09523809523809525
Disney Golf,PS2,2002.0,Sports,Electronic Arts,0.07,0.06,0.02,0.02,0.17,72.0,10.0,8.3,7.0,E,0.09523809523809525
Clock Tower II: The Struggle Within,PS,1998.0,Adventure,Human Entertainment,0.02,0.01,0.12,0.01,0.17,49.0,5.0,5.7,7.0,M,0.09523809523809525
CSI: Fatal Conspiracy,X360,2010.0,Adventure,Ubisoft,0.11,0.04,0.0,0.01,0.17,42.0,9.0,4.8,4.0,M,0.09523809523809525
Mega Man Network Transmission,GC,2003.0,Platform,Capcom,0.13,0.03,0.0,0.0,0.17,65.0,28.0,7.6,13.0,E,0.09523809523809525
Fairytale Fights,PS3,2009.0,Action,Playlogic Game Factory,0.11,0.03,0.0,0.02,0.17,53.0,34.0,6.0,22.0,M,0.09523809523809525
Pursuit Force: Extreme Justice,PSP,2007.0,Action,Sony Computer Entertainment,0.07,0.06,0.0,0.03,0.17,73.0,44.0,7.6,11.0,T,0.09523809523809525
G-Force,X360,2009.0,Action,Disney Interactive Studios,0.11,0.05,0.0,0.01,0.17,68.0,33.0,7.0,9.0,E10+,0.09523809523809525
RC Revenge Pro,PS2,2000.0,Racing,Acclaim Entertainment,0.08,0.06,0.0,0.02,0.17,49.0,13.0,7.6,7.0,E,0.09523809523809525
Time and Eternity,PS3,2012.0,Role-Playing,Nippon Ichi Software,0.06,0.03,0.06,0.02,0.17,42.0,40.0,5.0,78.0,T,0.09523809523809525
Backyard Wrestling: Dont Try This at Home,X,2003.0,Fighting,Eidos Interactive,0.13,0.04,0.0,0.01,0.17,50.0,15.0,5.0,7.0,M,0.09523809523809525
Gauntlet: Dark Legacy,X,2002.0,Action,Midway Games,0.13,0.04,0.0,0.01,0.17,54.0,9.0,8.9,10.0,T,0.09523809523809525
Football Manager 2017,PC,2016.0,Simulation,Sega,0.0,0.16,0.0,0.01,0.17,81.0,43.0,4.3,62.0,E,0.09523809523809525
Lost Kingdoms,GC,2002.0,Role-Playing,Activision,0.1,0.02,0.04,0.0,0.17,72.0,22.0,8.0,15.0,T,0.09523809523809525
Ridge Racer Unbounded,PS3,2012.0,Racing,Namco Bandai Games,0.05,0.09,0.0,0.03,0.17,72.0,20.0,6.0,29.0,T,0.09523809523809525
The Cursed Crusade,PS3,2011.0,Action,DTP Entertainment,0.07,0.06,0.01,0.03,0.17,45.0,17.0,5.0,26.0,M,0.09523809523809525
NHL 07,PSP,2006.0,Sports,Electronic Arts,0.13,0.02,0.0,0.02,0.17,76.0,7.0,6.6,23.0,E10+,0.09523809523809525
Wolfenstein 3D,GBA,2002.0,Shooter,BAM! Entertainment,0.12,0.04,0.0,0.0,0.17,57.0,9.0,6.0,7.0,M,0.09523809523809525
Dementium: The Ward,DS,2007.0,Shooter,SouthPeak Games,0.15,0.01,0.0,0.01,0.17,72.0,48.0,7.9,37.0,M,0.09523809523809525
Green Lantern: Rise of the Manhunters,PS3,2011.0,Action,Warner Bros. Interactive Entertainment,0.09,0.05,0.0,0.02,0.17,61.0,12.0,6.7,17.0,T,0.09523809523809525
NASCAR 14,X360,2014.0,Racing,Deep Silver,0.15,0.0,0.0,0.02,0.17,65.0,4.0,5.1,14.0,E,0.09523809523809525
Naval Assault: The Killing Tide,X360,2010.0,Simulation,505 Games,0.08,0.07,0.0,0.02,0.17,40.0,11.0,4.2,5.0,T,0.09523809523809525
25 to Life,X,2006.0,Shooter,Eidos Interactive,0.12,0.04,0.0,0.01,0.17,41.0,20.0,7.2,13.0,M,0.09523809523809525
Bomberman Land,Wii,2007.0,Misc,Rising Star Games,0.11,0.01,0.03,0.01,0.17,57.0,23.0,8.0,10.0,E,0.09523809523809525
Sega Superstars,PS2,2004.0,Misc,Sega,0.08,0.06,0.0,0.02,0.17,72.0,28.0,7.0,5.0,T,0.09523809523809525
Midway Arcade Treasures,GC,2003.0,Misc,Midway Games,0.13,0.03,0.0,0.0,0.17,72.0,11.0,8.2,5.0,T,0.09523809523809525
Leisure Suit Larry: Magna Cum Laude,X,2004.0,Adventure,Vivendi Games,0.12,0.04,0.0,0.01,0.17,62.0,49.0,6.4,13.0,M,0.09523809523809525
7 Days to Die,PS4,2016.0,Action,Telltale Games,0.06,0.08,0.0,0.03,0.17,45.0,16.0,5.9,147.0,M,0.09523809523809525
Cubivore: Survival of the Fittest,GC,2002.0,Adventure,Nintendo,0.01,0.0,0.15,0.0,0.17,71.0,12.0,8.5,21.0,E,0.09523809523809525
FlatOut,X,2004.0,Racing,Empire Interactive,0.12,0.04,0.0,0.01,0.17,71.0,39.0,8.2,21.0,T,0.09523809523809525
Zoo Keeper,DS,2004.0,Puzzle,Ignition Entertainment,0.1,0.01,0.05,0.01,0.17,74.0,40.0,7.5,13.0,E,0.09523809523809525
Blood Bowl,X360,2009.0,Sports,Focus Home Interactive,0.13,0.02,0.0,0.01,0.16,61.0,28.0,5.0,20.0,T,0.08928571428571429
Taz Wanted,PS2,2002.0,Platform,Atari,0.08,0.06,0.0,0.02,0.16,65.0,7.0,8.7,9.0,E,0.08928571428571429
Sid Meiers Civilization IV,PC,2005.0,Strategy,Take-Two Interactive,0.02,0.12,0.0,0.03,0.16,94.0,50.0,8.3,914.0,E10+,0.08928571428571429
Pursuit Force,PSP,2005.0,Racing,Sony Computer Entertainment,0.14,0.01,0.0,0.01,0.16,75.0,59.0,7.8,26.0,T,0.08928571428571429
Star Wars: Super Bombad Racing,PS2,2001.0,Racing,LucasArts,0.08,0.06,0.0,0.02,0.16,71.0,21.0,4.9,8.0,E,0.08928571428571429
Driver: San Francisco,Wii,2011.0,Racing,Ubisoft,0.06,0.09,0.0,0.02,0.16,64.0,7.0,6.2,10.0,T,0.08928571428571429
Alien Resurrection,PS,2000.0,Shooter,Fox Interactive,0.09,0.06,0.0,0.01,0.16,61.0,12.0,7.5,15.0,M,0.08928571428571429
World Tour Soccer 2005,PS2,2004.0,Sports,Sony Computer Entertainment,0.08,0.06,0.0,0.02,0.16,68.0,28.0,9.0,6.0,E,0.08928571428571429
Dead Island Definitive Collection,PS4,2016.0,Action,Deep Silver,0.05,0.07,0.02,0.02,0.16,63.0,32.0,6.4,46.0,M,0.08928571428571429
Odin Sphere: Leifthrasir,PSV,2016.0,Role-Playing,Nippon Ichi Software,0.04,0.02,0.09,0.02,0.16,93.0,5.0,8.0,85.0,T,0.08928571428571429
ESPN College Hoops,PS2,2003.0,Sports,Sega,0.08,0.06,0.0,0.02,0.16,83.0,14.0,8.5,8.0,E,0.08928571428571429
Leisure Suit Larry: Box Office Bust,X360,2009.0,Adventure,Codemasters,0.14,0.01,0.0,0.01,0.16,25.0,27.0,2.5,41.0,M,0.08928571428571429
Robotech: Battlecry,GC,2002.0,Shooter,TDK Mediactive,0.13,0.03,0.0,0.0,0.16,74.0,11.0,8.4,5.0,T,0.08928571428571429
Clash of the Titans,X360,2010.0,Action,Namco Bandai Games,0.08,0.06,0.0,0.02,0.16,42.0,31.0,4.0,17.0,T,0.08928571428571429
NBA Live 08,Wii,2007.0,Sports,Electronic Arts,0.15,0.0,0.0,0.01,0.16,52.0,11.0,7.1,21.0,E,0.08928571428571429
Kya: Dark Lineage,PS2,2003.0,Adventure,Atari,0.08,0.06,0.0,0.02,0.16,69.0,25.0,8.9,28.0,T,0.08928571428571429
F1 2011,3DS,2011.0,Racing,Codemasters,0.07,0.08,0.0,0.02,0.16,59.0,15.0,6.4,14.0,E,0.08928571428571429
Stronghold 3,PC,2011.0,Strategy,7Sixty LLC,0.06,0.1,0.0,0.0,0.16,47.0,29.0,3.0,350.0,T,0.08928571428571429
Doctor Lautrec and the Forgotten Knights,3DS,2011.0,Adventure,Konami Digital Entertainment,0.07,0.05,0.03,0.01,0.16,53.0,19.0,6.1,8.0,E10+,0.08928571428571429
Ar Nosurge: Ode to an Unborn Star,PS3,2014.0,Role-Playing,Tecmo Koei,0.05,0.03,0.06,0.02,0.16,67.0,23.0,7.9,50.0,T,0.08928571428571429
Splatterhouse,PS3,2010.0,Action,Namco Bandai Games,0.13,0.02,0.0,0.02,0.16,59.0,49.0,7.7,68.0,M,0.08928571428571429
Guilty Gear Judgment,PSP,2006.0,Fighting,Majesco Entertainment,0.13,0.0,0.02,0.01,0.16,77.0,17.0,6.6,8.0,T,0.08928571428571429
NCAA Football 09 All-Play,Wii,2008.0,Sports,Electronic Arts,0.15,0.0,0.0,0.01,0.16,49.0,5.0,5.8,32.0,E,0.08928571428571429
Castlevania Judgment,Wii,2008.0,Fighting,Konami Digital Entertainment,0.12,0.02,0.01,0.01,0.16,49.0,33.0,5.9,56.0,T,0.08928571428571429
NBA Street Homecourt,PS3,2007.0,Sports,Electronic Arts,0.13,0.01,0.0,0.02,0.16,81.0,31.0,6.5,16.0,E,0.08928571428571429
Hot Wheels World Race,GC,2003.0,Racing,THQ,0.13,0.03,0.0,0.0,0.16,59.0,5.0,7.0,5.0,E,0.08928571428571429
Aliens: Infestation,DS,2011.0,Action,Sega,0.09,0.05,0.0,0.02,0.16,76.0,43.0,8.2,29.0,T,0.08928571428571429
Apache: Air Assault,X360,2010.0,Simulation,Activision,0.12,0.03,0.0,0.01,0.16,70.0,26.0,6.4,31.0,T,0.08928571428571429
Angry Birds Trilogy,PS3,2012.0,Action,Activision,0.12,0.02,0.0,0.03,0.16,66.0,8.0,3.7,20.0,E,0.08928571428571429
Crash Tag Team Racing,GC,2005.0,Racing,Vivendi Games,0.12,0.03,0.0,0.0,0.16,66.0,14.0,7.3,11.0,E10+,0.08928571428571429
El Shaddai: Ascension of the Metatron,X360,2011.0,Action,Ignition Entertainment,0.07,0.05,0.03,0.01,0.16,75.0,44.0,7.0,47.0,T,0.08928571428571429
NPPL: Championship Paintball 2009,PS3,2008.0,Shooter,Activision Value,0.15,0.0,0.0,0.01,0.16,45.0,9.0,7.4,10.0,E10+,0.08928571428571429
True Swing Golf,DS,2005.0,Sports,Nintendo,0.11,0.0,0.04,0.01,0.16,66.0,32.0,7.7,11.0,E,0.08928571428571429
TimeSplitters: Future Perfect,X,2005.0,Shooter,Electronic Arts,0.12,0.03,0.0,0.01,0.16,83.0,54.0,8.9,35.0,M,0.08928571428571429
Goosebumps HorrorLand,Wii,2008.0,Adventure,Scholastic Inc.,0.15,0.0,0.0,0.01,0.16,37.0,4.0,3.5,8.0,E10+,0.08928571428571429
Thrillville: Off the Rails,X360,2007.0,Strategy,LucasArts,0.13,0.02,0.0,0.01,0.16,73.0,24.0,2.8,34.0,E10+,0.08928571428571429
Murdered: Soul Suspect,XOne,2014.0,Action,Square Enix,0.08,0.07,0.0,0.01,0.16,51.0,17.0,7.0,131.0,M,0.08928571428571429
Fatal Frame II: Crimson Butterfly,PS2,2003.0,Action,Ubisoft,0.08,0.06,0.0,0.02,0.16,81.0,40.0,9.2,101.0,M,0.08928571428571429
Shadow Man: 2econd Coming,PS2,2002.0,Adventure,Acclaim Entertainment,0.08,0.06,0.0,0.02,0.16,68.0,24.0,7.6,8.0,M,0.08928571428571429
Dynasty Warriors 4,X,2003.0,Action,Tecmo Koei,0.12,0.03,0.0,0.01,0.16,75.0,18.0,8.8,18.0,T,0.08928571428571429
Warriors Orochi 3,X360,2011.0,Action,Ubisoft Annecy,0.09,0.03,0.03,0.01,0.16,71.0,9.0,8.1,19.0,T,0.08928571428571429
Beowulf: The Game,PS3,2007.0,Action,Ubisoft,0.14,0.01,0.0,0.01,0.16,51.0,18.0,5.2,17.0,M,0.08928571428571429
Wakeboarding Unleashed Featuring Shaun Murray,PS2,2003.0,Sports,Activision,0.08,0.06,0.0,0.02,0.16,83.0,23.0,9.0,12.0,E,0.08928571428571429
Fracture,PS3,2008.0,Shooter,LucasArts,0.11,0.04,0.0,0.02,0.16,62.0,40.0,5.8,18.0,T,0.08928571428571429
The Incredibles: Rise of the Underminer,GC,2005.0,Action,THQ,0.12,0.03,0.0,0.0,0.16,67.0,7.0,6.6,7.0,E10+,0.08928571428571429
Dewys Adventure,Wii,2007.0,Platform,Konami Digital Entertainment,0.14,0.0,0.01,0.01,0.16,67.0,29.0,6.3,15.0,E,0.08928571428571429
Alone in the Dark: The New Nightmare,PS,2001.0,Adventure,Infogrames,0.09,0.06,0.0,0.01,0.16,77.0,15.0,8.1,40.0,M,0.08928571428571429
The BIGS,PS3,2007.0,Sports,Take-Two Interactive,0.15,0.0,0.0,0.01,0.16,77.0,19.0,7.2,12.0,E,0.08928571428571429
Hyperdimension Neptunia Victory,PS3,2012.0,Role-Playing,Compile Heart,0.05,0.03,0.06,0.02,0.16,55.0,19.0,7.8,94.0,T,0.08928571428571429
Marble Saga: Kororinpa,Wii,2009.0,Puzzle,Konami Digital Entertainment,0.09,0.05,0.0,0.01,0.16,74.0,16.0,7.3,6.0,E,0.08928571428571429
The King of Fighters XII,PS3,2009.0,Fighting,Ignition Entertainment,0.11,0.01,0.03,0.01,0.16,57.0,48.0,5.3,46.0,T,0.08928571428571429
Dungeon Siege: Throne of Agony,PSP,2006.0,Role-Playing,Take-Two Interactive,0.13,0.02,0.0,0.02,0.16,74.0,32.0,8.1,21.0,T,0.08928571428571429
Culdcept SAGA,X360,2006.0,Role-Playing,Namco Bandai Games,0.12,0.0,0.03,0.01,0.16,75.0,33.0,8.7,49.0,T,0.08928571428571429
The Crew,PC,2014.0,Racing,Ubisoft,0.0,0.15,0.0,0.01,0.16,71.0,12.0,6.4,469.0,T,0.08928571428571429
Create,PS3,2010.0,Action,Electronic Arts,0.11,0.03,0.0,0.02,0.16,61.0,23.0,5.2,5.0,E,0.08928571428571429
Disney Art Academy,3DS,2016.0,Action,Nintendo,0.03,0.04,0.09,0.01,0.16,72.0,16.0,6.8,5.0,E,0.08928571428571429
Eragon,DS,2006.0,Action,Vivendi Games,0.13,0.02,0.0,0.01,0.16,63.0,17.0,7.6,13.0,T,0.08928571428571429
TimeShift,PS3,2007.0,Shooter,Vivendi Games,0.14,0.0,0.0,0.01,0.16,70.0,16.0,6.3,27.0,M,0.08928571428571429
Spyro: Shadow Legacy,DS,2005.0,Action,Vivendi Games,0.14,0.01,0.0,0.01,0.16,50.0,18.0,5.7,16.0,E,0.08928571428571429
The Sims 3: Seasons,PC,2012.0,Simulation,Electronic Arts,0.0,0.14,0.0,0.02,0.16,73.0,12.0,7.5,48.0,T,0.08928571428571429
Scarface: Money. Power. Respect.,PSP,2006.0,Strategy,Vivendi Games,0.15,0.0,0.0,0.01,0.16,58.0,12.0,3.1,15.0,M,0.08928571428571429
Angry Birds Star Wars,XOne,2013.0,Strategy,Activision,0.11,0.04,0.0,0.02,0.16,53.0,4.0,6.9,63.0,E,0.08928571428571429
Blitz: The League,X360,2006.0,Sports,Midway Games,0.15,0.0,0.0,0.01,0.16,69.0,23.0,6.5,14.0,M,0.08928571428571429
NBA 2K12,PC,2011.0,Sports,Take-Two Interactive,0.09,0.05,0.0,0.02,0.16,86.0,5.0,7.1,66.0,E,0.08928571428571429
FlatOut 2,PS2,2006.0,Racing,Empire Interactive,0.08,0.06,0.0,0.02,0.16,73.0,44.0,7.5,27.0,T,0.08928571428571429
Naruto: Ultimate Ninja Heroes 2 - The Phantom Fortress,PSP,2006.0,Fighting,Atari,0.14,0.0,0.0,0.01,0.16,64.0,20.0,7.8,17.0,T,0.08928571428571429
Heroes over Europe,PS3,2009.0,Simulation,Ubisoft,0.12,0.02,0.0,0.02,0.16,62.0,34.0,7.0,16.0,T,0.08928571428571429
Klonoa,Wii,2008.0,Platform,Namco Bandai Games,0.1,0.02,0.03,0.01,0.16,77.0,37.0,8.6,40.0,E10+,0.08928571428571429
F-Zero: GP Legend,GBA,2003.0,Racing,Nintendo,0.11,0.04,0.0,0.0,0.16,77.0,31.0,8.5,18.0,E,0.08928571428571429
Bulletstorm,PC,2011.0,Shooter,Electronic Arts,0.07,0.07,0.0,0.02,0.16,82.0,34.0,7.7,771.0,M,0.08928571428571429
Putty Squad,PS4,2013.0,Platform,System 3,0.06,0.07,0.0,0.03,0.16,38.0,8.0,2.9,52.0,E10+,0.08928571428571429
Fantasia: Music Evolved,XOne,2014.0,Misc,Disney Interactive Studios,0.11,0.03,0.0,0.02,0.16,77.0,48.0,7.5,67.0,E10+,0.08928571428571429
Field Commander,PSP,2006.0,Strategy,Sony Online Entertainment,0.14,0.0,0.0,0.01,0.16,77.0,53.0,7.8,31.0,T,0.08928571428571429
Custom Robo Arena,DS,2006.0,Fighting,Nintendo,0.01,0.02,0.12,0.0,0.16,74.0,22.0,8.3,27.0,E10+,0.08928571428571429
Shaun White Skateboarding,X360,2010.0,Sports,Ubisoft,0.1,0.05,0.0,0.01,0.16,61.0,34.0,5.3,7.0,T,0.08928571428571429
Puzzle Quest: Galactrix,DS,2009.0,Puzzle,D3Publisher,0.14,0.0,0.0,0.01,0.16,75.0,33.0,6.7,6.0,E10+,0.08928571428571429
Trigger Man,PS2,2004.0,Shooter,Play It,0.08,0.06,0.0,0.02,0.16,32.0,4.0,4.8,16.0,T,0.08928571428571429
Wildstar,PC,2014.0,Role-Playing,NCSoft,0.08,0.07,0.0,0.01,0.16,82.0,52.0,7.4,965.0,T,0.08928571428571429
Tiger Woods PGA Tour 2004,GC,2003.0,Sports,Electronic Arts,0.12,0.03,0.0,0.0,0.16,89.0,16.0,8.4,8.0,E,0.08928571428571429
Amped 3,X360,2005.0,Sports,Take-Two Interactive,0.13,0.02,0.0,0.01,0.16,72.0,49.0,7.1,36.0,T,0.08928571428571429
Innocent Life: A Futuristic Harvest Moon,PSP,2006.0,Simulation,Rising Star Games,0.08,0.03,0.03,0.02,0.16,67.0,22.0,7.8,24.0,E,0.08928571428571429
NBA 2K3,GC,2002.0,Sports,Sega,0.12,0.03,0.0,0.0,0.16,84.0,11.0,6.3,4.0,E,0.08928571428571429
NHL 2005,X,2004.0,Sports,Electronic Arts,0.12,0.03,0.0,0.01,0.16,77.0,27.0,6.2,11.0,E,0.08928571428571429
Arcana Heart,PS2,2007.0,Fighting,AQ Interactive,0.06,0.05,0.04,0.02,0.16,77.0,12.0,8.1,8.0,T,0.08928571428571429
Homefront: The Revolution,XOne,2016.0,Shooter,Deep Silver,0.07,0.08,0.0,0.01,0.16,49.0,12.0,4.1,106.0,M,0.08928571428571429
Battlestar Galactica,PS2,2003.0,Shooter,Vivendi Games,0.08,0.06,0.0,0.02,0.16,66.0,22.0,6.8,6.0,T,0.08928571428571429
Time Hollow,DS,2008.0,Adventure,Konami Digital Entertainment,0.03,0.01,0.11,0.0,0.16,64.0,24.0,7.8,21.0,T,0.08928571428571429
Tak and the Guardians of Gross,Wii,2008.0,Action,THQ,0.14,0.0,0.0,0.01,0.16,63.0,5.0,8.0,5.0,E10+,0.08928571428571429
Jurassic Park: The Game,X360,2011.0,Action,Telltale Games,0.15,0.0,0.0,0.01,0.16,60.0,9.0,3.6,138.0,T,0.08928571428571429
Dynasty Warriors 8: Xtreme Legends,PS3,2013.0,Action,Tecmo Koei,0.02,0.02,0.11,0.01,0.16,68.0,4.0,6.8,9.0,T,0.08928571428571429
Godzilla Unleashed,Wii,2007.0,Fighting,Atari,0.14,0.0,0.0,0.01,0.16,44.0,31.0,7.2,37.0,E10+,0.08928571428571429
Sniper: Ghost Warrior,PC,2010.0,Shooter,City Interactive,0.0,0.13,0.0,0.03,0.16,55.0,23.0,5.5,267.0,M,0.08928571428571429
James Noirs Hollywood Crimes,3DS,2011.0,Adventure,Ubisoft,0.07,0.07,0.0,0.01,0.16,60.0,22.0,6.6,5.0,T,0.08928571428571429
Sherlock Holmes vs. Jack the Ripper,X360,2009.0,Adventure,Focus Home Interactive,0.11,0.03,0.0,0.01,0.16,62.0,24.0,6.8,14.0,T,0.08928571428571429
Fist of the North Star: Kens Rage,X360,2010.0,Action,Ubisoft Annecy,0.07,0.02,0.06,0.01,0.16,59.0,38.0,7.3,23.0,M,0.08928571428571429
Chaotic: Shadow Warriors,X360,2009.0,Action,Activision,0.14,0.0,0.0,0.01,0.16,60.0,4.0,5.0,4.0,E10+,0.08928571428571429
Driven,PS2,2001.0,Racing,BAM! Entertainment,0.08,0.06,0.0,0.02,0.15,38.0,10.0,3.4,5.0,T,0.08333333333333333
"Warhammer 40,000: Fire Warrior",PS2,2003.0,Shooter,THQ,0.08,0.06,0.0,0.02,0.15,64.0,23.0,8.3,63.0,M,0.08333333333333333
All-Pro Football 2K8,PS3,2007.0,Sports,Take-Two Interactive,0.14,0.0,0.0,0.01,0.15,73.0,23.0,7.3,21.0,E10+,0.08333333333333333
Lufia: Curse of the Sinistrals,DS,2010.0,Role-Playing,Square Enix,0.11,0.0,0.03,0.01,0.15,80.0,8.0,8.0,13.0,E10+,0.08333333333333333
Mugen Souls,PS3,2012.0,Role-Playing,Nippon Ichi Software,0.04,0.02,0.08,0.01,0.15,55.0,24.0,7.3,35.0,T,0.08333333333333333
MTV Music Generator 2,PS2,2001.0,Misc,Codemasters,0.08,0.06,0.0,0.02,0.15,77.0,16.0,8.5,11.0,T,0.08333333333333333
Ultimate Spider-Man,DS,2005.0,Action,Activision,0.14,0.0,0.0,0.01,0.15,78.0,17.0,7.7,10.0,E10+,0.08333333333333333
Burnout 2: Point of Impact,GC,2003.0,Racing,Acclaim Entertainment,0.12,0.03,0.0,0.0,0.15,89.0,24.0,8.5,18.0,E,0.08333333333333333
Paris-Dakar Rally,PS2,2001.0,Racing,Acclaim Entertainment,0.08,0.06,0.0,0.02,0.15,36.0,6.0,3.9,15.0,E,0.08333333333333333
F.E.A.R. 3,PC,2011.0,Shooter,Warner Bros. Interactive Entertainment,0.04,0.09,0.0,0.03,0.15,74.0,34.0,5.9,424.0,M,0.08333333333333333
Atelier Iris: Eternal Mana,PS2,2004.0,Role-Playing,Tecmo Koei,0.08,0.06,0.0,0.02,0.15,74.0,38.0,7.7,38.0,T,0.08333333333333333
Tak: The Great Juju Challenge,GC,2005.0,Platform,THQ,0.12,0.03,0.0,0.0,0.15,75.0,17.0,9.3,4.0,E,0.08333333333333333
Knockout Kings 2003,GC,2002.0,Sports,Electronic Arts,0.12,0.03,0.0,0.0,0.15,78.0,13.0,6.5,4.0,T,0.08333333333333333
Bomberman,PSP,2006.0,Puzzle,Konami Digital Entertainment,0.14,0.0,0.0,0.01,0.15,73.0,30.0,7.0,7.0,E,0.08333333333333333
NCAA Football 2004,GC,2003.0,Sports,Electronic Arts,0.12,0.03,0.0,0.0,0.15,89.0,16.0,8.1,8.0,E,0.08333333333333333
XGIII: Extreme G Racing,GC,2001.0,Racing,Acclaim Entertainment,0.12,0.03,0.0,0.0,0.15,83.0,21.0,7.8,14.0,E,0.08333333333333333
Stormrise,X360,2009.0,Strategy,Sega,0.11,0.03,0.0,0.01,0.15,48.0,36.0,6.8,17.0,M,0.08333333333333333
Digimon World 4,PS2,2005.0,Role-Playing,Atari,0.08,0.06,0.0,0.02,0.15,48.0,7.0,6.9,37.0,E,0.08333333333333333
The Adventures of Tintin: The Game,3DS,2011.0,Action,Ubisoft,0.05,0.09,0.0,0.02,0.15,56.0,8.0,5.7,12.0,E10+,0.08333333333333333
The Godfather: Blackhand Edition,Wii,2007.0,Adventure,Electronic Arts,0.14,0.0,0.0,0.01,0.15,77.0,38.0,8.5,48.0,M,0.08333333333333333
Naruto: Powerful Shippuden,3DS,2012.0,Platform,Namco Bandai Games,0.08,0.02,0.04,0.01,0.15,71.0,13.0,5.4,19.0,E10+,0.08333333333333333
American Chopper,X,2004.0,Racing,Zoo Digital Publishing,0.11,0.03,0.0,0.01,0.15,44.0,6.0,5.9,9.0,T,0.08333333333333333
Dynasty Warriors 8,X360,2013.0,Action,Tecmo Koei,0.09,0.05,0.0,0.01,0.15,65.0,21.0,7.5,35.0,T,0.08333333333333333
Kingdom Under Fire: Heroes,X,2005.0,Strategy,Deep Silver,0.11,0.03,0.0,0.01,0.15,78.0,55.0,7.5,23.0,M,0.08333333333333333
Infected,PSP,2005.0,Shooter,THQ,0.14,0.0,0.0,0.01,0.15,74.0,49.0,8.3,30.0,M,0.08333333333333333
The Terminator: Dawn of Fate,X,2002.0,Action,Atari,0.11,0.03,0.0,0.01,0.15,53.0,19.0,5.2,5.0,T,0.08333333333333333
Birds of Steel,X360,2012.0,Simulation,Konami Digital Entertainment,0.11,0.03,0.0,0.01,0.15,77.0,18.0,8.9,18.0,T,0.08333333333333333
Cars: Race-O-Rama,X360,2009.0,Racing,THQ,0.14,0.01,0.0,0.01,0.15,54.0,8.0,5.8,5.0,E,0.08333333333333333
Darksiders II,PC,2012.0,Action,Nordic Games,0.03,0.1,0.0,0.02,0.15,81.0,23.0,7.8,657.0,M,0.08333333333333333
Enthusia Professional Racing,PS2,2005.0,Racing,Konami Digital Entertainment,0.07,0.06,0.0,0.02,0.15,70.0,43.0,7.7,18.0,E,0.08333333333333333
DiRT 3,PC,2011.0,Racing,Codemasters,0.0,0.13,0.0,0.03,0.15,86.0,23.0,7.0,441.0,T,0.08333333333333333
Bleach: Dark Souls,DS,2007.0,Fighting,Sega,0.12,0.02,0.0,0.01,0.15,82.0,28.0,7.9,14.0,T,0.08333333333333333
Darksiders II,WiiU,2012.0,Action,THQ,0.07,0.07,0.0,0.01,0.15,85.0,36.0,8.2,154.0,M,0.08333333333333333
Get On Da Mic,PS2,2004.0,Misc,Eidos Interactive,0.07,0.06,0.0,0.02,0.15,49.0,29.0,6.3,7.0,T,0.08333333333333333
Army Men: Sarges War,GC,2004.0,Shooter,Global Star,0.12,0.03,0.0,0.0,0.15,56.0,11.0,6.7,7.0,T,0.08333333333333333
Shovel Knight,3DS,2015.0,Platform,Yacht Club Games,0.08,0.04,0.02,0.01,0.15,90.0,9.0,8.2,227.0,E,0.08333333333333333
WordJong,DS,2007.0,Puzzle,White Park Bay Software,0.13,0.01,0.0,0.01,0.15,77.0,9.0,7.7,9.0,E,0.08333333333333333
Project Sylpheed: Arc of Deception,X360,2006.0,Shooter,Microsoft Game Studios,0.12,0.01,0.02,0.01,0.15,64.0,45.0,8.6,24.0,T,0.08333333333333333
NHL 2K10,PS3,2009.0,Sports,Take-Two Interactive,0.13,0.01,0.0,0.01,0.15,66.0,23.0,7.1,8.0,E10+,0.08333333333333333
MLB Power Pros 2008,PS2,2008.0,Sports,Konami Digital Entertainment,0.05,0.04,0.05,0.01,0.15,67.0,9.0,8.5,8.0,E,0.08333333333333333
Tears to Tiara II: Heir of the Overlord,PS3,2013.0,Role-Playing,Nippon Ichi Software,0.07,0.01,0.06,0.02,0.15,65.0,18.0,8.7,41.0,T,0.08333333333333333
FIFA 17,PC,2016.0,Sports,Electronic Arts,0.0,0.14,0.0,0.01,0.15,84.0,12.0,4.2,199.0,E,0.08333333333333333
de Blob 2,X360,2011.0,Platform,THQ,0.1,0.04,0.0,0.01,0.15,77.0,54.0,7.5,23.0,E10+,0.08333333333333333
Disney's The Lion King: Simbas Mighty Adventure,PS,2000.0,Action,Activision,0.08,0.06,0.0,0.01,0.15,30.0,5.0,6.9,9.0,E,0.08333333333333333
Samurai Warriors: Katana,Wii,2007.0,Action,Tecmo Koei,0.11,0.0,0.04,0.01,0.15,53.0,30.0,6.8,6.0,T,0.08333333333333333
NBA 09: The Inside,PS3,2008.0,Sports,Sony Computer Entertainment,0.14,0.0,0.0,0.01,0.15,63.0,17.0,5.1,7.0,E,0.08333333333333333
Naruto Shippuden: Legends: Akatsuki Rising,PSP,2009.0,Fighting,Namco Bandai Games,0.14,0.0,0.0,0.01,0.15,60.0,15.0,6.2,10.0,T,0.08333333333333333
Kingdom of Paradise,PSP,2005.0,Role-Playing,Sony Computer Entertainment,0.14,0.0,0.0,0.01,0.15,72.0,38.0,7.5,19.0,T,0.08333333333333333
Marvel Super Hero Squad: The Infinity Gauntlet,X360,2010.0,Action,THQ,0.12,0.02,0.0,0.01,0.15,55.0,10.0,6.3,6.0,E10+,0.08333333333333333
Prince of Persia: The Sands of Time,GBA,2003.0,Action,Ubisoft,0.11,0.04,0.0,0.0,0.15,75.0,25.0,8.8,5.0,T,0.08333333333333333
Prince of Persia: The Forgotten Sands,DS,2010.0,Action,Ubisoft,0.14,0.01,0.0,0.01,0.15,57.0,7.0,6.3,6.0,E10+,0.08333333333333333
World Series Baseball 2K3,X,2003.0,Sports,Sega,0.11,0.03,0.0,0.01,0.15,89.0,22.0,8.6,14.0,E,0.08333333333333333
Bomberman,DS,2005.0,Puzzle,Ubisoft,0.1,0.01,0.03,0.01,0.15,75.0,30.0,7.0,12.0,E,0.08333333333333333
Serious Sam,X,2002.0,Shooter,Take-Two Interactive,0.11,0.03,0.0,0.01,0.15,75.0,22.0,8.2,16.0,M,0.08333333333333333
Killer7,GC,2005.0,Action,Capcom,0.12,0.03,0.0,0.0,0.15,74.0,57.0,8.5,66.0,M,0.08333333333333333
Super Monkey Ball Adventure,GC,2006.0,Platform,Sega,0.12,0.03,0.0,0.0,0.15,51.0,24.0,7.2,9.0,E,0.08333333333333333
FIFA Soccer 2002,PS,2001.0,Sports,Electronic Arts,0.08,0.06,0.0,0.01,0.15,81.0,8.0,6.4,5.0,E,0.08333333333333333
Street Fighter Anniversary Collection,X,2004.0,Fighting,Capcom,0.11,0.03,0.0,0.01,0.15,79.0,33.0,6.4,9.0,T,0.08333333333333333
Shadow Ops: Red Mercury,X,2004.0,Shooter,Atari,0.11,0.03,0.0,0.01,0.15,61.0,45.0,6.1,14.0,T,0.08333333333333333
Oreshika: Tainted Bloodlines,PSV,2014.0,Role-Playing,Sony Computer Entertainment,0.0,0.0,0.15,0.0,0.15,78.0,26.0,8.0,85.0,T,0.08333333333333333
Indigo Prophecy,PS2,2005.0,Adventure,Atari,0.07,0.06,0.0,0.02,0.15,83.0,47.0,7.8,106.0,M,0.08333333333333333
FIFA 06: Road to FIFA World Cup,X360,2005.0,Sports,Electronic Arts,0.11,0.02,0.01,0.01,0.15,62.0,39.0,6.0,34.0,E,0.08333333333333333
Musashi: Samurai Legend,PS2,2005.0,Role-Playing,Atari,0.07,0.06,0.0,0.02,0.15,64.0,47.0,8.9,9.0,T,0.08333333333333333
Darksiders,PC,2010.0,Action,THQ,0.07,0.06,0.0,0.02,0.15,83.0,18.0,7.7,609.0,M,0.08333333333333333
F1 2001,PS2,2001.0,Racing,Electronic Arts,0.07,0.06,0.0,0.02,0.15,83.0,13.0,8.3,9.0,E,0.08333333333333333
Top Gun: Combat Zones,GC,2002.0,Simulation,Titus,0.12,0.03,0.0,0.0,0.15,59.0,10.0,7.1,7.0,E,0.08333333333333333
Fantastic Four: Rise of the Silver Surfer,PS3,2007.0,Action,Take-Two Interactive,0.12,0.02,0.0,0.02,0.15,47.0,26.0,6.2,10.0,T,0.08333333333333333
All-Star Baseball 2003,GC,2002.0,Sports,Acclaim Entertainment,0.12,0.03,0.0,0.0,0.15,83.0,16.0,8.0,6.0,E,0.08333333333333333
Space Invaders Extreme,DS,2008.0,Shooter,Square Enix,0.12,0.01,0.01,0.01,0.15,85.0,41.0,7.6,16.0,E,0.08333333333333333
Rocky,X,2002.0,Fighting,Rage Software,0.11,0.03,0.0,0.01,0.15,74.0,22.0,7.3,6.0,T,0.08333333333333333
Megamind: Ultimate Showdown,PS3,2010.0,Action,THQ,0.07,0.05,0.0,0.02,0.15,43.0,5.0,4.2,6.0,E10+,0.08333333333333333
Thor: God of Thunder,Wii,2011.0,Action,Sega,0.1,0.04,0.0,0.01,0.15,56.0,14.0,8.0,9.0,T,0.08333333333333333
BlazBlue: Chrono Phantasma Extend,PS4,2015.0,Action,PQube,0.07,0.03,0.02,0.02,0.15,80.0,10.0,7.7,31.0,T,0.08333333333333333
Skylanders Giants,3DS,2012.0,Action,Activision,0.13,0.01,0.0,0.02,0.15,59.0,9.0,5.0,13.0,E10+,0.08333333333333333
BloodRayne 2,X,2004.0,Shooter,THQ,0.11,0.03,0.0,0.01,0.15,71.0,35.0,8.5,4.0,M,0.08333333333333333
Earth Defense Force 2025,X360,2013.0,Shooter,D3Publisher,0.06,0.03,0.05,0.01,0.15,68.0,25.0,8.1,63.0,M,0.08333333333333333
Jaws Unleashed,X,2006.0,Action,THQ,0.11,0.03,0.0,0.01,0.15,51.0,29.0,6.2,9.0,M,0.08333333333333333
Star Trek: Voyager Elite Force,PS2,2001.0,Shooter,Codemasters,0.07,0.06,0.0,0.02,0.15,52.0,12.0,6.4,5.0,T,0.08333333333333333
X-Men: The Official Game,GC,2006.0,Action,Activision,0.12,0.03,0.0,0.0,0.15,50.0,31.0,6.3,8.0,T,0.08333333333333333
Steep,XOne,2016.0,Sports,Ubisoft,0.08,0.06,0.0,0.01,0.15,74.0,15.0,6.6,50.0,T,0.08333333333333333
187: Ride or Die,PS2,2005.0,Racing,Ubisoft,0.07,0.06,0.0,0.02,0.15,52.0,33.0,6.8,12.0,M,0.08333333333333333
Skylanders Imaginators,XOne,2016.0,Platform,Activision,0.09,0.05,0.0,0.01,0.15,78.0,14.0,5.3,9.0,E10+,0.08333333333333333
Geist,GC,2005.0,Adventure,Nintendo,0.11,0.03,0.0,0.0,0.15,66.0,43.0,8.5,24.0,M,0.08333333333333333
eJay Clubworld,PS2,2002.0,Misc,Empire Interactive,0.07,0.06,0.0,0.02,0.15,69.0,5.0,8.6,10.0,E,0.08333333333333333
Life is Strange,XOne,2016.0,Adventure,Square Enix,0.11,0.03,0.0,0.01,0.15,85.0,4.0,8.7,128.0,M,0.08333333333333333
Street Fighter Alpha 3,GBA,2002.0,Fighting,Capcom,0.11,0.04,0.0,0.0,0.15,83.0,17.0,7.8,10.0,T,0.08333333333333333
Final Fantasy XIV: Heavensward,PS4,2015.0,Action,Square Enix,0.0,0.07,0.06,0.01,0.15,86.0,20.0,7.5,228.0,T,0.08333333333333333
Ridge Racer DS,DS,2004.0,Racing,Namco Bandai Games,0.14,0.0,0.0,0.01,0.15,63.0,35.0,6.7,7.0,E,0.08333333333333333
High Velocity Bowling,PS3,2010.0,Sports,Sony Computer Entertainment,0.13,0.0,0.0,0.01,0.15,66.0,14.0,8.1,23.0,E10+,0.08333333333333333
Brain Boost: Beta Wave,DS,2005.0,Puzzle,505 Games,0.14,0.0,0.0,0.01,0.15,39.0,12.0,2.5,4.0,E,0.08333333333333333
Armored Core: For Answer,X360,2008.0,Simulation,Ubisoft,0.06,0.01,0.07,0.01,0.15,64.0,22.0,7.7,38.0,T,0.08333333333333333
Shenmue II,DC,2001.0,Adventure,Sega,0.0,0.0,0.15,0.0,0.15,88.0,9.0,9.4,203.0,T,0.08333333333333333
Blazing Angels 2: Secret Missions of WWII,PS3,2007.0,Simulation,Ubisoft,0.1,0.03,0.0,0.02,0.15,70.0,10.0,7.2,12.0,T,0.08333333333333333
Fugitive Hunter: War on Terror,PS2,2003.0,Shooter,Play It,0.07,0.06,0.0,0.02,0.15,35.0,15.0,5.0,23.0,M,0.08333333333333333
The Incredible Hulk: Ultimate Destruction,GC,2005.0,Action,Vivendi Games,0.11,0.03,0.0,0.0,0.15,84.0,30.0,8.5,15.0,T,0.08333333333333333
Prince of Persia: The Two Thrones,GC,2005.0,Action,Ubisoft,0.11,0.03,0.0,0.0,0.15,84.0,34.0,8.1,22.0,M,0.08333333333333333
PaRappa The Rapper,PSP,2006.0,Misc,Sony Computer Entertainment,0.11,0.0,0.02,0.02,0.15,67.0,43.0,5.2,16.0,E,0.08333333333333333
All-Star Baseball 2005,X,2004.0,Sports,Acclaim Entertainment,0.11,0.03,0.0,0.01,0.15,75.0,31.0,8.8,12.0,E,0.08333333333333333
Batman Begins,GC,2005.0,Action,Electronic Arts,0.11,0.03,0.0,0.0,0.15,66.0,38.0,7.2,10.0,T,0.08333333333333333
Toy Story Racer,PS,2001.0,Racing,Activision,0.08,0.06,0.0,0.01,0.15,76.0,8.0,8.7,9.0,E,0.08333333333333333
Disney's Donald Duck: Goin Quackers,PS,2000.0,Platform,Ubisoft,0.08,0.06,0.0,0.01,0.15,65.0,4.0,7.0,10.0,E,0.08333333333333333
Ys: The Oath in Felghana,PSP,2010.0,Role-Playing,Falcom Corporation,0.09,0.0,0.04,0.01,0.15,80.0,25.0,8.3,57.0,T,0.08333333333333333
Crash: Twinsanity,X,2004.0,Platform,Vivendi Games,0.11,0.03,0.0,0.01,0.15,66.0,30.0,8.7,29.0,E,0.08333333333333333
Pro Evolution Soccer 2015,XOne,2014.0,Sports,Konami Digital Entertainment,0.03,0.1,0.0,0.01,0.15,79.0,9.0,7.3,65.0,E,0.08333333333333333
NHL 2K10,X360,2009.0,Sports,Take-Two Interactive,0.11,0.02,0.0,0.01,0.15,69.0,31.0,7.6,16.0,E10+,0.08333333333333333
Batman: Return to Arkham,XOne,2016.0,Action,Warner Bros. Interactive Entertainment,0.07,0.06,0.0,0.01,0.15,77.0,6.0,8.2,44.0,T,0.08333333333333333
Soldier of Fortune: Payback,PS3,2007.0,Shooter,Activision,0.12,0.02,0.0,0.01,0.15,50.0,14.0,5.4,13.0,M,0.08333333333333333
Arena Football,X,2006.0,Sports,Electronic Arts,0.11,0.03,0.0,0.01,0.15,65.0,17.0,8.5,10.0,E10+,0.08333333333333333
Medal of Honor: Infiltrator,GBA,2003.0,Shooter,Electronic Arts,0.11,0.04,0.0,0.0,0.15,80.0,19.0,7.2,12.0,T,0.08333333333333333
The Wizard of Oz: Beyond The Yellow Brick Road,DS,2008.0,Role-Playing,D3Publisher,0.13,0.0,0.0,0.01,0.15,68.0,18.0,6.0,4.0,E,0.08333333333333333
Just Cause 3,PC,2015.0,Action,Square Enix,0.03,0.11,0.0,0.01,0.15,74.0,50.0,5.3,539.0,M,0.08333333333333333
Super Monkey Ball Deluxe,X,2005.0,Misc,Sega,0.11,0.03,0.0,0.01,0.15,81.0,25.0,8.2,9.0,E,0.08333333333333333
The Cursed Crusade,X360,2011.0,Action,DTP Entertainment,0.08,0.05,0.0,0.01,0.15,39.0,27.0,4.4,29.0,M,0.08333333333333333
Rayman Origins,3DS,2012.0,Platform,Ubisoft,0.06,0.08,0.0,0.01,0.15,71.0,8.0,6.2,66.0,E10+,0.08333333333333333
Tom Clancys Ghost Recon,GC,2003.0,Shooter,Ubisoft,0.11,0.03,0.0,0.0,0.15,59.0,15.0,5.4,17.0,M,0.08333333333333333
Pac-Man Party 3D,3DS,2011.0,Misc,Namco Bandai Games,0.09,0.04,0.0,0.01,0.15,43.0,11.0,5.4,11.0,E,0.08333333333333333
Darkstalkers Chronicle: The Chaos Tower,PSP,2004.0,Fighting,Capcom,0.13,0.0,0.0,0.01,0.15,74.0,27.0,7.9,25.0,T,0.08333333333333333
Terraria,PC,2011.0,Action,506 Games,0.0,0.13,0.0,0.01,0.15,83.0,29.0,8.5,1625.0,T,0.08333333333333333
Mad Dash Racing,X,2001.0,Racing,Eidos Interactive,0.11,0.03,0.0,0.01,0.15,65.0,21.0,7.7,6.0,T,0.08333333333333333
WWE 13,Wii,2012.0,Action,THQ,0.11,0.02,0.0,0.01,0.15,74.0,4.0,6.0,9.0,T,0.08333333333333333
Summon Night 5,PSP,2013.0,Role-Playing,Namco Bandai Games,0.0,0.0,0.15,0.0,0.15,74.0,7.0,8.3,6.0,T,0.08333333333333333
Black Rock Shooter: The Game,PSP,2011.0,Role-Playing,NIS America,0.0,0.0,0.15,0.0,0.15,66.0,19.0,7.2,39.0,T,0.08333333333333333
BMX XXX,PS2,2002.0,Sports,Acclaim Entertainment,0.07,0.06,0.0,0.02,0.15,54.0,14.0,4.4,18.0,M,0.08333333333333333
Boktai: The Sun is in Your Hand,GBA,2003.0,Role-Playing,Konami Digital Entertainment,0.1,0.04,0.0,0.0,0.15,83.0,31.0,9.6,16.0,E,0.08333333333333333
Guilty Gear X2 #Reload,X,2004.0,Fighting,Zoo Digital Publishing,0.11,0.03,0.0,0.01,0.15,86.0,34.0,7.6,12.0,T,0.08333333333333333
F1 2012,PC,2012.0,Racing,Codemasters,0.01,0.11,0.0,0.02,0.15,80.0,15.0,6.9,115.0,E,0.08333333333333333
NBA Ballers: Chosen One,PS3,2008.0,Sports,Midway Games,0.13,0.0,0.0,0.02,0.15,54.0,23.0,6.5,4.0,E,0.08333333333333333
MLB SlugFest 20-03,GC,2002.0,Sports,Midway Games,0.11,0.03,0.0,0.0,0.15,80.0,10.0,7.5,4.0,E,0.08333333333333333
Tiger Woods PGA Tour,DS,2004.0,Sports,Electronic Arts,0.13,0.0,0.0,0.01,0.14,64.0,21.0,7.4,7.0,E,0.07738095238095238
Grabbed by the Ghoulies,X,2003.0,Action,Microsoft Game Studios,0.11,0.03,0.0,0.01,0.14,66.0,42.0,7.3,29.0,E,0.07738095238095238
Cars: Mater-National Championship,X360,2007.0,Racing,THQ,0.13,0.0,0.0,0.01,0.14,58.0,9.0,7.8,6.0,E,0.07738095238095238
Rayman Raving Rabbids,DS,2007.0,Misc,Ubisoft,0.13,0.01,0.0,0.01,0.14,56.0,13.0,6.1,8.0,E,0.07738095238095238
Shadow Hearts: From The New World,PS2,2005.0,Role-Playing,Ghostlight,0.07,0.06,0.0,0.02,0.14,76.0,42.0,8.1,34.0,T,0.07738095238095238
L.A. Rush,X,2005.0,Racing,Midway Games,0.11,0.03,0.0,0.01,0.14,59.0,36.0,3.0,4.0,T,0.07738095238095238
Record of Agarest War 2,PS3,2010.0,Role-Playing,Compile Heart,0.09,0.0,0.04,0.01,0.14,56.0,6.0,7.2,36.0,T,0.07738095238095238
Spider-Man: Friend or Foe,Wii,2007.0,Action,Activision,0.13,0.0,0.0,0.01,0.14,59.0,29.0,8.0,6.0,E10+,0.07738095238095238
Brothers: A Tale of Two Sons,PS4,2015.0,Adventure,505 Games,0.04,0.08,0.0,0.02,0.14,81.0,10.0,8.5,78.0,T,0.07738095238095238
Rayman 3,GBA,2003.0,Platform,Ubisoft,0.1,0.04,0.0,0.0,0.14,83.0,21.0,7.8,8.0,E,0.07738095238095238
Fatal Frame,PS2,2001.0,Action,Wanadoo,0.07,0.06,0.0,0.02,0.14,74.0,22.0,8.9,73.0,T,0.07738095238095238
Cave Story 3D,3DS,2011.0,Platform,Nippon Ichi Software,0.09,0.03,0.01,0.01,0.14,82.0,29.0,7.7,72.0,E10+,0.07738095238095238
Wild ARMs 4,PS2,2005.0,Role-Playing,505 Games,0.07,0.06,0.0,0.02,0.14,69.0,38.0,6.9,18.0,T,0.07738095238095238
Syndicate,PS3,2012.0,Shooter,EA Games,0.07,0.06,0.0,0.02,0.14,75.0,29.0,6.5,106.0,M,0.07738095238095238
Ratatouille,GC,2007.0,Action,THQ,0.11,0.03,0.0,0.0,0.14,60.0,7.0,5.6,7.0,E,0.07738095238095238
G.I. Joe: The Rise of Cobra,PS2,2009.0,Action,Electronic Arts,0.11,0.0,0.0,0.03,0.14,50.0,4.0,2.3,6.0,T,0.07738095238095238
Casper: Spirit Dimensions,PS2,2001.0,Platform,TDK Mediactive,0.07,0.05,0.0,0.02,0.14,58.0,7.0,3.5,6.0,E,0.07738095238095238
Transformers: Devastation,XOne,2015.0,Action,Activision,0.09,0.04,0.0,0.01,0.14,75.0,25.0,7.9,56.0,T,0.07738095238095238
Geometry Wars: Galaxies,DS,2007.0,Shooter,Vivendi Games,0.13,0.0,0.0,0.01,0.14,79.0,36.0,7.9,26.0,E,0.07738095238095238
Alien: Isolation,PC,2014.0,Shooter,Sega,0.0,0.14,0.0,0.01,0.14,81.0,41.0,8.4,1603.0,M,0.07738095238095238
Mega Man Powered Up,PSP,2006.0,Platform,Capcom,0.12,0.01,0.0,0.02,0.14,82.0,28.0,7.5,36.0,E,0.07738095238095238
Class of Heroes,PSP,2008.0,Role-Playing,Acquire,0.06,0.0,0.08,0.01,0.14,61.0,12.0,7.1,12.0,T,0.07738095238095238
Second Sight,PS2,2004.0,Adventure,Codemasters,0.07,0.05,0.0,0.02,0.14,76.0,48.0,8.0,23.0,T,0.07738095238095238
Phantom Brave,PS2,2004.0,Role-Playing,Tecmo Koei,0.07,0.05,0.0,0.02,0.14,81.0,40.0,7.9,22.0,T,0.07738095238095238
Thor: God of Thunder,X360,2011.0,Action,Sega,0.09,0.04,0.0,0.01,0.14,38.0,40.0,5.7,22.0,T,0.07738095238095238
Bejeweled 3,PS3,2010.0,Puzzle,PopCap Games,0.13,0.0,0.0,0.02,0.14,76.0,5.0,8.2,5.0,E,0.07738095238095238
Harvest Moon: Hero of Leaf Valley,PSP,2009.0,Simulation,Rising Star Games,0.07,0.02,0.05,0.01,0.14,74.0,6.0,7.9,12.0,E,0.07738095238095238
FIFA Soccer 2005,GC,2004.0,Sports,Electronic Arts,0.11,0.03,0.0,0.0,0.14,78.0,22.0,8.5,6.0,E,0.07738095238095238
DiRT Rally,XOne,2016.0,Racing,Codemasters,0.05,0.08,0.0,0.01,0.14,86.0,17.0,8.1,61.0,E,0.07738095238095238
Hexyz Force,PSP,2009.0,Role-Playing,Atlus,0.07,0.0,0.06,0.01,0.14,68.0,13.0,7.3,21.0,T,0.07738095238095238
Jonny Moseley Mad Trix,PS2,2001.0,Sports,3DO,0.07,0.05,0.0,0.02,0.14,44.0,14.0,5.7,6.0,T,0.07738095238095238
MTV Music Generator 3: This Is the Remix,PS2,2004.0,Misc,Codemasters,0.07,0.05,0.0,0.02,0.14,79.0,28.0,8.6,8.0,T,0.07738095238095238
Terminator 3: Rise of the Machines,X,2003.0,Action,Atari,0.11,0.03,0.0,0.01,0.14,35.0,24.0,2.0,10.0,T,0.07738095238095238
SSX On Tour,X,2005.0,Sports,Electronic Arts,0.11,0.03,0.0,0.01,0.14,81.0,35.0,8.1,10.0,E,0.07738095238095238
NCAA College Basketball 2K3,X,2002.0,Sports,Sega,0.11,0.03,0.0,0.01,0.14,84.0,12.0,8.4,5.0,E,0.07738095238095238
Victorious Boxers: Revolution,Wii,2007.0,Fighting,Ubisoft,0.07,0.0,0.06,0.01,0.14,59.0,26.0,5.4,8.0,T,0.07738095238095238
Farming Simulator 2013,PS3,2013.0,Simulation,Focus Home Interactive,0.0,0.09,0.02,0.02,0.14,40.0,17.0,2.9,9.0,E,0.07738095238095238
The Legend of Heroes II: Prophecy of the Moonlight Witch,PSP,2004.0,Role-Playing,Namco Bandai Games,0.03,0.0,0.11,0.0,0.14,63.0,25.0,6.8,12.0,E10+,0.07738095238095238
Doom,GBA,2001.0,Shooter,Activision,0.1,0.04,0.0,0.0,0.14,81.0,24.0,8.5,15.0,T,0.07738095238095238
PaRappa The Rapper 2,PS2,2001.0,Misc,Sony Computer Entertainment,0.07,0.05,0.0,0.02,0.14,67.0,26.0,6.6,26.0,E,0.07738095238095238
NFL Head Coach 09,PS3,2008.0,Sports,Electronic Arts,0.13,0.0,0.0,0.01,0.14,64.0,12.0,7.1,12.0,E,0.07738095238095238
Hitman: Blood Money,X,2006.0,Action,Eidos Interactive,0.11,0.03,0.0,0.01,0.14,81.0,27.0,9.1,32.0,M,0.07738095238095238
PANGYA: Fantasy Golf,PSP,2009.0,Sports,Takara Tomy,0.09,0.0,0.04,0.01,0.14,77.0,16.0,7.2,14.0,E10+,0.07738095238095238
Gretzky NHL 06,PSP,2005.0,Sports,Sony Computer Entertainment,0.13,0.0,0.0,0.01,0.14,65.0,22.0,6.8,4.0,E10+,0.07738095238095238
NFL Blitz 20-03,X,2002.0,Sports,Midway Games,0.11,0.03,0.0,0.01,0.14,72.0,12.0,7.8,4.0,E,0.07738095238095238
Thor: God of Thunder,PS3,2011.0,Action,Sega,0.07,0.05,0.0,0.02,0.14,39.0,35.0,4.4,19.0,T,0.07738095238095238
Pirates: The Legend of Black Kat,PS2,2002.0,Adventure,Electronic Arts,0.07,0.05,0.0,0.02,0.14,72.0,24.0,7.9,8.0,T,0.07738095238095238
Fur Fighters: Viggos Revenge,PS2,2001.0,Action,Acclaim Entertainment,0.07,0.05,0.0,0.02,0.14,64.0,15.0,7.3,37.0,T,0.07738095238095238
Scarface: The World is Yours,Wii,2007.0,Action,Vivendi Games,0.12,0.01,0.0,0.01,0.14,71.0,23.0,8.4,29.0,M,0.07738095238095238
Dengeki Bunko Fighting Climax,PSV,2014.0,Fighting,Sega,0.05,0.0,0.08,0.02,0.14,75.0,7.0,8.5,28.0,T,0.07738095238095238
The Da Vinci Code,PS2,2006.0,Action,Take-Two Interactive,0.07,0.05,0.0,0.02,0.14,54.0,43.0,8.0,24.0,T,0.07738095238095238
Top Spin 4,Wii,2011.0,Sports,Take-Two Interactive,0.04,0.08,0.0,0.02,0.14,54.0,8.0,7.4,7.0,E,0.07738095238095238
Chicken Shoot,DS,2007.0,Action,Zoo Digital Publishing,0.13,0.0,0.0,0.01,0.14,19.0,4.0,2.9,8.0,E10+,0.07738095238095238
Dead to Rights,GC,2002.0,Shooter,Electronic Arts,0.11,0.03,0.0,0.0,0.14,77.0,16.0,8.7,7.0,M,0.07738095238095238
Sphinx and the Cursed Mummy,GC,2003.0,Action,THQ,0.11,0.03,0.0,0.0,0.14,79.0,22.0,8.8,12.0,T,0.07738095238095238
Cities: Skylines,PC,2015.0,Simulation,Paradox Interactive,0.0,0.13,0.0,0.01,0.14,85.0,60.0,8.9,1412.0,E,0.07738095238095238
Cranium Kabookii,Wii,2007.0,Misc,Ubisoft,0.13,0.0,0.0,0.01,0.14,64.0,9.0,5.4,13.0,E,0.07738095238095238
Risen 2: Dark Waters,X360,2012.0,Role-Playing,Deep Silver,0.05,0.08,0.0,0.01,0.14,60.0,18.0,6.0,58.0,M,0.07738095238095238
Destruction Derby Raw,PS,2000.0,Racing,Sony Computer Entertainment,0.08,0.05,0.0,0.01,0.14,69.0,9.0,7.3,14.0,E,0.07738095238095238
World Tour Soccer 2003,PS2,2002.0,Sports,Sony Computer Entertainment,0.07,0.05,0.0,0.02,0.14,78.0,21.0,8.3,7.0,E,0.07738095238095238
ArmA II,PC,2009.0,Shooter,505 Games,0.0,0.12,0.0,0.02,0.14,77.0,38.0,7.5,589.0,M,0.07738095238095238
Spyro: A Heros Tail,X,2004.0,Platform,Vivendi Games,0.11,0.03,0.0,0.01,0.14,64.0,17.0,9.1,10.0,E,0.07738095238095238
Eternal Poison,PS2,2008.0,Role-Playing,Banpresto,0.07,0.05,0.0,0.02,0.14,65.0,11.0,8.4,10.0,T,0.07738095238095238
The Orange Box,PC,2007.0,Shooter,Electronic Arts,0.0,0.11,0.0,0.03,0.14,96.0,34.0,9.3,1500.0,M,0.07738095238095238
Metal Slug Anthology,Wii,2006.0,Shooter,Ignition Entertainment,0.12,0.01,0.0,0.01,0.14,73.0,38.0,8.0,22.0,T,0.07738095238095238
Gungrave: Overdose,PS2,2004.0,Shooter,Play It,0.07,0.05,0.0,0.02,0.14,68.0,50.0,8.7,12.0,M,0.07738095238095238
Dream Pinball 3D,Wii,2008.0,Misc,SouthPeak Games,0.1,0.02,0.0,0.01,0.14,54.0,8.0,7.6,7.0,E10+,0.07738095238095238
Mr. Driller: Drill Spirits,DS,2004.0,Puzzle,Nintendo,0.08,0.0,0.05,0.01,0.14,70.0,35.0,8.9,9.0,E,0.07738095238095238
Power Gig: Rise of the SixString,PS3,2010.0,Misc,Unknown,0.13,0.0,0.0,0.01,0.14,36.0,10.0,0.5,4.0,T,0.07738095238095238
Baldurs Gate: Dark Alliance,GC,2002.0,Role-Playing,Virgin Interactive,0.11,0.03,0.0,0.0,0.14,79.0,10.0,7.7,22.0,T,0.07738095238095238
Star Wars: Knights of the Old Republic,PC,2003.0,Role-Playing,LucasArts,0.01,0.1,0.0,0.02,0.14,93.0,33.0,9.0,1512.0,T,0.07738095238095238
Hatsune Miku: Project Diva X,PSV,2016.0,Misc,Sega,0.03,0.0,0.11,0.01,0.14,83.0,5.0,8.0,24.0,T,0.07738095238095238
The Operative: No One Lives Forever,PS2,2002.0,Shooter,Electronic Arts,0.07,0.05,0.0,0.02,0.14,67.0,23.0,8.1,17.0,T,0.07738095238095238
Valkyrie Drive: Bhikkhuni,PSV,2015.0,Action,PQube,0.0,0.05,0.08,0.01,0.14,72.0,7.0,8.4,14.0,M,0.07738095238095238
Your Shape: Fitness Evolved 2013,WiiU,2012.0,Action,Ubisoft,0.06,0.07,0.0,0.01,0.14,76.0,8.0,6.3,16.0,E10+,0.07738095238095238
Cabelas African Safari,X360,2006.0,Sports,Activision Value,0.13,0.0,0.0,0.01,0.14,53.0,4.0,5.0,8.0,T,0.07738095238095238
Ecco the Dolphin: Defender of the Future,PS2,2002.0,Adventure,Sony Computer Entertainment,0.07,0.05,0.0,0.02,0.14,71.0,17.0,8.5,11.0,E,0.07738095238095238
Just Cause,X360,2006.0,Action,Eidos Interactive,0.1,0.03,0.01,0.01,0.14,73.0,57.0,7.2,52.0,M,0.07738095238095238
RIGS: Mechanized Combat League,PS4,2016.0,Action,Sony Computer Entertainment,0.05,0.06,0.01,0.02,0.14,78.0,43.0,8.0,79.0,T,0.07738095238095238
X-Blades,X360,2009.0,Action,SouthPeak Games,0.1,0.02,0.02,0.01,0.14,50.0,39.0,5.4,14.0,M,0.07738095238095238
Battlefield: Hardline,PC,2015.0,Shooter,Electronic Arts,0.0,0.13,0.0,0.01,0.14,71.0,31.0,3.8,776.0,M,0.07738095238095238
Godzilla: Save the Earth,X,2004.0,Fighting,Atari,0.1,0.03,0.0,0.0,0.14,63.0,22.0,8.2,6.0,T,0.07738095238095238
Virtua Tennis 4,Wii,2011.0,Sports,Sega,0.05,0.08,0.0,0.01,0.14,65.0,15.0,7.5,4.0,E,0.07738095238095238
TRINITY: Souls of Zill Oll,PS3,2010.0,Role-Playing,Ubisoft Annecy,0.06,0.03,0.03,0.01,0.14,55.0,34.0,6.2,33.0,T,0.07738095238095238
Risen,PC,2009.0,Role-Playing,Deep Silver,0.0,0.11,0.0,0.02,0.14,77.0,32.0,8.1,682.0,M,0.07738095238095238
Rayman Legends,PSV,2014.0,Platform,Ubisoft,0.01,0.1,0.0,0.03,0.14,87.0,8.0,8.5,160.0,E10+,0.07738095238095238
Tim Burtons The Nightmare Before Christmas: The Pumpkin King,GBA,2005.0,Platform,Disney Interactive Studios,0.1,0.04,0.0,0.0,0.14,71.0,5.0,5.5,6.0,E10+,0.07738095238095238
Enclave,X,2002.0,Adventure,Swing! Entertainment,0.11,0.03,0.0,0.01,0.14,66.0,28.0,8.4,13.0,M,0.07738095238095238
Wild ARMs XF,PSP,2007.0,Role-Playing,505 Games,0.07,0.0,0.06,0.01,0.14,64.0,22.0,6.8,20.0,E10+,0.07738095238095238
Hyperdevotion Noire: Goddess Black Heart,PSV,2014.0,Role-Playing,Idea Factory,0.05,0.01,0.06,0.02,0.14,68.0,24.0,7.1,36.0,T,0.07738095238095238
Dino Crisis 3,X,2003.0,Action,Capcom,0.08,0.03,0.03,0.0,0.14,51.0,28.0,4.1,22.0,M,0.07738095238095238
College Hoops 2K8,PS3,2007.0,Sports,Take-Two Interactive,0.13,0.0,0.0,0.01,0.14,82.0,18.0,5.2,6.0,E,0.07738095238095238
LEGO Legends of Chima: Lavals Journey,PSV,2013.0,Adventure,Warner Bros. Interactive Entertainment,0.01,0.09,0.0,0.03,0.14,64.0,5.0,6.6,8.0,E10+,0.07738095238095238
The Darkness II,PC,2012.0,Shooter,Take-Two Interactive,0.1,0.03,0.0,0.01,0.14,77.0,20.0,7.6,450.0,M,0.07738095238095238
Eragon,X360,2006.0,Action,Vivendi Games,0.12,0.01,0.0,0.01,0.14,48.0,32.0,5.7,24.0,T,0.07738095238095238
Dynasty Warriors 7: Empires,PS3,2012.0,Action,Ubisoft Annecy,0.0,0.0,0.14,0.0,0.14,63.0,20.0,8.0,22.0,T,0.07738095238095238
Super Puzzle Fighter II Turbo,PS,1996.0,Puzzle,Virgin Interactive,0.08,0.05,0.0,0.01,0.14,83.0,9.0,7.4,5.0,E,0.07738095238095238
Bejeweled 3,X360,2010.0,Puzzle,PopCap Games,0.13,0.0,0.0,0.01,0.14,78.0,13.0,8.4,11.0,E,0.07738095238095238
Blazing Angels 2: Secret Missions of WWII,X360,2007.0,Simulation,Ubisoft,0.11,0.02,0.0,0.01,0.14,72.0,24.0,7.8,12.0,T,0.07738095238095238
Warcraft III: Reign of Chaos,PC,2002.0,Strategy,Vivendi Games,0.03,0.09,0.0,0.02,0.14,92.0,40.0,9.1,1034.0,T,0.07738095238095238
How to Train Your Dragon,X360,2010.0,Action,Activision,0.11,0.02,0.0,0.01,0.14,58.0,23.0,7.6,10.0,E10+,0.07738095238095238
Rayman Arena,GC,2002.0,Racing,Ubisoft,0.11,0.03,0.0,0.0,0.14,60.0,10.0,7.2,6.0,E,0.07738095238095238
Shining Soul,GBA,2002.0,Role-Playing,Atari,0.03,0.01,0.09,0.0,0.14,58.0,13.0,8.5,8.0,E,0.07738095238095238
Dead Rising 2,PC,2010.0,Action,Capcom,0.1,0.02,0.0,0.01,0.14,78.0,17.0,6.3,213.0,M,0.07738095238095238
Battleborn,PC,2016.0,Shooter,Take-Two Interactive,0.08,0.04,0.0,0.01,0.14,69.0,34.0,6.9,403.0,T,0.07738095238095238
Diablo II,PC,2000.0,Role-Playing,Havas Interactive,0.01,0.1,0.0,0.02,0.14,88.0,34.0,8.8,1067.0,M,0.07738095238095238
Fear Factor: Unleashed,GBA,2004.0,Action,Hip Interactive,0.1,0.04,0.0,0.0,0.14,30.0,15.0,3.0,4.0,T,0.07738095238095238
Heroes over Europe,X360,2009.0,Simulation,Ubisoft,0.1,0.02,0.0,0.01,0.14,62.0,39.0,8.1,9.0,T,0.07738095238095238
Create,X360,2010.0,Action,Electronic Arts,0.1,0.03,0.0,0.01,0.14,60.0,19.0,5.8,10.0,E,0.07738095238095238
UEFA Euro 2004: Portugal,PS2,2004.0,Sports,Electronic Arts,0.07,0.05,0.0,0.02,0.14,76.0,21.0,6.4,18.0,E,0.07738095238095238
Happy Feet,Wii,2006.0,Action,Midway Games,0.12,0.0,0.0,0.01,0.14,46.0,11.0,6.7,16.0,E,0.07738095238095238
Batman: Arkham Knight,PC,2015.0,Action,Warner Bros. Interactive Entertainment,0.09,0.03,0.0,0.01,0.14,70.0,14.0,2.5,1982.0,M,0.07738095238095238
Major League Baseball 2K8,Wii,2008.0,Sports,Take-Two Interactive,0.13,0.0,0.0,0.01,0.14,63.0,10.0,7.6,16.0,E,0.07738095238095238
Persona 4: Arena Ultimax,PS3,2014.0,Fighting,Atlus,0.0,0.0,0.13,0.0,0.14,84.0,38.0,8.0,87.0,T,0.07738095238095238
NBA Jam,X,2003.0,Sports,Acclaim Entertainment,0.1,0.03,0.0,0.0,0.14,68.0,17.0,9.1,7.0,E,0.07738095238095238
World Tour Soccer 2002,PS2,2001.0,Sports,Sony Computer Entertainment,0.07,0.05,0.0,0.02,0.14,77.0,21.0,7.5,10.0,E,0.07738095238095238
NCIS,X360,2011.0,Adventure,Ubisoft,0.1,0.02,0.0,0.01,0.14,35.0,11.0,3.8,6.0,T,0.07738095238095238
Apex,X,2003.0,Racing,Atari,0.1,0.03,0.0,0.0,0.14,74.0,26.0,9.1,7.0,E,0.07738095238095238
Tomb Raider: The Prophecy,GBA,2002.0,Action,Ubisoft,0.1,0.04,0.0,0.0,0.14,66.0,20.0,8.8,13.0,T,0.07738095238095238
Vampire Night,PS2,2001.0,Shooter,Sony Computer Entertainment,0.07,0.05,0.0,0.02,0.14,65.0,18.0,8.0,5.0,T,0.07738095238095238
Valhalla Knights: Eldar Saga,Wii,2009.0,Role-Playing,Rising Star Games,0.1,0.01,0.01,0.01,0.14,35.0,17.0,6.7,19.0,T,0.07738095238095238
BIT.TRIP SAGA,3DS,2011.0,Misc,Rising Star Games,0.09,0.04,0.0,0.01,0.14,75.0,21.0,7.8,24.0,E,0.07738095238095238
World Championship Poker 2: Featuring Howard Lederer,PSP,2005.0,Misc,505 Games,0.12,0.0,0.0,0.01,0.14,65.0,17.0,2.8,17.0,T,0.07738095238095238
Metal Slug 7,DS,2008.0,Shooter,Ignition Entertainment,0.12,0.0,0.01,0.01,0.14,70.0,38.0,7.4,14.0,T,0.07738095238095238
MotoGP 06,X360,2006.0,Racing,THQ,0.11,0.01,0.0,0.01,0.14,80.0,50.0,7.7,13.0,E,0.07738095238095238
G.I. Joe: The Rise of Cobra,DS,2009.0,Action,Electronic Arts,0.11,0.01,0.0,0.01,0.14,47.0,16.0,7.5,4.0,E10+,0.07738095238095238
Salt Lake 2002,PS2,2002.0,Sports,Eidos Interactive,0.07,0.05,0.0,0.02,0.14,49.0,11.0,3.5,6.0,E,0.07738095238095238
Red Orchestra 2: Heroes of Stalingrad,PC,2011.0,Shooter,Tripwire Interactive,0.04,0.07,0.0,0.02,0.14,76.0,49.0,7.3,730.0,M,0.07738095238095238
Gladius,X,2003.0,Strategy,Activision,0.1,0.03,0.0,0.0,0.14,79.0,31.0,8.6,23.0,T,0.07738095238095238
Legends of Wrestling,X,2002.0,Fighting,Acclaim Entertainment,0.1,0.03,0.0,0.0,0.14,65.0,10.0,5.8,4.0,T,0.07738095238095238
Magnetica,DS,2006.0,Puzzle,Nintendo,0.08,0.01,0.03,0.01,0.14,68.0,33.0,8.1,11.0,E,0.07738095238095238
James Bond 007: Nightfire,GBA,2003.0,Shooter,Electronic Arts,0.1,0.04,0.0,0.0,0.13,66.0,6.0,8.1,9.0,T,0.07142857142857144
Castlevania Chronicles,PS,2001.0,Platform,Konami Digital Entertainment,0.07,0.05,0.0,0.01,0.13,69.0,16.0,7.0,13.0,T,0.07142857142857144
FIFA Street 2,PSP,2006.0,Sports,Electronic Arts,0.07,0.05,0.0,0.02,0.13,58.0,6.0,6.9,17.0,E,0.07142857142857144
Rise of the Tomb Raider,PC,2016.0,Adventure,Square Enix,0.0,0.13,0.0,0.01,0.13,86.0,45.0,7.9,938.0,M,0.07142857142857144
One Piece: Unlimited World Red,PSV,2014.0,Action,Namco Bandai Games,0.04,0.04,0.04,0.02,0.13,67.0,4.0,7.8,25.0,T,0.07142857142857144
King Arthur,PS2,2004.0,Action,Konami Digital Entertainment,0.07,0.05,0.0,0.02,0.13,59.0,22.0,8.0,10.0,T,0.07142857142857144
The Guy Game,PS2,2004.0,Misc,Gathering of Developers,0.07,0.05,0.0,0.02,0.13,48.0,20.0,6.9,14.0,M,0.07142857142857144
Rogue Warrior,PS3,2009.0,Shooter,Bethesda Softworks,0.11,0.01,0.0,0.01,0.13,27.0,24.0,2.8,66.0,M,0.07142857142857144
Blade II,X,2002.0,Action,Activision,0.1,0.03,0.0,0.0,0.13,53.0,20.0,4.0,4.0,M,0.07142857142857144
Baseball Advance,GBA,2002.0,Sports,Sega,0.1,0.04,0.0,0.0,0.13,80.0,16.0,7.8,5.0,E,0.07142857142857144
Nitrobike,Wii,2008.0,Racing,Ubisoft,0.11,0.01,0.0,0.01,0.13,49.0,22.0,7.1,7.0,E10+,0.07142857142857144
Hulk Hogans Main Event,X360,2011.0,Fighting,505 Games,0.1,0.02,0.0,0.01,0.13,26.0,4.0,2.2,20.0,T,0.07142857142857144
Retro Atari Classics,DS,2005.0,Misc,Atari,0.12,0.0,0.0,0.01,0.13,51.0,17.0,3.7,7.0,E,0.07142857142857144
Titanfall 2,PC,2016.0,Shooter,Electronic Arts,0.05,0.08,0.0,0.01,0.13,86.0,29.0,8.1,541.0,M,0.07142857142857144
Need for Speed Underground 2,DS,2005.0,Racing,Electronic Arts,0.11,0.02,0.0,0.01,0.13,65.0,13.0,7.0,25.0,E,0.07142857142857144
Ys: The Ark of Napishtim,PS2,2005.0,Role-Playing,Konami Digital Entertainment,0.07,0.05,0.0,0.02,0.13,72.0,35.0,8.8,14.0,T,0.07142857142857144
Gravity Rush Remastered,PS4,2015.0,Action,Sony Computer Entertainment,0.02,0.05,0.04,0.01,0.13,80.0,62.0,8.2,164.0,T,0.07142857142857144
Divinity II: The Dragon Knight Saga,X360,2010.0,Role-Playing,Focus Home Interactive,0.11,0.02,0.0,0.01,0.13,72.0,13.0,7.8,50.0,M,0.07142857142857144
NHL 2K8,X360,2007.0,Sports,Take-Two Interactive,0.11,0.01,0.0,0.01,0.13,71.0,43.0,7.4,17.0,E10+,0.07142857142857144
Puzzle Kingdoms,DS,2009.0,Puzzle,Zoo Digital Publishing,0.12,0.0,0.0,0.01,0.13,64.0,12.0,6.3,4.0,E10+,0.07142857142857144
Shin Megami Tensei: Devil Summoner 2 - Raidou Kuzunoha vs. King Abaddon,PS2,2008.0,Role-Playing,Atlus,0.07,0.05,0.0,0.02,0.13,79.0,23.0,8.7,26.0,M,0.07142857142857144
Secret Agent Clank,PSP,2008.0,Platform,Sony Computer Entertainment,0.04,0.03,0.04,0.02,0.13,72.0,56.0,7.8,35.0,E10+,0.07142857142857144
X-Blades,PS3,2009.0,Action,SouthPeak Games,0.07,0.03,0.02,0.01,0.13,50.0,31.0,5.9,15.0,M,0.07142857142857144
Army Men: Green Rogue,PS2,2001.0,Action,3DO,0.06,0.05,0.0,0.02,0.13,39.0,13.0,3.8,4.0,T,0.07142857142857144
Chessmaster,X,2004.0,Misc,Ubisoft,0.1,0.03,0.0,0.0,0.13,79.0,12.0,9.0,6.0,E,0.07142857142857144
Kororinpa: Marble Mania,Wii,2006.0,Puzzle,Nintendo,0.08,0.02,0.03,0.01,0.13,69.0,39.0,8.7,21.0,E,0.07142857142857144
Peter Jacksons King Kong: The Official Game of the Movie,DS,2005.0,Action,Ubisoft,0.12,0.0,0.0,0.01,0.13,28.0,5.0,3.2,32.0,T,0.07142857142857144
Superman: The Man of Steel,X,2002.0,Action,Atari,0.1,0.03,0.0,0.0,0.13,44.0,19.0,6.0,11.0,T,0.07142857142857144
NHL 2003,GC,2002.0,Sports,Electronic Arts,0.1,0.03,0.0,0.0,0.13,79.0,13.0,8.3,4.0,E,0.07142857142857144
Chicken Run,PS,2000.0,Adventure,Eidos Interactive,0.07,0.05,0.0,0.01,0.13,75.0,7.0,6.2,6.0,E,0.07142857142857144
Project CARS,PC,2015.0,Racing,Slightly Mad Studios,0.0,0.12,0.0,0.01,0.13,83.0,48.0,7.0,421.0,E,0.07142857142857144
Fatal Inertia,X360,2007.0,Racing,Tecmo Koei,0.12,0.0,0.0,0.01,0.13,61.0,30.0,4.2,19.0,E10+,0.07142857142857144
Phantom Brave: We Meet Again,Wii,2009.0,Role-Playing,Nippon Ichi Software,0.12,0.0,0.01,0.01,0.13,76.0,12.0,7.1,15.0,T,0.07142857142857144
WWE Survivor Series,GBA,2004.0,Fighting,THQ,0.09,0.04,0.0,0.0,0.13,55.0,12.0,8.2,5.0,T,0.07142857142857144
Kung-Fu: High Impact,X360,2011.0,Action,Black Bean Games,0.08,0.05,0.0,0.01,0.13,56.0,18.0,7.8,20.0,T,0.07142857142857144
Tomb Raider: Legend,X,2006.0,Action,Eidos Interactive,0.1,0.03,0.0,0.0,0.13,82.0,40.0,7.2,13.0,T,0.07142857142857144
Ninjatown,DS,2008.0,Strategy,SouthPeak Games,0.12,0.0,0.0,0.01,0.13,80.0,40.0,8.3,21.0,E,0.07142857142857144
Alone in the Dark: Inferno,PS3,2008.0,Adventure,Atari,0.09,0.03,0.0,0.02,0.13,69.0,25.0,5.6,50.0,M,0.07142857142857144
Frogger Beyond,GC,2002.0,Platform,Konami Digital Entertainment,0.1,0.03,0.0,0.0,0.13,60.0,6.0,7.2,5.0,E,0.07142857142857144
RPG Maker II,PS2,2002.0,Role-Playing,Enterbrain,0.06,0.05,0.0,0.02,0.13,65.0,9.0,8.8,77.0,E,0.07142857142857144
Destruction Derby Arenas,PS2,2004.0,Racing,Sony Computer Entertainment,0.06,0.05,0.0,0.02,0.13,57.0,27.0,7.8,14.0,T,0.07142857142857144
MLB Power Pros 2008,Wii,2008.0,Sports,Konami Digital Entertainment,0.11,0.0,0.01,0.01,0.13,79.0,16.0,8.7,22.0,E,0.07142857142857144
Rumble Roses XX,X360,2006.0,Fighting,Konami Digital Entertainment,0.07,0.01,0.04,0.01,0.13,62.0,54.0,6.6,28.0,M,0.07142857142857144
Anno 1701: Dawn of Discovery,DS,2007.0,Simulation,Touchstone,0.07,0.05,0.0,0.01,0.13,78.0,14.0,7.5,19.0,E,0.07142857142857144
Shaman King: Power of Spirit,PS2,2004.0,Adventure,Konami Digital Entertainment,0.06,0.05,0.0,0.02,0.13,54.0,9.0,8.2,17.0,T,0.07142857142857144
NBA 2K13,WiiU,2012.0,Sports,Take-Two Interactive,0.08,0.04,0.0,0.01,0.13,85.0,17.0,7.0,43.0,E,0.07142857142857144
The BIGS 2,PS3,2009.0,Sports,Take-Two Interactive,0.12,0.0,0.0,0.01,0.13,80.0,18.0,7.6,16.0,E10+,0.07142857142857144
Dead to Rights: Reckoning,PSP,2005.0,Shooter,Electronic Arts,0.12,0.0,0.0,0.01,0.13,54.0,26.0,7.2,22.0,M,0.07142857142857144
NBA 08,PS3,2007.0,Sports,Sony Computer Entertainment,0.12,0.0,0.0,0.01,0.13,63.0,37.0,6.0,4.0,E,0.07142857142857144
Thor: God of Thunder,DS,2011.0,Action,Sega,0.08,0.04,0.0,0.01,0.13,64.0,18.0,7.2,9.0,E10+,0.07142857142857144
Mission: Impossible - Operation Surma,X,2003.0,Platform,Atari,0.1,0.03,0.0,0.0,0.13,67.0,27.0,6.8,4.0,T,0.07142857142857144
Legendary,PS3,2008.0,Shooter,Atari,0.08,0.03,0.0,0.02,0.13,50.0,31.0,7.1,31.0,M,0.07142857142857144
Disney's Kim Possible: Kimmunicator,DS,2005.0,Platform,Disney Interactive Studios,0.11,0.01,0.0,0.01,0.13,61.0,14.0,7.5,4.0,E,0.07142857142857144
Mega Man Anniversary Collection,X,2005.0,Platform,Capcom,0.1,0.03,0.0,0.0,0.13,80.0,12.0,9.2,5.0,E,0.07142857142857144
F1 2011,PSV,2011.0,Racing,Codemasters,0.03,0.07,0.01,0.02,0.13,66.0,27.0,6.3,26.0,E,0.07142857142857144
Drakengard 2,PS2,2005.0,Role-Playing,Ubisoft,0.06,0.05,0.0,0.02,0.13,58.0,34.0,5.5,49.0,M,0.07142857142857144
Shrek Super Party,X,2002.0,Misc,TDK Mediactive,0.1,0.03,0.0,0.0,0.13,33.0,9.0,8.0,11.0,E,0.07142857142857144
Sonic Riders,X,2006.0,Racing,Sega,0.1,0.03,0.0,0.0,0.13,56.0,33.0,8.1,7.0,E,0.07142857142857144
Venetica,X360,2010.0,Role-Playing,DTP Entertainment,0.09,0.03,0.0,0.01,0.13,42.0,14.0,7.3,18.0,T,0.07142857142857144
Street Fighter IV,PC,2009.0,Fighting,Capcom,0.07,0.05,0.0,0.02,0.13,91.0,23.0,7.9,354.0,T,0.07142857142857144
Persona 4: Arena,X360,2012.0,Fighting,Atlus,0.08,0.01,0.03,0.01,0.13,83.0,21.0,7.3,60.0,T,0.07142857142857144
Cabelas Alaskan Adventure,X360,2006.0,Sports,Activision,0.12,0.0,0.0,0.01,0.13,48.0,11.0,5.6,17.0,T,0.07142857142857144
Heroes of the Pacific,X,2005.0,Simulation,Codemasters,0.1,0.03,0.0,0.0,0.13,76.0,33.0,8.2,5.0,T,0.07142857142857144
RollerCoaster Tycoon,X,2003.0,Strategy,Atari,0.1,0.03,0.0,0.0,0.13,62.0,8.0,8.3,12.0,E,0.07142857142857144
NightCaster,X,2002.0,Action,Microsoft Game Studios,0.1,0.03,0.0,0.0,0.13,61.0,27.0,5.7,7.0,T,0.07142857142857144
FIFA World Cup Germany 2006,GC,2006.0,Sports,Electronic Arts,0.1,0.03,0.0,0.0,0.13,76.0,17.0,6.2,5.0,E,0.07142857142857144
Hitman 2: Silent Assassin,GC,2003.0,Action,Eidos Interactive,0.1,0.03,0.0,0.0,0.13,83.0,17.0,5.5,8.0,M,0.07142857142857144
Ape Escape 3,PS2,2005.0,Platform,Sony Computer Entertainment,0.06,0.05,0.0,0.02,0.13,77.0,51.0,8.5,22.0,E10+,0.07142857142857144
"Crouching Tiger, Hidden Dragon",PS2,2003.0,Action,Ubisoft,0.06,0.05,0.0,0.02,0.13,48.0,26.0,3.7,6.0,T,0.07142857142857144
Iridion II,GBA,2003.0,Shooter,Vivendi Games,0.09,0.03,0.0,0.0,0.13,78.0,13.0,8.3,4.0,E,0.07142857142857144
Whiplash,PS2,2003.0,Racing,Eidos Interactive,0.06,0.05,0.0,0.02,0.13,66.0,32.0,8.7,15.0,T,0.07142857142857144
Watch Dogs,WiiU,2014.0,Action,Ubisoft,0.07,0.05,0.0,0.01,0.13,62.0,15.0,6.4,164.0,M,0.07142857142857144
Crush3D,3DS,2012.0,Platform,Sega,0.08,0.04,0.0,0.01,0.13,71.0,32.0,7.4,16.0,E10+,0.07142857142857144
BlazBlue: Continuum Shift II,PSP,2011.0,Fighting,PQube,0.03,0.02,0.07,0.01,0.13,77.0,8.0,6.8,10.0,T,0.07142857142857144
Game Party: Champions,WiiU,2012.0,Action,Warner Bros. Interactive Entertainment,0.09,0.03,0.0,0.01,0.13,24.0,8.0,3.5,21.0,E,0.07142857142857144
Summon Night: Twin Age,DS,2007.0,Role-Playing,Banpresto,0.07,0.0,0.05,0.01,0.13,73.0,21.0,7.2,11.0,E10+,0.07142857142857144
Spider-Man: Battle for New York,DS,2006.0,Platform,Activision,0.12,0.0,0.0,0.01,0.13,68.0,13.0,6.9,8.0,E10+,0.07142857142857144
Green Lantern: Rise of the Manhunters,3DS,2011.0,Action,Warner Bros. Interactive Entertainment,0.09,0.03,0.0,0.01,0.13,42.0,6.0,3.9,7.0,E10+,0.07142857142857144
Otogi: Myth of Demons,X,2002.0,Action,Sega,0.08,0.02,0.03,0.0,0.13,80.0,40.0,8.5,28.0,T,0.07142857142857144
Alter Echo,PS2,2003.0,Shooter,THQ,0.06,0.05,0.0,0.02,0.13,62.0,26.0,7.0,9.0,T,0.07142857142857144
Tony Hawks Pro Skater 5,XOne,2015.0,Sports,Activision,0.1,0.02,0.0,0.01,0.13,39.0,18.0,2.1,132.0,T,0.07142857142857144
Deception IV: Blood Ties,PSV,2014.0,Action,Tecmo Koei,0.02,0.02,0.07,0.01,0.13,67.0,19.0,7.5,61.0,M,0.07142857142857144
Puzzle de Harvest Moon,DS,2007.0,Puzzle,Natsume,0.12,0.0,0.0,0.01,0.13,41.0,5.0,6.3,4.0,E,0.07142857142857144
Rocksmith,PC,2011.0,Misc,Ubisoft,0.07,0.04,0.0,0.02,0.13,78.0,5.0,8.1,57.0,T,0.07142857142857144
Naruto Shippuden: Kizuna Drive,PSP,2010.0,Action,Namco Bandai Games,0.04,0.02,0.05,0.01,0.13,57.0,22.0,5.0,6.0,T,0.07142857142857144
Shin Megami Tensei: Digital Devil Saga,PS2,2004.0,Role-Playing,Ghostlight,0.06,0.05,0.0,0.02,0.13,78.0,42.0,8.2,48.0,M,0.07142857142857144
Rango: The Video Game,X360,2011.0,Action,Electronic Arts,0.06,0.06,0.0,0.01,0.13,68.0,25.0,8.0,9.0,E10+,0.07142857142857144
Eat Lead: The Return of Matt Hazard,PS3,2009.0,Shooter,D3Publisher,0.09,0.02,0.0,0.01,0.13,51.0,38.0,6.5,21.0,T,0.07142857142857144
Cabelas Dangerous Hunts 2009,PS3,2008.0,Sports,Activision Value,0.12,0.0,0.0,0.01,0.13,39.0,6.0,1.8,10.0,T,0.07142857142857144
Tom Clancys Splinter Cell: Double Agent,Wii,2006.0,Action,Ubisoft,0.1,0.01,0.0,0.01,0.13,61.0,12.0,7.4,16.0,M,0.07142857142857144
Star Wars: Lethal Alliance,PSP,2006.0,Action,Ubisoft,0.11,0.01,0.0,0.01,0.13,61.0,31.0,7.0,7.0,T,0.07142857142857144
Teenage Mutant Ninja Turtles 2: Battle Nexus,X,2004.0,Action,Konami Digital Entertainment,0.1,0.03,0.0,0.0,0.13,48.0,20.0,5.6,8.0,T,0.07142857142857144
Backyard Baseball,GC,2003.0,Sports,Infogrames,0.1,0.03,0.0,0.0,0.13,70.0,4.0,9.4,5.0,E,0.07142857142857144
Sega GT,DC,2000.0,Racing,Sega,0.0,0.0,0.13,0.0,0.13,84.0,25.0,7.7,11.0,E,0.07142857142857144
Mytran Wars,PSP,2009.0,Strategy,Deep Silver,0.09,0.02,0.0,0.02,0.13,68.0,16.0,8.8,4.0,T,0.07142857142857144
Steel Battalion: Heavy Armor,X360,2012.0,Misc,Capcom,0.08,0.02,0.02,0.01,0.13,38.0,58.0,2.4,92.0,M,0.07142857142857144
Green Lantern: Rise of the Manhunters,X360,2011.0,Action,Warner Bros. Interactive Entertainment,0.07,0.04,0.0,0.01,0.13,59.0,17.0,7.2,23.0,T,0.07142857142857144
Legends of Wrestling,GC,2002.0,Fighting,Acclaim Entertainment,0.1,0.03,0.0,0.0,0.13,50.0,18.0,6.8,4.0,T,0.07142857142857144
All-Star Baseball 2004,X,2003.0,Sports,Acclaim Entertainment,0.1,0.03,0.0,0.0,0.13,74.0,20.0,8.4,7.0,E,0.07142857142857144
Supremacy MMA,PS3,2011.0,Fighting,505 Games,0.07,0.03,0.0,0.02,0.13,47.0,17.0,6.5,4.0,M,0.07142857142857144
Onechanbara: Bikini Samurai Squad,X360,2006.0,Action,D3Publisher,0.11,0.01,0.0,0.01,0.13,39.0,39.0,6.4,55.0,M,0.07142857142857144
Dokapon Kingdom,Wii,2008.0,Role-Playing,Sting,0.12,0.0,0.0,0.01,0.13,73.0,11.0,8.3,17.0,E10+,0.07142857142857144
Portal Runner,PS2,2001.0,Platform,3DO,0.06,0.05,0.0,0.02,0.13,53.0,18.0,6.7,6.0,E,0.07142857142857144
Warriors Orochi 2,PS2,2008.0,Action,Tecmo Koei,0.06,0.05,0.0,0.02,0.13,52.0,9.0,8.5,14.0,T,0.07142857142857144
Assassins Creed The Ezio Collection,XOne,2016.0,Action,Ubisoft,0.05,0.06,0.0,0.01,0.13,71.0,16.0,7.4,29.0,M,0.07142857142857144
Spartan: Total Warrior,X,2005.0,Action,Sega,0.1,0.03,0.0,0.0,0.13,73.0,36.0,8.8,12.0,M,0.07142857142857144
City Crisis,PS2,2001.0,Simulation,Take-Two Interactive,0.06,0.05,0.0,0.02,0.13,63.0,20.0,6.2,5.0,E,0.07142857142857144
Advent Rising,X,2005.0,Action,THQ,0.1,0.03,0.0,0.0,0.13,68.0,50.0,7.5,68.0,T,0.07142857142857144
DriveClub VR,PS4,2016.0,Racing,Sony Computer Entertainment,0.04,0.06,0.01,0.02,0.13,66.0,35.0,7.4,112.0,E,0.07142857142857144
Steins;Gate 0,PSV,2015.0,Adventure,PQube,0.0,0.06,0.05,0.02,0.13,86.0,8.0,8.9,27.0,M,0.07142857142857144
7 Wonders of the Ancient World,DS,2007.0,Puzzle,Funsta,0.1,0.01,0.0,0.01,0.13,60.0,7.0,8.3,48.0,E,0.07142857142857144
Dynasty Warriors 5 Empires,X360,2006.0,Action,Tecmo Koei,0.11,0.01,0.0,0.01,0.13,61.0,40.0,8.2,19.0,T,0.07142857142857144
X-Men: Next Dimension,GC,2002.0,Fighting,Activision,0.1,0.03,0.0,0.0,0.13,63.0,17.0,8.2,11.0,T,0.07142857142857144
Burnout,X,2002.0,Racing,Acclaim Entertainment,0.09,0.03,0.0,0.0,0.13,75.0,13.0,6.6,12.0,E,0.07142857142857144
Baroque,PS2,2007.0,Role-Playing,Rising Star Games,0.05,0.04,0.02,0.01,0.13,60.0,6.0,8.8,44.0,T,0.07142857142857144
Jurassic: The Hunted,X360,2009.0,Shooter,Activision,0.12,0.0,0.0,0.01,0.13,60.0,4.0,7.2,21.0,T,0.07142857142857144
Hour of Victory,X360,2007.0,Shooter,Midway Games,0.1,0.01,0.0,0.01,0.13,37.0,33.0,3.0,40.0,T,0.07142857142857144
Indianapolis 500 Legends,Wii,2007.0,Racing,Destineer,0.12,0.0,0.0,0.01,0.13,47.0,10.0,6.7,7.0,E,0.07142857142857144
Crash Tag Team Racing,X,2005.0,Racing,Vivendi Games,0.09,0.03,0.0,0.0,0.13,69.0,17.0,7.8,11.0,E10+,0.07142857142857144
Freedom Fighters,GC,2003.0,Shooter,Electronic Arts,0.1,0.03,0.0,0.0,0.13,83.0,15.0,7.8,12.0,T,0.07142857142857144
Rodea the Sky Soldier,WiiU,2015.0,Action,Nippon Ichi Software,0.09,0.02,0.01,0.01,0.13,45.0,31.0,6.5,81.0,E10+,0.07142857142857144
Mega Man X Collection,GC,2006.0,Misc,Capcom,0.1,0.03,0.0,0.0,0.13,75.0,23.0,9.2,12.0,E,0.07142857142857144
Quantum Redshift,X,2002.0,Racing,Microsoft Game Studios,0.09,0.03,0.0,0.0,0.13,70.0,21.0,8.1,15.0,T,0.07142857142857144
Smash Court Tennis Pro Tournament 2,PS2,2004.0,Sports,Sony Computer Entertainment,0.06,0.05,0.0,0.02,0.13,74.0,41.0,9.1,12.0,E,0.07142857142857144
Brothers in Arms: Double Time,Wii,2008.0,Shooter,Ubisoft,0.11,0.0,0.0,0.01,0.13,45.0,13.0,6.6,17.0,M,0.07142857142857144
Armed and Dangerous,X,2003.0,Shooter,LucasArts,0.09,0.03,0.0,0.0,0.13,79.0,41.0,7.2,15.0,T,0.07142857142857144
Teenage Mutant Ninja Turtles: Arcade Attack,DS,2009.0,Action,Ubisoft,0.12,0.0,0.0,0.01,0.13,36.0,8.0,4.8,4.0,E10+,0.07142857142857144
Just Cause 2,PC,2010.0,Action,Square Enix,0.0,0.1,0.0,0.02,0.12,84.0,33.0,7.7,842.0,M,0.06547619047619048
NeverDead,PS3,2012.0,Shooter,Konami Digital Entertainment,0.06,0.04,0.01,0.02,0.12,50.0,32.0,4.7,47.0,M,0.06547619047619048
Need for Speed: ProStreet,DS,2007.0,Racing,Electronic Arts,0.11,0.01,0.0,0.01,0.12,74.0,8.0,7.4,10.0,E,0.06547619047619048
Mega Man X: Command Mission,GC,2004.0,Role-Playing,Capcom,0.1,0.02,0.0,0.0,0.12,67.0,21.0,7.3,12.0,E,0.06547619047619048
NHL 2K7,PS3,2006.0,Sports,Take-Two Interactive,0.11,0.0,0.0,0.01,0.12,79.0,24.0,6.6,5.0,E10+,0.06547619047619048
Sleeping Dogs,PC,2012.0,Action,Square Enix ,0.06,0.05,0.0,0.01,0.12,81.0,23.0,8.2,1219.0,M,0.06547619047619048
Worms 3D,PS2,2003.0,Strategy,Sega,0.06,0.05,0.0,0.02,0.12,70.0,31.0,7.8,22.0,T,0.06547619047619048
Gladiator Begins,PSP,2010.0,Action,PQube,0.05,0.01,0.05,0.01,0.12,59.0,9.0,8.0,14.0,M,0.06547619047619048
Impossible Mission,DS,2007.0,Platform,System 3 Arcade Software,0.11,0.0,0.0,0.01,0.12,61.0,8.0,4.8,6.0,E,0.06547619047619048
Strikers 1945,PS,1998.0,Shooter,Midas Interactive Entertainment,0.07,0.05,0.0,0.01,0.12,63.0,5.0,8.2,6.0,E,0.06547619047619048
Pryzm Chapter One: The Dark Unicorn,PS2,2002.0,Adventure,TDK Mediactive,0.06,0.05,0.0,0.02,0.12,59.0,8.0,5.2,6.0,T,0.06547619047619048
Eat Lead: The Return of Matt Hazard,X360,2009.0,Shooter,D3Publisher,0.1,0.01,0.0,0.01,0.12,53.0,53.0,7.0,27.0,T,0.06547619047619048
Samurai Warriors 4-II,PS4,2015.0,Action,Tecmo Koei,0.03,0.02,0.06,0.01,0.12,73.0,26.0,7.4,25.0,T,0.06547619047619048
Guilty Gear X,PS2,2001.0,Fighting,Sammy Corporation,0.06,0.05,0.0,0.02,0.12,79.0,15.0,7.8,16.0,T,0.06547619047619048
Obscure: The Aftermath,Wii,2008.0,Action,Playlogic Game Factory,0.11,0.0,0.0,0.01,0.12,53.0,19.0,8.1,14.0,M,0.06547619047619048
EVE: Valkyrie,PS4,2016.0,Shooter,CCP,0.05,0.06,0.0,0.02,0.12,71.0,29.0,6.4,42.0,T,0.06547619047619048
Disney's PK: Out of the Shadows,PS2,2002.0,Platform,Ubisoft,0.06,0.05,0.0,0.02,0.12,49.0,14.0,5.0,4.0,E,0.06547619047619048
Record of Agarest War Zero,PS3,2010.0,Strategy,Ghostlight,0.09,0.0,0.03,0.01,0.12,50.0,8.0,6.7,38.0,T,0.06547619047619048
Conception II: Children of the Seven Stars,3DS,2013.0,Role-Playing,Screenlife,0.09,0.0,0.03,0.01,0.12,62.0,11.0,7.7,44.0,M,0.06547619047619048
The King of Fighters 98 Ultimate Match,PS2,2008.0,Fighting,Ignition Entertainment,0.04,0.03,0.03,0.01,0.12,73.0,11.0,8.7,18.0,T,0.06547619047619048
Puzzle Quest: Challenge of the Warlords,PS2,2007.0,Puzzle,D3Publisher,0.06,0.05,0.0,0.02,0.12,78.0,11.0,7.0,6.0,E10+,0.06547619047619048
Chessmaster: The Art of Learning,PSP,2008.0,Misc,Ubisoft,0.11,0.0,0.0,0.01,0.12,64.0,4.0,8.4,18.0,E,0.06547619047619048
Lemony Snickets A Series of Unfortunate Events,X,2004.0,Platform,Activision,0.09,0.03,0.0,0.0,0.12,70.0,17.0,7.2,5.0,E,0.06547619047619048
Makai Kingdom: Chronicles of the Sacred Tome,PS2,2005.0,Role-Playing,Tecmo Koei,0.06,0.05,0.0,0.02,0.12,77.0,41.0,7.3,12.0,T,0.06547619047619048
Killer is Dead,X360,2013.0,Action,Deep Silver,0.08,0.02,0.01,0.01,0.12,64.0,38.0,7.2,144.0,M,0.06547619047619048
Neopets Petpet Adventures: The Wand of Wishing,PSP,2006.0,Adventure,Sony Computer Entertainment,0.11,0.0,0.0,0.01,0.12,66.0,21.0,7.7,6.0,E,0.06547619047619048
Bomberman Party Edition,PS,1998.0,Puzzle,Virgin Interactive,0.07,0.05,0.0,0.01,0.12,79.0,6.0,8.3,6.0,E,0.06547619047619048
Ice Age: Dawn of the Dinosaurs,X360,2009.0,Action,Activision,0.09,0.02,0.0,0.01,0.12,68.0,28.0,7.5,6.0,E10+,0.06547619047619048
Star Trek: Conquest,Wii,2007.0,Strategy,Bethesda Softworks,0.11,0.01,0.0,0.01,0.12,49.0,18.0,4.9,11.0,E,0.06547619047619048
Fat Princess: Fistful of Cake,PSP,2010.0,Action,Sony Computer Entertainment,0.08,0.02,0.0,0.02,0.12,74.0,33.0,8.7,25.0,T,0.06547619047619048
Major League Baseball 2K8 Fantasy All-Stars,DS,2008.0,Sports,Take-Two Interactive,0.11,0.0,0.0,0.01,0.12,59.0,8.0,7.0,6.0,E,0.06547619047619048
Don Bradman Cricket 14,PS4,2015.0,Sports,Tru Blu Entertainment,0.01,0.09,0.0,0.02,0.12,76.0,4.0,7.5,21.0,E,0.06547619047619048
Madden NFL 06,DS,2005.0,Sports,Electronic Arts,0.11,0.0,0.0,0.01,0.12,66.0,9.0,6.3,12.0,E,0.06547619047619048
Red Faction II,X,2003.0,Shooter,THQ,0.09,0.03,0.0,0.0,0.12,74.0,20.0,5.8,11.0,M,0.06547619047619048
Voodoo Vince,X,2003.0,Platform,Microsoft Game Studios,0.09,0.03,0.0,0.0,0.12,73.0,38.0,8.4,22.0,T,0.06547619047619048
Everybody Dance,PS3,2011.0,Misc,Sony Computer Entertainment,0.11,0.0,0.0,0.01,0.12,66.0,5.0,6.8,8.0,T,0.06547619047619048
Blackwater,X360,2011.0,Shooter,505 Games,0.09,0.02,0.0,0.01,0.12,37.0,12.0,4.5,14.0,T,0.06547619047619048
Tom Clancys Ghost Recon,Wii,2010.0,Shooter,Ubisoft,0.1,0.01,0.0,0.01,0.12,46.0,21.0,6.8,8.0,T,0.06547619047619048
Deception IV: Blood Ties,PS3,2014.0,Action,Tecmo Koei,0.03,0.02,0.06,0.01,0.12,70.0,19.0,8.2,27.0,M,0.06547619047619048
Touch My Katamari ,PSV,2011.0,Puzzle,Namco Bandai Games,0.07,0.03,0.0,0.02,0.12,69.0,41.0,7.4,51.0,E10+,0.06547619047619048
Chase: Hollywood Stunt Driver,X,2002.0,Racing,BAM! Entertainment,0.09,0.03,0.0,0.0,0.12,60.0,14.0,7.4,5.0,T,0.06547619047619048
The X Files: Resist or Serve,PS2,2004.0,Adventure,Vivendi Games,0.06,0.05,0.0,0.02,0.12,67.0,31.0,8.2,9.0,M,0.06547619047619048
PixelJunk Monsters Deluxe,PSP,2010.0,Strategy,Sony Computer Entertainment,0.11,0.0,0.0,0.01,0.12,86.0,27.0,7.9,32.0,E,0.06547619047619048
Megamind: Ultimate Showdown,X360,2010.0,Action,THQ,0.07,0.04,0.0,0.01,0.12,33.0,7.0,4.3,6.0,E10+,0.06547619047619048
Curious George,PS2,2006.0,Action,Namco Bandai Games,0.06,0.05,0.0,0.02,0.12,53.0,13.0,7.7,6.0,E,0.06547619047619048
Every Extend Extra,PSP,2006.0,Shooter,Disney Interactive Studios,0.1,0.0,0.0,0.02,0.12,74.0,45.0,7.3,9.0,E,0.06547619047619048
Zathura,PS2,2005.0,Adventure,Take-Two Interactive,0.06,0.05,0.0,0.02,0.12,43.0,16.0,2.0,5.0,E10+,0.06547619047619048
NCIS,PS3,2011.0,Adventure,Ubisoft,0.07,0.04,0.0,0.02,0.12,50.0,4.0,4.0,4.0,T,0.06547619047619048
Rugby 15,PS4,2015.0,Sports,Bigben Interactive,0.04,0.06,0.0,0.02,0.12,19.0,5.0,3.4,65.0,E,0.06547619047619048
Ninja Reflex,Wii,2008.0,Action,Electronic Arts,0.11,0.0,0.0,0.01,0.12,49.0,26.0,6.0,11.0,E10+,0.06547619047619048
Undead Knights,PSP,2009.0,Action,Ubisoft Annecy,0.05,0.0,0.06,0.01,0.12,63.0,27.0,8.0,13.0,M,0.06547619047619048
MLB 13: The Show,PSV,2013.0,Sports,Sony Computer Entertainment,0.1,0.0,0.0,0.02,0.12,75.0,7.0,7.5,21.0,E,0.06547619047619048
Cel Damage,X,2001.0,Racing,Electronic Arts,0.09,0.03,0.0,0.0,0.12,65.0,24.0,8.4,7.0,T,0.06547619047619048
Venetica,PS3,2010.0,Role-Playing,DTP Entertainment,0.07,0.03,0.0,0.01,0.12,47.0,14.0,6.5,6.0,T,0.06547619047619048
Lunar: Dragon Song,DS,2005.0,Role-Playing,Rising Star Games,0.11,0.0,0.0,0.01,0.12,59.0,30.0,6.2,17.0,E10+,0.06547619047619048
Tropico 5,PC,2014.0,Simulation,Kalypso Media,0.03,0.09,0.0,0.01,0.12,75.0,51.0,7.0,352.0,T,0.06547619047619048
Hyperdimension Neptunia U: Action Unleashed,PSV,2014.0,Action,Idea Factory International,0.04,0.01,0.06,0.02,0.12,71.0,20.0,6.8,44.0,T,0.06547619047619048
Breakdown,X,2004.0,Adventure,Electronic Arts,0.09,0.03,0.0,0.0,0.12,71.0,62.0,8.2,17.0,M,0.06547619047619048
Looney Tunes: Sheep Raider,PS,2001.0,Platform,Infogrames,0.07,0.05,0.0,0.01,0.12,72.0,12.0,8.8,25.0,E,0.06547619047619048
Geometry Wars: Galaxies,Wii,2007.0,Shooter,Vivendi Games,0.11,0.0,0.0,0.01,0.12,80.0,55.0,8.2,26.0,E,0.06547619047619048
Conduit 2,Wii,2011.0,Shooter,Sega,0.07,0.04,0.0,0.01,0.12,64.0,51.0,7.6,60.0,T,0.06547619047619048
X2: Wolverines Revenge,GC,2003.0,Platform,Activision,0.09,0.02,0.0,0.0,0.12,62.0,21.0,6.6,8.0,T,0.06547619047619048
Godzilla Unleashed: Double Smash,DS,2007.0,Action,Atari,0.11,0.0,0.0,0.01,0.12,28.0,18.0,4.9,8.0,E,0.06547619047619048
Street Hoops,GC,2002.0,Sports,Activision,0.09,0.02,0.0,0.0,0.12,56.0,9.0,7.3,7.0,T,0.06547619047619048
NPPL: Championship Paintball 2009,X360,2008.0,Shooter,Activision Value,0.1,0.01,0.0,0.01,0.12,44.0,9.0,7.3,9.0,E10+,0.06547619047619048
WRC: FIA World Rally Championship,X360,2010.0,Racing,Black Bean Games,0.0,0.1,0.0,0.02,0.12,66.0,24.0,6.0,4.0,E10+,0.06547619047619048
WWE SmackDown vs Raw 2008,DS,2007.0,Fighting,THQ,0.11,0.0,0.0,0.01,0.12,61.0,12.0,6.6,13.0,T,0.06547619047619048
Atelier Annie: Alchemists of Sera Island,DS,2009.0,Role-Playing,Gust,0.08,0.0,0.03,0.01,0.12,70.0,11.0,6.7,15.0,E10+,0.06547619047619048
Godzilla: Destroy All Monsters Melee,X,2002.0,Fighting,Atari,0.09,0.03,0.0,0.0,0.12,71.0,20.0,6.8,8.0,T,0.06547619047619048
College Hoops 2K6,X360,2006.0,Sports,Take-Two Interactive,0.11,0.0,0.0,0.01,0.12,70.0,17.0,7.3,11.0,E,0.06547619047619048
Resident Evil: Revelations 2,PSV,2015.0,Action,Capcom,0.0,0.04,0.07,0.01,0.12,65.0,12.0,7.8,64.0,M,0.06547619047619048
Sonic Adventure 2,DC,2001.0,Platform,Sega,0.0,0.0,0.12,0.0,0.12,89.0,18.0,8.6,238.0,E,0.06547619047619048
Split/Second,PSP,2010.0,Racing,Disney Interactive Studios,0.08,0.02,0.0,0.02,0.12,63.0,16.0,6.7,15.0,E10+,0.06547619047619048
Tom Clancys Splinter Cell: Blacklist,WiiU,2013.0,Action,Ubisoft,0.04,0.07,0.0,0.01,0.12,75.0,5.0,7.8,149.0,M,0.06547619047619048
Gladiator: Sword of Vengeance,PS2,2003.0,Action,Acclaim Entertainment,0.06,0.05,0.0,0.02,0.12,65.0,19.0,5.8,8.0,M,0.06547619047619048
Overlord: Raising Hell,PS3,2008.0,Action,Codemasters,0.07,0.03,0.0,0.02,0.12,72.0,35.0,7.7,27.0,T,0.06547619047619048
Pinball Hall of Fame: The Williams Collection,X360,2009.0,Misc,Crave Entertainment,0.11,0.0,0.0,0.01,0.12,83.0,18.0,8.3,16.0,E10+,0.06547619047619048
Academy of Champions: Soccer,Wii,2009.0,Sports,Ubisoft,0.09,0.02,0.0,0.01,0.12,64.0,20.0,6.8,14.0,E,0.06547619047619048
Power Gig: Rise of the SixString,X360,2010.0,Misc,Unknown,0.11,0.0,0.0,0.01,0.12,36.0,20.0,2.1,17.0,T,0.06547619047619048
NFL Head Coach,X,2006.0,Sports,Electronic Arts,0.09,0.03,0.0,0.0,0.12,69.0,26.0,7.1,9.0,E,0.06547619047619048
Onimusha: Blade Warriors,PS2,2003.0,Fighting,Capcom,0.06,0.05,0.0,0.02,0.12,65.0,33.0,6.9,7.0,T,0.06547619047619048
Disney's Extreme Skate Adventure,GC,2003.0,Sports,Activision,0.09,0.02,0.0,0.0,0.12,76.0,18.0,7.6,5.0,E,0.06547619047619048
NBA 2K2,GC,2002.0,Sports,Sega,0.09,0.02,0.0,0.0,0.12,90.0,13.0,8.0,4.0,E,0.06547619047619048
Psychonauts,X,2005.0,Platform,THQ,0.09,0.03,0.0,0.0,0.12,88.0,54.0,9.0,71.0,T,0.06547619047619048
Jeremy McGrath Supercross World,GC,2002.0,Racing,Acclaim Entertainment,0.09,0.02,0.0,0.0,0.12,36.0,14.0,5.6,5.0,E,0.06547619047619048
The Sky Crawlers: Innocent Aces,Wii,2008.0,Simulation,Namco Bandai Games,0.08,0.02,0.01,0.01,0.12,74.0,42.0,7.9,13.0,T,0.06547619047619048
Airborne Troops: Countdown to D-Day,PS2,2005.0,Shooter,Playlogic Game Factory,0.06,0.05,0.0,0.02,0.12,39.0,4.0,8.1,9.0,T,0.06547619047619048
naild,PS3,2010.0,Racing,Deep Silver,0.08,0.02,0.0,0.02,0.12,66.0,36.0,6.2,13.0,E10+,0.06547619047619048
Lost Magic,DS,2006.0,Role-Playing,Ubisoft,0.09,0.0,0.02,0.01,0.12,68.0,44.0,8.2,32.0,E,0.06547619047619048
Marvel Avengers: Battle for Earth,WiiU,2012.0,Action,Ubisoft,0.06,0.04,0.0,0.01,0.12,50.0,10.0,5.0,25.0,T,0.06547619047619048
Puzzle Quest 2,DS,2010.0,Puzzle,D3Publisher,0.11,0.0,0.0,0.01,0.12,74.0,27.0,5.8,11.0,E10+,0.06547619047619048
Alice: Madness Returns,PC,2011.0,Adventure,Electronic Arts,0.0,0.1,0.0,0.02,0.12,75.0,29.0,8.4,566.0,M,0.06547619047619048
Raiden IV,X360,2008.0,Shooter,Moss,0.1,0.0,0.01,0.01,0.12,63.0,4.0,7.8,10.0,E10+,0.06547619047619048
Phantasy Star Universe,X360,2006.0,Role-Playing,Sega,0.09,0.01,0.0,0.01,0.12,64.0,34.0,7.4,42.0,T,0.06547619047619048
Spider-Man: Edge of Time,3DS,2011.0,Action,Activision,0.08,0.03,0.0,0.01,0.12,50.0,7.0,6.4,12.0,T,0.06547619047619048
Peggle: Dual Shot,DS,2009.0,Puzzle,PopCap Games,0.11,0.0,0.0,0.01,0.12,84.0,17.0,8.2,21.0,E,0.06547619047619048
Cruisn,Wii,2007.0,Racing,Midway Games,0.1,0.01,0.0,0.01,0.12,25.0,7.0,3.7,18.0,E,0.06547619047619048
Castlevania: Curse of Darkness,X,2005.0,Action,Konami Digital Entertainment,0.09,0.03,0.0,0.0,0.12,74.0,26.0,7.0,13.0,M,0.06547619047619048
Battles of Prince of Persia,DS,2005.0,Strategy,Ubisoft,0.1,0.01,0.0,0.01,0.12,64.0,16.0,7.7,14.0,E10+,0.06547619047619048
Lost Planet 3,X360,2013.0,Shooter,Capcom,0.07,0.03,0.01,0.01,0.12,58.0,43.0,5.8,143.0,T,0.06547619047619048
LEGO Batman 2: DC Super Heroes,WiiU,2013.0,Action,Warner Bros. Interactive Entertainment,0.04,0.07,0.0,0.01,0.12,77.0,7.0,7.3,31.0,E10+,0.06547619047619048
Turok: Evolution,GBA,2002.0,Shooter,Acclaim Entertainment,0.08,0.03,0.0,0.0,0.12,72.0,8.0,7.0,5.0,T,0.06547619047619048
Marvel Trading Card Game,DS,2007.0,Misc,Konami Digital Entertainment,0.11,0.0,0.0,0.01,0.12,61.0,17.0,4.9,7.0,T,0.06547619047619048
Nightshade,PS2,2003.0,Action,Sega,0.06,0.04,0.0,0.01,0.12,68.0,39.0,7.7,20.0,M,0.06547619047619048
CSI: Crime Scene Investigation,X,2004.0,Adventure,Ubisoft,0.09,0.03,0.0,0.0,0.12,45.0,14.0,7.3,4.0,M,0.06547619047619048
Reality Fighters,PSV,2012.0,Fighting,Sony Computer Entertainment,0.05,0.05,0.0,0.02,0.12,54.0,39.0,3.8,30.0,T,0.06547619047619048
Onechanbara: Bikini Zombie Slayers,Wii,2008.0,Action,D3Publisher,0.11,0.0,0.0,0.01,0.12,55.0,24.0,8.0,20.0,M,0.06547619047619048
Buffy the Vampire Slayer: Chaos Bleeds,X,2003.0,Action,Vivendi Games,0.09,0.03,0.0,0.0,0.12,73.0,26.0,8.4,14.0,T,0.06547619047619048
Dragon Ball: Origins,DS,2008.0,Action,Atari,0.08,0.02,0.0,0.01,0.12,78.0,18.0,7.5,15.0,T,0.06547619047619048
Call of Juarez: The Cartel,PC,2011.0,Shooter,Ubisoft,0.05,0.05,0.0,0.01,0.12,51.0,12.0,3.3,126.0,M,0.06547619047619048
Armored Core: Verdict Day,PS3,2013.0,Simulation,From Software,0.0,0.0,0.12,0.0,0.12,66.0,18.0,7.4,29.0,T,0.06547619047619048
Lost in Shadow,Wii,2010.0,Platform,Konami Digital Entertainment,0.09,0.0,0.01,0.01,0.12,68.0,38.0,8.7,18.0,E10+,0.06547619047619048
NHL 2K3,X,2002.0,Sports,Sega,0.09,0.02,0.0,0.0,0.12,89.0,17.0,7.1,14.0,E,0.06547619047619048
Die Hard: Vendetta,GC,2002.0,Shooter,NDA Productions,0.09,0.02,0.0,0.0,0.12,54.0,23.0,7.0,10.0,M,0.06547619047619048
Darkspore,PC,2011.0,Role-Playing,Electronic Arts,0.07,0.03,0.0,0.01,0.12,65.0,52.0,6.0,134.0,T,0.06547619047619048
F1 2002,PS2,2002.0,Racing,Electronic Arts,0.05,0.04,0.02,0.01,0.12,81.0,11.0,6.4,10.0,E,0.06547619047619048
FIFA Soccer,PSP,2005.0,Sports,Electronic Arts,0.11,0.0,0.0,0.01,0.12,73.0,23.0,7.7,22.0,E,0.06547619047619048
Self-Defense Training Camp,X360,2011.0,Sports,Ubisoft,0.08,0.03,0.0,0.01,0.12,21.0,5.0,5.0,25.0,T,0.06547619047619048
Sphinx and the Cursed Mummy,X,2003.0,Action,THQ,0.09,0.02,0.0,0.0,0.12,79.0,21.0,9.1,11.0,T,0.06547619047619048
GT Advance 2: Rally Racing,GBA,2001.0,Racing,THQ,0.08,0.03,0.0,0.0,0.11,77.0,12.0,6.0,4.0,E,0.05952380952380953
Tenchu: Shadow Assassins,PSP,2009.0,Action,Ubisoft,0.03,0.02,0.05,0.01,0.11,68.0,18.0,7.4,18.0,M,0.05952380952380953
Cabelas Deer Hunt 2005 Season,X,2004.0,Sports,Activision,0.09,0.02,0.0,0.0,0.11,59.0,5.0,7.5,6.0,T,0.05952380952380953
Dead Mans Hand,X,2004.0,Shooter,Atari,0.09,0.02,0.0,0.0,0.11,62.0,31.0,8.1,9.0,T,0.05952380952380953
Fatal Frame: Maiden of Black Water,WiiU,2014.0,Action,Nintendo,0.0,0.03,0.08,0.0,0.11,67.0,58.0,7.6,227.0,M,0.05952380952380953
Smash Cars,PS2,2003.0,Racing,Metro 3D,0.06,0.04,0.0,0.01,0.11,67.0,15.0,9.0,5.0,E,0.05952380952380953
DJ Max Fever,PSP,2009.0,Misc,PM Studios,0.1,0.0,0.0,0.02,0.11,77.0,5.0,6.5,13.0,T,0.05952380952380953
NASCAR 07,PS2,2006.0,Racing,Electronic Arts,0.06,0.04,0.0,0.01,0.11,68.0,26.0,8.9,16.0,E,0.05952380952380953
Tecmo Bowl: Kickoff,DS,2008.0,Sports,Tecmo Koei,0.11,0.0,0.0,0.01,0.11,66.0,21.0,7.3,8.0,E,0.05952380952380953
Lost Horizon,PC,2010.0,Adventure,Deep Silver,0.0,0.1,0.0,0.02,0.11,77.0,24.0,7.9,27.0,T,0.05952380952380953
Dokapon Kingdom,PS2,2007.0,Role-Playing,Sting,0.05,0.04,0.02,0.01,0.11,61.0,8.0,6.5,8.0,E10+,0.05952380952380953
Phantasy Star Collection,GBA,2002.0,Role-Playing,Atari,0.08,0.03,0.0,0.0,0.11,76.0,20.0,8.1,7.0,E,0.05952380952380953
A Witchs Tale,DS,2009.0,Role-Playing,Nippon Ichi Software,0.08,0.0,0.03,0.01,0.11,50.0,17.0,6.2,9.0,E10+,0.05952380952380953
Retro Game Challenge,DS,2007.0,Action,Namco Bandai Games,0.0,0.0,0.11,0.0,0.11,77.0,30.0,7.3,15.0,E,0.05952380952380953
Shining Force NEO,PS2,2005.0,Role-Playing,Sega,0.06,0.04,0.0,0.01,0.11,69.0,12.0,8.1,20.0,T,0.05952380952380953
BlazBlue Central Fiction,PS4,2016.0,Fighting,PQube,0.06,0.0,0.04,0.01,0.11,85.0,21.0,7.7,42.0,T,0.05952380952380953
FIFA Street 2,GC,2006.0,Sports,Electronic Arts,0.09,0.02,0.0,0.0,0.11,63.0,16.0,5.7,7.0,E,0.05952380952380953
Pro Evolution Soccer 2016,XOne,2015.0,Sports,Konami Digital Entertainment,0.04,0.06,0.0,0.01,0.11,85.0,14.0,6.2,145.0,E,0.05952380952380953
Fantastic Four: Rise of the Silver Surfer,X360,2007.0,Action,Take-Two Interactive,0.1,0.01,0.0,0.01,0.11,45.0,30.0,5.4,16.0,T,0.05952380952380953
Monster Madness: Battle for Suburbia,X360,2007.0,Shooter,SouthPeak Games,0.1,0.0,0.0,0.01,0.11,55.0,29.0,5.2,18.0,T,0.05952380952380953
Tom Clancys EndWar,PSP,2008.0,Strategy,Ubisoft,0.1,0.01,0.0,0.01,0.11,68.0,7.0,5.9,8.0,T,0.05952380952380953
NFL Head Coach 09,X360,2008.0,Sports,Electronic Arts,0.11,0.0,0.0,0.01,0.11,67.0,14.0,8.4,28.0,E,0.05952380952380953
Blood Drive,X360,2010.0,Racing,Activision,0.09,0.01,0.0,0.01,0.11,40.0,21.0,6.5,10.0,M,0.05952380952380953
Star Trek: Conquest,PS2,2007.0,Strategy,Bethesda Softworks,0.06,0.04,0.0,0.01,0.11,54.0,15.0,9.1,10.0,E,0.05952380952380953
Phantom Dust,X,2004.0,Action,Microsoft Game Studios,0.08,0.02,0.0,0.0,0.11,81.0,37.0,8.5,35.0,T,0.05952380952380953
Prince of Persia: Rival Swords,PSP,2007.0,Action,Ubisoft,0.08,0.02,0.0,0.01,0.11,74.0,16.0,8.2,19.0,T,0.05952380952380953
Growlanser Generations,PS2,2003.0,Role-Playing,Atlus,0.06,0.04,0.0,0.01,0.11,81.0,19.0,7.7,19.0,T,0.05952380952380953
Just Dance 2017,PS4,2016.0,Misc,Ubisoft,0.04,0.06,0.0,0.02,0.11,73.0,12.0,7.8,5.0,E10+,0.05952380952380953
Mega Man Battle Chip Challenge,GBA,2003.0,Misc,Capcom,0.08,0.03,0.0,0.0,0.11,54.0,25.0,8.3,8.0,E,0.05952380952380953
Ring of Red,PS2,2000.0,Strategy,Konami Digital Entertainment,0.06,0.04,0.0,0.01,0.11,82.0,15.0,8.7,11.0,T,0.05952380952380953
Cold Winter,PS2,2005.0,Shooter,Vivendi Games,0.06,0.04,0.0,0.01,0.11,73.0,41.0,8.2,24.0,M,0.05952380952380953
Stubbs the Zombie in Rebel Without a Pulse,X,2005.0,Action,THQ,0.08,0.02,0.0,0.0,0.11,75.0,55.0,8.1,16.0,M,0.05952380952380953
Batman: Dark Tomorrow,X,2003.0,Action,Kemco,0.08,0.02,0.0,0.0,0.11,25.0,13.0,3.6,18.0,T,0.05952380952380953
Ping Pals,DS,2004.0,Misc,THQ,0.1,0.0,0.0,0.01,0.11,28.0,17.0,3.9,26.0,E,0.05952380952380953
18 Wheeler: American Pro Trucker,GC,2002.0,Racing,Acclaim Entertainment,0.09,0.02,0.0,0.0,0.11,52.0,17.0,6.8,8.0,E,0.05952380952380953
Killing Floor 2 ,PS4,2016.0,Shooter,Tripwire Interactive,0.07,0.02,0.0,0.02,0.11,76.0,41.0,7.9,63.0,M,0.05952380952380953
Warhammer: Battle March,X360,2008.0,Strategy,Deep Silver,0.09,0.02,0.0,0.01,0.11,55.0,30.0,6.7,20.0,M,0.05952380952380953
Batman: Rise of Sin Tzu,X,2003.0,Action,Ubisoft,0.08,0.02,0.0,0.0,0.11,67.0,17.0,7.7,6.0,T,0.05952380952380953
The King of Fighters XII,X360,2009.0,Fighting,Ignition Entertainment,0.09,0.0,0.01,0.01,0.11,63.0,57.0,4.2,33.0,T,0.05952380952380953
Spy vs Spy,X,2005.0,Action,Global Star,0.08,0.02,0.0,0.0,0.11,53.0,34.0,8.0,8.0,T,0.05952380952380953
Coraline,PS2,2009.0,Action,D3Publisher,0.06,0.04,0.0,0.01,0.11,39.0,5.0,2.0,6.0,E10+,0.05952380952380953
Zubo,DS,2008.0,Misc,Electronic Arts,0.08,0.02,0.0,0.01,0.11,75.0,19.0,7.6,75.0,E10+,0.05952380952380953
[Prototype 2],PC,2012.0,Action,Activision,0.08,0.03,0.0,0.01,0.11,76.0,12.0,6.4,395.0,M,0.05952380952380953
Cold Fear,PS2,2005.0,Action,Ubisoft,0.06,0.04,0.0,0.01,0.11,68.0,39.0,7.7,27.0,M,0.05952380952380953
NBA Live 16,XOne,2015.0,Sports,Electronic Arts,0.09,0.01,0.0,0.01,0.11,60.0,17.0,5.6,63.0,E,0.05952380952380953
NHL Hitz 20-03,X,2002.0,Sports,Midway Games,0.08,0.02,0.0,0.0,0.11,81.0,19.0,8.5,13.0,E,0.05952380952380953
Murakumo: Renegade Mech Pursuit,X,2002.0,Shooter,From Software,0.04,0.01,0.06,0.0,0.11,48.0,18.0,7.5,4.0,T,0.05952380952380953
MLB 14: The Show,PSV,2014.0,Sports,Sony Computer Entertainment America,0.08,0.0,0.0,0.03,0.11,68.0,6.0,7.0,25.0,E,0.05952380952380953
Gun Metal,X,2002.0,Shooter,Rage Software,0.08,0.02,0.0,0.0,0.11,63.0,17.0,7.6,8.0,T,0.05952380952380953
BlazBlue: Calamity Trigger Portable,PSP,2010.0,Fighting,PQube,0.07,0.01,0.03,0.01,0.11,82.0,14.0,7.8,18.0,T,0.05952380952380953
BloodRayne,GC,2002.0,Shooter,Universal Interactive,0.09,0.02,0.0,0.0,0.11,73.0,17.0,8.5,4.0,M,0.05952380952380953
ECW Anarchy Rulz,PS,1999.0,Fighting,Acclaim Entertainment,0.06,0.04,0.0,0.01,0.11,43.0,7.0,6.3,4.0,E,0.05952380952380953
InuYasha: A Feudal Fairy Tale,PS,2002.0,Fighting,Namco Bandai Games,0.0,0.0,0.1,0.01,0.11,69.0,5.0,9.0,74.0,T,0.05952380952380953
TMNT,PSP,2007.0,Action,Ubisoft,0.1,0.0,0.0,0.01,0.11,37.0,7.0,3.8,13.0,E10+,0.05952380952380953
Where the Wild Things Are,X360,2009.0,Platform,Warner Bros. Interactive Entertainment,0.1,0.0,0.0,0.01,0.11,51.0,10.0,5.4,5.0,E10+,0.05952380952380953
Dementium II,DS,2010.0,Shooter,SouthPeak Games,0.09,0.01,0.0,0.01,0.11,75.0,25.0,8.3,31.0,M,0.05952380952380953
Sabrina The Teenage Witch: Potion Commotion,GBA,2002.0,Action,Ubisoft,0.08,0.03,0.0,0.0,0.11,63.0,5.0,2.8,6.0,E,0.05952380952380953
MLB Power Pros,PS2,2007.0,Sports,Konami Digital Entertainment,0.0,0.0,0.11,0.0,0.11,80.0,10.0,8.8,11.0,E,0.05952380952380953
GoldenEye: Rogue Agent,DS,2005.0,Shooter,Electronic Arts,0.1,0.0,0.0,0.01,0.11,58.0,25.0,7.5,18.0,T,0.05952380952380953
AirForce Delta Strike,PS2,2004.0,Simulation,Konami Digital Entertainment,0.05,0.04,0.0,0.01,0.11,66.0,22.0,7.0,6.0,T,0.05952380952380953
Pimp My Ride,Wii,2008.0,Racing,Activision,0.1,0.0,0.0,0.01,0.11,26.0,4.0,3.8,8.0,T,0.05952380952380953
Capcom vs. SNK 2 EO,GC,2002.0,Fighting,Capcom,0.09,0.02,0.0,0.0,0.11,68.0,20.0,8.9,27.0,T,0.05952380952380953
Hot Wheels Velocity X,GC,2002.0,Racing,THQ,0.09,0.02,0.0,0.0,0.11,55.0,4.0,6.4,5.0,E,0.05952380952380953
Open Season,X360,2006.0,Platform,Ubisoft,0.1,0.0,0.0,0.01,0.11,59.0,15.0,7.3,9.0,E10+,0.05952380952380953
de Blob 2,DS,2011.0,Platform,THQ,0.08,0.02,0.0,0.01,0.11,75.0,11.0,8.2,6.0,E,0.05952380952380953
Digimon Story: Cyber Sleuth,PS4,2016.0,Role-Playing,Namco Bandai Games,0.0,0.1,0.0,0.02,0.11,75.0,45.0,8.5,292.0,T,0.05952380952380953
Wasteland 2,PC,2015.0,Role-Playing,inXile Entertainment,0.04,0.06,0.0,0.01,0.11,81.0,65.0,7.3,1173.0,M,0.05952380952380953
FIFA Soccer 06,PSP,2005.0,Sports,Electronic Arts,0.1,0.0,0.0,0.01,0.11,77.0,17.0,7.7,20.0,E,0.05952380952380953
Space Chimps,X360,2008.0,Platform,Brash Entertainment,0.1,0.0,0.0,0.01,0.11,57.0,7.0,5.3,12.0,E10+,0.05952380952380953
JASF: Janes Advanced Strike Fighters,PS3,2011.0,Simulation,Deep Silver,0.07,0.03,0.0,0.01,0.11,41.0,7.0,3.1,7.0,T,0.05952380952380953
Stronghold,PC,2001.0,Strategy,Gathering of Developers,0.0,0.09,0.0,0.02,0.11,81.0,19.0,8.9,227.0,T,0.05952380952380953
The Settlers,DS,2007.0,Action,Ubisoft,0.1,0.0,0.0,0.01,0.11,39.0,6.0,5.6,7.0,E,0.05952380952380953
Shrek: Forever After,X360,2010.0,Platform,Activision,0.1,0.0,0.0,0.01,0.11,62.0,22.0,6.2,9.0,E10+,0.05952380952380953
Cloudy With a Chance of Meatballs,Wii,2009.0,Platform,Ubisoft,0.1,0.0,0.0,0.01,0.11,68.0,4.0,5.3,4.0,E,0.05952380952380953
Ridge Racer Unbounded,X360,2012.0,Racing,Namco Bandai Games,0.05,0.05,0.0,0.01,0.11,71.0,59.0,7.7,56.0,T,0.05952380952380953
Mortal Kombat: Deception,GC,2005.0,Fighting,Midway Games,0.09,0.02,0.0,0.0,0.11,77.0,14.0,8.9,15.0,M,0.05952380952380953
ESPN NHL Hockey,X,2003.0,Sports,Sega,0.08,0.02,0.0,0.0,0.11,88.0,25.0,8.4,24.0,E,0.05952380952380953
XXX,GBA,2002.0,Action,Activision,0.08,0.03,0.0,0.0,0.11,50.0,13.0,5.0,4.0,E,0.05952380952380953
John Dalys ProStroke Golf,PS3,2010.0,Sports,O-Games,0.09,0.01,0.0,0.01,0.11,58.0,23.0,4.1,8.0,E,0.05952380952380953
Truth or Lies,X360,2010.0,Misc,THQ,0.07,0.03,0.0,0.01,0.11,28.0,6.0,5.2,6.0,T,0.05952380952380953
Worms Forts: Under Siege,PS2,2004.0,Strategy,Acclaim Entertainment,0.05,0.04,0.0,0.01,0.11,63.0,21.0,8.0,15.0,T,0.05952380952380953
Mind Zero,PSV,2013.0,Role-Playing,GungHo,0.05,0.0,0.04,0.02,0.11,59.0,13.0,6.0,72.0,T,0.05952380952380953
Project: Snowblind,X,2005.0,Action,Eidos Interactive,0.08,0.02,0.0,0.0,0.11,79.0,44.0,7.0,10.0,T,0.05952380952380953
Astro Boy: The Video Game,PS2,2009.0,Action,D3Publisher,0.05,0.04,0.0,0.01,0.11,56.0,4.0,5.0,4.0,E10+,0.05952380952380953
Gabrielles Ghostly Groove 3D,3DS,2011.0,Adventure,Funbox Media,0.08,0.02,0.0,0.01,0.11,62.0,9.0,7.4,9.0,E,0.05952380952380953
Cake Mania,DS,2007.0,Puzzle,Majesco Entertainment,0.09,0.01,0.0,0.01,0.11,55.0,23.0,6.1,7.0,E,0.05952380952380953
Disney's Extreme Skate Adventure,X,2003.0,Sports,Activision,0.08,0.02,0.0,0.0,0.11,76.0,15.0,8.3,7.0,E,0.05952380952380953
Odama,GC,2006.0,Misc,Nintendo,0.07,0.02,0.02,0.0,0.11,62.0,42.0,8.0,17.0,E10+,0.05952380952380953
Karaoke Revolution Presents American Idol Encore,X360,2008.0,Misc,Konami Digital Entertainment,0.1,0.0,0.0,0.01,0.11,70.0,7.0,7.0,6.0,E,0.05952380952380953
God Eater 2: Rage Burst,PS4,2015.0,Role-Playing,Namco Bandai Games,0.0,0.01,0.1,0.0,0.11,69.0,35.0,7.8,84.0,T,0.05952380952380953
Naval Ops: Warship Gunner,PS2,2003.0,Simulation,Tecmo Koei,0.05,0.04,0.0,0.01,0.11,67.0,17.0,8.9,23.0,T,0.05952380952380953
Fate/Extella: The Umbral Star,PS4,2016.0,Action,PQube,0.0,0.0,0.11,0.0,0.11,66.0,26.0,7.7,14.0,T,0.05952380952380953
Calling,Wii,2009.0,Adventure,Konami Digital Entertainment,0.06,0.04,0.0,0.01,0.11,49.0,28.0,6.7,16.0,T,0.05952380952380953
Bionicle Heroes,GC,2006.0,Shooter,Eidos Interactive,0.08,0.02,0.0,0.0,0.11,51.0,4.0,5.2,5.0,E10+,0.05952380952380953
Eagle Flight,PS4,2016.0,Adventure,Ubisoft,0.03,0.07,0.0,0.02,0.11,72.0,33.0,7.7,25.0,E10+,0.05952380952380953
Bodycount,PS3,2011.0,Shooter,Codemasters,0.05,0.05,0.0,0.02,0.11,50.0,40.0,3.5,28.0,M,0.05952380952380953
Samurai Warriors 4,PSV,2014.0,Action,Tecmo Koei,0.0,0.0,0.11,0.0,0.11,76.0,5.0,8.6,18.0,T,0.05952380952380953
The King of Fighters 2000/2001,PS2,2003.0,Fighting,Ignition Entertainment,0.05,0.04,0.0,0.01,0.11,71.0,31.0,8.6,17.0,T,0.05952380952380953
Teenage Mutant Ninja Turtles: Mutants in Manhattan,PS4,2016.0,Action,Activision,0.07,0.02,0.0,0.02,0.11,44.0,49.0,5.4,165.0,T,0.05952380952380953
Ninja Assault,PS2,2002.0,Shooter,Namco Bandai Games,0.05,0.04,0.0,0.01,0.11,60.0,17.0,5.3,4.0,T,0.05952380952380953
Alias,PS2,2004.0,Action,Acclaim Entertainment,0.05,0.04,0.0,0.01,0.11,64.0,31.0,8.0,10.0,T,0.05952380952380953
Night at the Museum: Battle of the Smithsonian,X360,2009.0,Action,Majesco Entertainment,0.07,0.03,0.0,0.01,0.11,50.0,15.0,7.1,8.0,E10+,0.05952380952380953
Spyborgs,Wii,2009.0,Action,Capcom,0.09,0.01,0.0,0.01,0.11,66.0,30.0,6.3,6.0,T,0.05952380952380953
Bodycount,X360,2011.0,Shooter,Codemasters,0.07,0.03,0.0,0.01,0.11,53.0,61.0,4.7,73.0,M,0.05952380952380953
NHL Rivals 2004,X,2003.0,Sports,Microsoft Game Studios,0.08,0.02,0.0,0.0,0.11,65.0,39.0,8.8,20.0,E,0.05952380952380953
Avatar: The Last Airbender,PSP,2006.0,Adventure,THQ,0.1,0.0,0.0,0.01,0.11,57.0,9.0,6.3,10.0,E10+,0.05952380952380953
Death Jr.: Root of Evil,Wii,2008.0,Platform,Eidos Interactive,0.1,0.0,0.0,0.01,0.11,71.0,14.0,8.1,14.0,T,0.05952380952380953
Lost in Blue,DS,2005.0,Adventure,Konami Digital Entertainment,0.07,0.02,0.02,0.01,0.11,69.0,33.0,7.8,21.0,E10+,0.05952380952380953
Michael Phelps: Push the Limit,X360,2011.0,Sports,505 Games,0.09,0.01,0.0,0.01,0.11,48.0,10.0,3.5,6.0,E,0.05952380952380953
Charlie and the Chocolate Factory,X,2005.0,Adventure,Global Star,0.08,0.02,0.0,0.0,0.11,39.0,20.0,0.5,8.0,E,0.05952380952380953
Constantine,PS2,2005.0,Action,SCi,0.05,0.04,0.0,0.01,0.11,58.0,29.0,7.4,24.0,M,0.05952380952380953
Dynasty Tactics 2,PS2,2003.0,Strategy,Tecmo Koei,0.05,0.04,0.0,0.01,0.11,78.0,18.0,9.1,13.0,T,0.05952380952380953
Real World Golf,PS2,2005.0,Sports,Valcon Games,0.05,0.04,0.0,0.01,0.11,73.0,11.0,6.3,4.0,E,0.05952380952380953
Blazblue: Continuum Shift Extend,PSV,2011.0,Fighting,PQube,0.03,0.05,0.02,0.02,0.11,83.0,28.0,7.5,97.0,T,0.05952380952380953
Ty the Tasmanian Tiger 2: Bush Rescue,X,2004.0,Platform,Electronic Arts,0.08,0.02,0.0,0.0,0.11,69.0,29.0,8.8,4.0,E,0.05952380952380953
Mushroom Men: Rise of the Fungi,DS,2008.0,Action,SouthPeak Games,0.1,0.0,0.0,0.01,0.11,45.0,16.0,7.3,4.0,E,0.05952380952380953
The Polar Express,GC,2004.0,Adventure,THQ,0.08,0.02,0.0,0.0,0.11,40.0,7.0,4.7,9.0,E,0.05952380952380953
BMX XXX,X,2002.0,Sports,Acclaim Entertainment,0.08,0.02,0.0,0.0,0.11,58.0,26.0,7.8,9.0,M,0.05952380952380953
Frogger: Helmet Chaos,PSP,2005.0,Platform,Konami Digital Entertainment,0.1,0.0,0.0,0.01,0.11,66.0,18.0,6.4,5.0,E,0.05952380952380953
Pimp My Ride,X360,2006.0,Racing,Activision,0.1,0.0,0.0,0.01,0.11,38.0,14.0,3.8,29.0,T,0.05952380952380953
Hellboy: The Science of Evil,X360,2008.0,Action,Konami Digital Entertainment,0.1,0.0,0.0,0.01,0.11,44.0,31.0,5.7,9.0,T,0.05952380952380953
Assassins Creed Chronicles,PSV,2016.0,Action,Ubisoft,0.01,0.06,0.02,0.02,0.11,70.0,6.0,8.1,25.0,T,0.05952380952380953
Doom 3,PC,2004.0,Shooter,Activision,0.05,0.04,0.0,0.01,0.11,87.0,83.0,7.6,905.0,M,0.05952380952380953
Song of the Deep,PS4,2016.0,Action,Insomniac Games,0.09,0.0,0.0,0.02,0.11,69.0,41.0,7.1,33.0,E,0.05952380952380953
Sonic Generations,PC,2011.0,Platform,Sega,0.02,0.07,0.0,0.02,0.11,77.0,11.0,8.3,337.0,E,0.05952380952380953
Astro Boy: The Video Game,Wii,2009.0,Action,D3Publisher,0.1,0.0,0.0,0.01,0.11,48.0,17.0,3.5,4.0,E10+,0.05952380952380953
Dragon Ball Z: Battle of Z,PSV,2014.0,Fighting,Namco Bandai Games,0.0,0.04,0.06,0.01,0.11,66.0,7.0,7.5,54.0,T,0.05952380952380953
Resident Evil: Revelations 2,XOne,2015.0,Action,Capcom,0.08,0.02,0.0,0.01,0.11,75.0,22.0,7.5,107.0,M,0.05952380952380953
BlazBlue: Continuum Shift II,3DS,2011.0,Fighting,PQube,0.05,0.01,0.04,0.01,0.11,64.0,14.0,6.1,19.0,T,0.05952380952380953
Mana Khemia: Student Alliance,PSP,2008.0,Role-Playing,Nippon Ichi Software,0.06,0.0,0.03,0.01,0.11,41.0,19.0,5.3,37.0,E10+,0.05952380952380953
Cabelas North American Adventures,X360,2010.0,Sports,Activision,0.1,0.0,0.0,0.01,0.11,51.0,5.0,9.0,4.0,T,0.05952380952380953
Rengoku: The Tower of Purgatory,PSP,2005.0,Action,Konami Digital Entertainment,0.1,0.0,0.0,0.01,0.11,43.0,30.0,5.6,22.0,M,0.05952380952380953
Bust-A-Move DS,DS,2005.0,Puzzle,505 Games,0.08,0.02,0.0,0.01,0.11,75.0,14.0,7.0,6.0,E,0.05952380952380953
Rome: Total War,PC,2004.0,Strategy,Activision,0.0,0.09,0.0,0.02,0.11,92.0,58.0,9.1,1059.0,T,0.05952380952380953
Dawn of Discovery,DS,2009.0,Simulation,Ubisoft,0.07,0.03,0.0,0.01,0.11,82.0,11.0,7.3,7.0,E,0.05952380952380953
Samurai Warriors 4: Empires,PS4,2015.0,Action,Tecmo Koei,0.03,0.01,0.06,0.01,0.11,71.0,29.0,6.7,17.0,T,0.05952380952380953
Where the Wild Things Are,PS3,2009.0,Platform,Warner Bros. Interactive Entertainment,0.09,0.01,0.0,0.01,0.11,53.0,8.0,4.8,4.0,E10+,0.05952380952380953
Mega Man Zero 4,GBA,2005.0,Platform,Capcom,0.08,0.03,0.0,0.0,0.11,77.0,17.0,9.1,21.0,E,0.05952380952380953
NASCAR 14,PS3,2014.0,Racing,Deep Silver,0.09,0.0,0.0,0.02,0.11,67.0,7.0,4.6,20.0,E,0.05952380952380953
ArmA III,PC,2013.0,Shooter,Bohemia Interactive,0.0,0.1,0.0,0.01,0.11,74.0,38.0,7.4,870.0,M,0.05952380952380953
Tiger Woods PGA Tour 06,GC,2005.0,Sports,Electronic Arts,0.08,0.02,0.0,0.0,0.11,82.0,19.0,5.8,5.0,E,0.05952380952380953
FIFA World Cup Germany 2006,PSP,2006.0,Sports,Electronic Arts,0.1,0.0,0.0,0.01,0.11,72.0,15.0,7.3,8.0,E,0.05952380952380953
Reign of Fire,GC,2002.0,Shooter,BAM! Entertainment,0.08,0.02,0.0,0.0,0.11,54.0,9.0,5.9,7.0,T,0.05952380952380953
Rogue Warrior,X360,2009.0,Shooter,Bethesda Softworks,0.09,0.01,0.0,0.01,0.11,28.0,33.0,2.8,64.0,M,0.05952380952380953
Ride,XOne,2015.0,Racing,Milestone S.r.l.,0.05,0.05,0.0,0.01,0.11,54.0,9.0,5.3,17.0,E,0.05952380952380953
Mace Griffin: Bounty Hunter,X,2003.0,Shooter,Electronic Arts,0.08,0.02,0.0,0.0,0.11,64.0,27.0,8.2,11.0,M,0.05952380952380953
Martian Gothic: Unification,PS,2001.0,Adventure,Take-Two Interactive,0.06,0.04,0.0,0.01,0.11,64.0,4.0,6.3,17.0,M,0.05952380952380953
Fight Clu,X,2004.0,Fighting,Vivendi Games,0.08,0.02,0.0,0.0,0.11,37.0,29.0,4.7,13.0,M,0.05952380952380953
Tom Clancys Splinter Cell: Conviction,PC,2010.0,Action,Ubisoft,0.0,0.08,0.0,0.02,0.11,83.0,20.0,5.2,675.0,M,0.05952380952380953
One Piece: Burning Blood,PSV,2016.0,Fighting,Namco Bandai Games,0.0,0.02,0.08,0.01,0.11,62.0,4.0,7.8,11.0,T,0.05952380952380953
Pinball Hall of Fame: The Williams Collection,3DS,2011.0,Misc,Crave Entertainment,0.1,0.0,0.0,0.01,0.11,67.0,5.0,7.3,8.0,E10+,0.05952380952380953
FlatOut: Ultimate Carnage,X360,2007.0,Racing,Empire Interactive,0.07,0.02,0.0,0.01,0.11,80.0,44.0,8.8,66.0,T,0.05952380952380953
Operation Abyss: New Tokyo Legacy,PSV,2014.0,Role-Playing,Nippon Ichi Software,0.03,0.0,0.06,0.01,0.11,66.0,25.0,7.4,25.0,M,0.05952380952380953
Digimon Digital Card Battle,PS,1999.0,Strategy,Namco Bandai Games,0.06,0.04,0.0,0.01,0.11,51.0,5.0,9.0,44.0,T,0.05952380952380953
Harvey Birdman: Attorney at Law,PSP,2008.0,Adventure,Capcom,0.09,0.0,0.0,0.01,0.11,62.0,19.0,8.2,9.0,T,0.05952380952380953
Aquapazza: Aquaplus Dream Match,PS3,2012.0,Fighting,Aqua Plus,0.05,0.0,0.05,0.01,0.11,75.0,13.0,7.8,20.0,T,0.05952380952380953
Lucha Libre AAA: Heroes del Ring,PS3,2010.0,Fighting,Konami Digital Entertainment,0.1,0.0,0.0,0.01,0.11,54.0,6.0,7.4,11.0,T,0.05952380952380953
Dead to Rights II,X,2005.0,Shooter,Electronic Arts,0.08,0.02,0.0,0.0,0.11,54.0,35.0,7.4,5.0,M,0.05952380952380953
Pac-Man and the Ghostly Adventures 2,X360,2014.0,Adventure,Namco Bandai Games,0.05,0.04,0.0,0.01,0.11,60.0,7.0,6.5,10.0,E10+,0.05952380952380953
Trauma Center: Under the Knife 2,DS,2008.0,Simulation,Atlus,0.1,0.0,0.0,0.01,0.11,79.0,29.0,8.5,11.0,T,0.05952380952380953
SimCity 2000,GBA,2003.0,Simulation,Zoo Digital Publishing,0.08,0.03,0.0,0.0,0.11,62.0,9.0,7.8,11.0,E,0.05952380952380953
Rocky Balboa,PSP,2007.0,Sports,Ubisoft,0.01,0.09,0.0,0.01,0.1,58.0,17.0,6.6,11.0,T,0.05357142857142858
X-Men: The Official Game,DS,2006.0,Action,Activision,0.1,0.0,0.0,0.01,0.1,50.0,17.0,7.8,6.0,E10+,0.05357142857142858
"Sakura Wars: So Long, My Love",Wii,2010.0,Role-Playing,Ackkstudios,0.05,0.04,0.0,0.01,0.1,75.0,30.0,7.3,31.0,T,0.05357142857142858
Pro Evolution Soccer 2014,PC,2013.0,Action,Konami Digital Entertainment,0.0,0.1,0.0,0.01,0.1,74.0,9.0,4.4,241.0,E,0.05357142857142858
Gravity Games Bike: Street Vert Dirt,PS2,2002.0,Sports,Midway Games,0.05,0.04,0.0,0.01,0.1,24.0,12.0,4.1,27.0,T,0.05357142857142858
Top Spin,PS2,2005.0,Sports,Take-Two Interactive,0.05,0.04,0.0,0.01,0.1,67.0,28.0,7.8,12.0,E,0.05357142857142858
Family Feud: 2012 Edition,X360,2011.0,Misc,Ubisoft,0.1,0.0,0.0,0.01,0.1,47.0,4.0,5.3,6.0,E10+,0.05357142857142858
UFC: Tapout 2,X,2003.0,Fighting,Capcom,0.08,0.02,0.0,0.0,0.1,66.0,14.0,7.3,4.0,T,0.05357142857142858
Sacred 3,PS3,2014.0,Role-Playing,Deep Silver,0.03,0.04,0.03,0.01,0.1,56.0,13.0,3.4,46.0,M,0.05357142857142858
The Book of Unwritten Tales,PC,2009.0,Adventure,HMH Interactive,0.0,0.08,0.0,0.02,0.1,82.0,32.0,8.2,144.0,T,0.05357142857142858
The Godfather: Mob Wars,PSP,2006.0,Action,Electronic Arts,0.09,0.0,0.0,0.01,0.1,59.0,34.0,7.9,16.0,M,0.05357142857142858
Vexx,X,2003.0,Platform,Acclaim Entertainment,0.08,0.02,0.0,0.0,0.1,70.0,21.0,8.5,10.0,T,0.05357142857142858
F1 Career Challenge,PS2,2003.0,Racing,Electronic Arts,0.05,0.04,0.0,0.01,0.1,70.0,15.0,7.7,15.0,E,0.05357142857142858
Patapon 2,PSP,2008.0,Misc,Sony Computer Entertainment,0.0,0.03,0.06,0.01,0.1,81.0,49.0,8.3,62.0,E,0.05357142857142858
Pariah,X,2005.0,Action,Hip Interactive,0.08,0.02,0.0,0.0,0.1,70.0,52.0,7.4,19.0,M,0.05357142857142858
Metal Slug 3,X,2004.0,Shooter,Ignition Entertainment,0.08,0.02,0.0,0.0,0.1,76.0,56.0,5.1,15.0,T,0.05357142857142858
Winning Eleven: Pro Evolution Soccer 2007,X360,2006.0,Sports,Konami Digital Entertainment,0.09,0.0,0.0,0.01,0.1,79.0,22.0,6.5,33.0,E,0.05357142857142858
Banjo-Pilot,GBA,2005.0,Racing,THQ,0.07,0.03,0.0,0.0,0.1,68.0,22.0,5.9,9.0,E,0.05357142857142858
The First Templar,X360,2011.0,Action,Kalypso Media,0.06,0.04,0.0,0.01,0.1,52.0,21.0,6.3,26.0,T,0.05357142857142858
Gallop Racer 2006,PS2,2005.0,Sports,Tecmo Koei,0.02,0.02,0.06,0.01,0.1,69.0,15.0,8.3,8.0,E,0.05357142857142858
Terraria,PSV,2013.0,Action,Screenlife,0.0,0.01,0.09,0.0,0.1,85.0,17.0,7.8,112.0,T,0.05357142857142858
Frogger: Ancient Shadow,PS2,2005.0,Platform,Konami Digital Entertainment,0.05,0.04,0.0,0.01,0.1,54.0,17.0,4.0,5.0,E,0.05357142857142858
Princess Debut,DS,2008.0,Misc,Cave,0.1,0.0,0.0,0.01,0.1,71.0,6.0,7.4,7.0,E,0.05357142857142858
Metal Arms: Glitch in the System,GC,2003.0,Shooter,Vivendi Games,0.08,0.02,0.0,0.0,0.1,83.0,30.0,8.9,20.0,T,0.05357142857142858
Tom Clancys Splinter Cell: Chaos Theory,GC,2005.0,Action,Ubisoft,0.08,0.02,0.0,0.0,0.1,81.0,28.0,8.5,16.0,M,0.05357142857142858
Escape From Monkey Island,PS2,2001.0,Adventure,LucasArts,0.05,0.04,0.0,0.01,0.1,84.0,21.0,8.3,12.0,T,0.05357142857142858
The Lord of the Rings: Conquest,DS,2009.0,Action,Electronic Arts,0.09,0.01,0.0,0.01,0.1,61.0,9.0,7.8,6.0,E10+,0.05357142857142858
Gretzky NHL,PSP,2005.0,Sports,Sony Computer Entertainment,0.1,0.0,0.0,0.01,0.1,61.0,23.0,7.4,10.0,E,0.05357142857142858
Dropship: United Peace Force,PS2,2002.0,Simulation,Sony Computer Entertainment,0.05,0.04,0.0,0.01,0.1,78.0,17.0,8.6,10.0,T,0.05357142857142858
Medieval II: Total War,PC,2006.0,Strategy,Sega,0.0,0.09,0.0,0.02,0.1,88.0,39.0,8.9,654.0,T,0.05357142857142858
Road Rash: Jailbreak,GBA,2003.0,Racing,Zoo Digital Publishing,0.07,0.03,0.0,0.0,0.1,78.0,15.0,9.0,24.0,T,0.05357142857142858
Thrillville: Off the Rails,PSP,2007.0,Strategy,LucasArts,0.09,0.0,0.0,0.01,0.1,72.0,7.0,0.6,24.0,E10+,0.05357142857142858
Cloudy With a Chance of Meatballs,PS3,2009.0,Platform,Ubisoft,0.09,0.01,0.0,0.01,0.1,66.0,9.0,6.0,5.0,E,0.05357142857142858
Syberia,X,2003.0,Action,Microids,0.08,0.02,0.0,0.0,0.1,72.0,17.0,7.0,5.0,T,0.05357142857142858
G1 Jockey 3,PS2,2002.0,Sports,THQ,0.02,0.01,0.07,0.0,0.1,71.0,12.0,9.0,10.0,E,0.05357142857142858
Exit DS,DS,2008.0,Puzzle,Square Enix,0.09,0.0,0.01,0.01,0.1,64.0,25.0,6.7,6.0,E,0.05357142857142858
Blades of Time,X360,2012.0,Action,Konami Digital Entertainment,0.07,0.02,0.0,0.01,0.1,52.0,23.0,6.5,30.0,M,0.05357142857142858
Riviera: The Promised Land,GBA,2004.0,Role-Playing,Sting,0.07,0.03,0.0,0.0,0.1,76.0,26.0,8.8,22.0,T,0.05357142857142858
Yggdra Union: Well Never Fight Alone,PSP,2008.0,Role-Playing,Sting,0.05,0.0,0.04,0.01,0.1,73.0,17.0,7.9,18.0,T,0.05357142857142858
Bujingai: The Forsaken City,PS2,2003.0,Fighting,505 Games,0.05,0.04,0.0,0.01,0.1,72.0,28.0,7.5,14.0,T,0.05357142857142858
Universe at War: Earth Assault,X360,2008.0,Action,Sega,0.09,0.01,0.0,0.01,0.1,66.0,44.0,8.3,57.0,T,0.05357142857142858
Death By Degrees,PS2,2005.0,Action,Sony Computer Entertainment,0.05,0.04,0.0,0.01,0.1,51.0,45.0,6.2,24.0,M,0.05357142857142858
JU-ON: The Grudge,Wii,2009.0,Action,Rising Star Games,0.07,0.01,0.01,0.01,0.1,39.0,32.0,5.6,34.0,M,0.05357142857142858
Resident Evil 6,PS4,2016.0,Shooter,Capcom,0.08,0.0,0.01,0.02,0.1,60.0,19.0,6.7,100.0,M,0.05357142857142858
NASCAR The Game: Inside Line,X360,2012.0,Racing,Activision,0.09,0.0,0.0,0.01,0.1,72.0,7.0,3.4,27.0,E,0.05357142857142858
Colin McRae Rally 04,X,2004.0,Racing,Codemasters,0.08,0.02,0.0,0.0,0.1,84.0,33.0,8.1,19.0,E,0.05357142857142858
FIFA Street,X,2005.0,Sports,Electronic Arts,0.08,0.02,0.0,0.0,0.1,60.0,21.0,8.0,9.0,E,0.05357142857142858
Terraria,3DS,2016.0,Action,505 Games,0.0,0.05,0.05,0.0,0.1,71.0,6.0,7.1,21.0,T,0.05357142857142858
Hot Wheels: Stunt Track Challenge,X,2004.0,Racing,THQ,0.08,0.02,0.0,0.0,0.1,63.0,11.0,6.2,5.0,E,0.05357142857142858
Blitz: The League II,X360,2008.0,Sports,Midway Games,0.08,0.01,0.0,0.01,0.1,68.0,34.0,7.2,13.0,M,0.05357142857142858
Miami Law,DS,2009.0,Adventure,Konami Digital Entertainment,0.09,0.0,0.0,0.01,0.1,56.0,14.0,8.8,4.0,T,0.05357142857142858
The Whispered World,PC,2009.0,Adventure,Deep Silver,0.0,0.08,0.0,0.02,0.1,70.0,41.0,7.6,77.0,E,0.05357142857142858
Capcom vs. SNK 2 EO,X,2003.0,Fighting,Capcom,0.08,0.02,0.0,0.0,0.1,80.0,26.0,8.7,13.0,T,0.05357142857142858
Hunter: The Reckoning,GC,2002.0,Action,Virgin Interactive,0.08,0.02,0.0,0.0,0.1,70.0,13.0,7.6,7.0,M,0.05357142857142858
Baten Kaitos Origins,GC,2006.0,Role-Playing,Unknown,0.06,0.02,0.02,0.0,0.1,75.0,21.0,8.9,23.0,T,0.05357142857142858
E\xc2\xb7O\xc2\xb7E: Eve of Extinction,PS2,2002.0,Fighting,Eidos Interactive,0.04,0.03,0.02,0.01,0.1,57.0,28.0,7.2,6.0,T,0.05357142857142858
Surfs Up,X360,2007.0,Sports,Ubisoft,0.09,0.0,0.0,0.01,0.1,61.0,15.0,6.1,9.0,E10+,0.05357142857142858
NHL 2004,GC,2003.0,Sports,Electronic Arts,0.08,0.02,0.0,0.0,0.1,85.0,18.0,8.4,7.0,E,0.05357142857142858
Shovel Knight,WiiU,2015.0,Platform,Yacht Club Games,0.05,0.04,0.0,0.01,0.1,88.0,24.0,8.3,280.0,E,0.05357142857142858
X-Men: The Official Game,X,2006.0,Action,Activision,0.08,0.02,0.0,0.0,0.1,53.0,38.0,8.1,7.0,T,0.05357142857142858
RLH: Run Like Hell,PS2,2002.0,Shooter,Virgin Interactive,0.05,0.04,0.0,0.01,0.1,58.0,27.0,8.2,9.0,M,0.05357142857142858
The Ant Bully,PS2,2006.0,Platform,Midway Games,0.05,0.04,0.0,0.01,0.1,52.0,19.0,4.2,6.0,E10+,0.05357142857142858
Conflict: Global Terror,X,2005.0,Shooter,SCi,0.08,0.02,0.0,0.0,0.1,62.0,24.0,7.9,8.0,M,0.05357142857142858
Scribblenauts Unmasked: A DC Comics Adventure,WiiU,2013.0,Puzzle,Warner Bros. Interactive Entertainment,0.09,0.0,0.0,0.01,0.1,71.0,17.0,6.3,39.0,E10+,0.05357142857142858
Agatha Christie: The ABC Murders,DS,2009.0,Adventure,JoWood Productions,0.08,0.01,0.0,0.01,0.1,53.0,11.0,6.5,4.0,T,0.05357142857142858
Monster Rancher EVO,PS2,2005.0,Role-Playing,Tecmo Koei,0.02,0.02,0.05,0.01,0.1,58.0,16.0,6.8,8.0,E10+,0.05357142857142858
Steins;Gate,PSV,2013.0,Adventure,PQube,0.04,0.04,0.0,0.02,0.1,83.0,16.0,9.2,87.0,M,0.05357142857142858
Help Wanted: 50 Wacky Jobs,Wii,2008.0,Simulation,Hudson Soft,0.06,0.03,0.0,0.01,0.1,65.0,12.0,7.0,5.0,E10+,0.05357142857142858
Beach Spikers: Virtua Beach Volleyball,GC,2002.0,Sports,Sega,0.08,0.02,0.0,0.0,0.1,76.0,31.0,8.2,10.0,E,0.05357142857142858
Draglade,DS,2007.0,Fighting,505 Games,0.09,0.0,0.0,0.01,0.1,71.0,23.0,7.5,4.0,E10+,0.05357142857142858
Scribblenauts Unmasked: A DC Comics Adventure,3DS,2013.0,Puzzle,Warner Bros. Interactive Entertainment,0.09,0.0,0.0,0.01,0.1,68.0,7.0,6.2,20.0,E10+,0.05357142857142858
Jade Cocoon 2,PS2,2001.0,Role-Playing,Ubisoft,0.05,0.04,0.0,0.01,0.1,76.0,16.0,7.8,22.0,T,0.05357142857142858
Van Helsing,GBA,2004.0,Action,Activision,0.07,0.03,0.0,0.0,0.1,33.0,11.0,6.3,6.0,T,0.05357142857142858
Bee Movie Game,PS2,2007.0,Action,Activision,0.05,0.04,0.0,0.01,0.1,65.0,11.0,7.5,4.0,E,0.05357142857142858
Harry Potter and the Deathly Hallows - Part 1,PC,2010.0,Action,Electronic Arts,0.08,0.02,0.0,0.01,0.1,37.0,5.0,4.1,33.0,T,0.05357142857142858
Kelly Slaters Pro Surfer,X,2002.0,Sports,Activision,0.08,0.02,0.0,0.0,0.1,80.0,15.0,8.0,5.0,E,0.05357142857142858
Beaterator,PSP,2009.0,Misc,Take-Two Interactive,0.07,0.02,0.0,0.02,0.1,80.0,44.0,7.8,13.0,E,0.05357142857142858
NFL Tour,X360,2008.0,Sports,Electronic Arts,0.09,0.0,0.0,0.01,0.1,49.0,35.0,3.1,45.0,E,0.05357142857142858
Sudoku Mania,DS,2006.0,Puzzle,Zoo Digital Publishing,0.09,0.0,0.0,0.01,0.1,25.0,4.0,3.5,4.0,E,0.05357142857142858
Codename: Kids Next Door: Operation V.I.D.E.O.G.A.M.E.,PS2,2005.0,Platform,Global Star,0.05,0.04,0.0,0.01,0.1,49.0,9.0,8.0,11.0,E10+,0.05357142857142858
The Bards Tale,X,2004.0,Role-Playing,Ubisoft,0.08,0.02,0.0,0.0,0.1,75.0,50.0,8.8,4.0,T,0.05357142857142858
Alien Hominid,PS2,2004.0,Shooter,Zoo Digital Publishing,0.05,0.04,0.0,0.01,0.1,78.0,47.0,8.3,13.0,T,0.05357142857142858
Pac-Man and the Ghostly Adventures 2,PS3,2014.0,Adventure,Namco Bandai Games,0.05,0.03,0.0,0.02,0.1,59.0,11.0,6.3,4.0,E10+,0.05357142857142858
Myst,DS,2007.0,Adventure,Midway Games,0.09,0.0,0.0,0.01,0.1,43.0,25.0,3.5,6.0,E,0.05357142857142858
naild,X360,2010.0,Racing,Deep Silver,0.08,0.02,0.0,0.01,0.1,64.0,49.0,7.1,16.0,E10+,0.05357142857142858
Tom Clancys Splinter Cell,GBA,2003.0,Action,Ubisoft,0.07,0.03,0.0,0.0,0.1,77.0,21.0,8.6,8.0,T,0.05357142857142858
Bullet Witch,X360,2006.0,Shooter,Atari,0.07,0.01,0.02,0.01,0.1,55.0,59.0,6.1,41.0,M,0.05357142857142858
Spider-Man: Web of Shadows,DS,2008.0,Action,Activision,0.09,0.0,0.0,0.01,0.1,77.0,12.0,7.5,14.0,E10+,0.05357142857142858
Rolling Stone: Drum King,Wii,2009.0,Misc,505 Games,0.09,0.0,0.0,0.01,0.1,32.0,4.0,1.8,4.0,T,0.05357142857142858
NBA Ballers: Rebound,PSP,2006.0,Sports,Midway Games,0.09,0.0,0.0,0.01,0.1,69.0,17.0,7.7,7.0,E,0.05357142857142858
Kings Field: The Ancient City,PS2,2001.0,Role-Playing,Metro 3D,0.05,0.04,0.0,0.01,0.1,60.0,14.0,8.5,14.0,T,0.05357142857142858
Silent Scope Complete,X,2004.0,Shooter,Konami Digital Entertainment,0.07,0.02,0.0,0.0,0.1,69.0,25.0,7.4,5.0,M,0.05357142857142858
Leisure Suit Larry: Box Office Bust,PS3,2009.0,Adventure,Codemasters,0.06,0.03,0.0,0.01,0.1,17.0,11.0,1.7,37.0,M,0.05357142857142858
Indigo Prophecy,X,2005.0,Adventure,Atari,0.07,0.03,0.0,0.0,0.1,84.0,51.0,7.7,39.0,M,0.05357142857142858
Sneakers,X,2002.0,Puzzle,Microsoft Game Studios,0.07,0.02,0.0,0.0,0.1,28.0,13.0,4.6,8.0,E,0.05357142857142858
X-Men: Destiny,Wii,2011.0,Action,Activision,0.07,0.02,0.0,0.01,0.1,36.0,10.0,4.5,15.0,T,0.05357142857142858
NHL 2K6,X360,2005.0,Sports,Take-Two Interactive,0.09,0.0,0.0,0.01,0.1,75.0,37.0,6.1,24.0,E10+,0.05357142857142858
Contact,DS,2006.0,Role-Playing,Rising Star Games,0.07,0.0,0.03,0.01,0.1,73.0,36.0,8.2,35.0,E10+,0.05357142857142858
College Hoops 2K6,X,2005.0,Sports,Take-Two Interactive,0.07,0.02,0.0,0.0,0.1,82.0,17.0,9.2,6.0,E,0.05357142857142858
Pokemon Rumble World,3DS,2015.0,Action,Nintendo,0.0,0.01,0.08,0.0,0.1,58.0,16.0,6.3,70.0,E10+,0.05357142857142858
Predator: Concrete Jungle,X,2005.0,Action,Vivendi Games,0.07,0.02,0.0,0.0,0.1,46.0,17.0,8.0,10.0,M,0.05357142857142858
The Crew: Wild Run,PS4,2015.0,Action,Ubisoft,0.0,0.08,0.0,0.01,0.1,73.0,13.0,6.8,50.0,T,0.05357142857142858
Opoona,Wii,2007.0,Role-Playing,Tecmo Koei,0.08,0.0,0.01,0.01,0.1,65.0,33.0,7.7,14.0,E10+,0.05357142857142858
Universal Studios Theme Parks Adventure,GC,2001.0,Misc,Kemco,0.08,0.02,0.0,0.0,0.1,39.0,11.0,2.9,11.0,T,0.05357142857142858
Rocky: Legends,X,2004.0,Action,Ubisoft,0.07,0.02,0.0,0.0,0.1,67.0,21.0,5.2,6.0,T,0.05357142857142858
Prinny: Can I Really Be the Hero?,PSP,2008.0,Platform,Tecmo Koei,0.03,0.0,0.05,0.01,0.1,72.0,45.0,7.0,41.0,T,0.05357142857142858
Star Trek: Shattered Universe,PS2,2004.0,Simulation,Global Star,0.05,0.04,0.0,0.01,0.1,42.0,19.0,8.3,18.0,E,0.05357142857142858
Phantom Brave: The Hermuda Triangle,PSP,2010.0,Role-Playing,Nippon Ichi Software,0.06,0.0,0.03,0.01,0.1,65.0,16.0,7.3,11.0,T,0.05357142857142858
Ultra Street Fighter IV,PS4,2015.0,Fighting,Capcom,0.0,0.08,0.0,0.01,0.1,71.0,28.0,5.9,94.0,T,0.05357142857142858
Dragon Ball: Evolution,PSP,2009.0,Fighting,Namco Bandai Games,0.09,0.0,0.0,0.01,0.1,28.0,16.0,0.9,51.0,T,0.05357142857142858
Natural Doctrine,PS4,2014.0,Role-Playing,Nippon Ichi Software,0.05,0.02,0.02,0.01,0.1,53.0,31.0,6.0,79.0,M,0.05357142857142858
Disgaea Infinite,PSP,2010.0,Adventure,Nippon Ichi Software,0.08,0.0,0.01,0.01,0.1,64.0,15.0,4.4,40.0,T,0.05357142857142858
NeverDead,X360,2012.0,Shooter,Konami Digital Entertainment,0.06,0.03,0.0,0.01,0.1,52.0,46.0,5.5,65.0,M,0.05357142857142858
Thor: God of Thunder,3DS,2011.0,Action,Sega,0.06,0.03,0.0,0.01,0.1,55.0,10.0,4.2,5.0,T,0.05357142857142858
Blades of Time,PS3,2012.0,Action,Konami Digital Entertainment,0.04,0.03,0.01,0.01,0.1,53.0,19.0,7.2,22.0,M,0.05357142857142858
MotoGP 07,PS2,2007.0,Racing,Capcom,0.05,0.04,0.0,0.01,0.1,62.0,26.0,9.1,7.0,E,0.05357142857142858
Cubic Ninja,3DS,2011.0,Platform,Ubisoft,0.05,0.04,0.0,0.01,0.1,51.0,15.0,5.9,14.0,E,0.05357142857142858
F1 2014,PC,2014.0,Racing,Codemasters,0.0,0.09,0.0,0.01,0.1,61.0,20.0,4.8,65.0,E,0.05357142857142858
Arslan: The Warriors of Legend,PS4,2015.0,Action,Tecmo Koei,0.03,0.01,0.05,0.01,0.1,69.0,43.0,6.6,23.0,T,0.05357142857142858
Harvest Moon: Frantic Farming,DS,2009.0,Puzzle,Rising Star Games,0.08,0.0,0.0,0.01,0.1,72.0,7.0,6.8,6.0,E,0.05357142857142858
Blue Dragon: Awakened Shadow,DS,2009.0,Role-Playing,Namco Bandai Games,0.06,0.0,0.03,0.0,0.1,63.0,27.0,6.6,10.0,E10+,0.05357142857142858
Shining Force EXA,PS2,2007.0,Role-Playing,Sega,0.0,0.0,0.1,0.0,0.1,64.0,24.0,7.3,17.0,E10+,0.05357142857142858
Digimon World DS,DS,2006.0,Role-Playing,Namco Bandai Games,0.09,0.0,0.0,0.01,0.1,71.0,8.0,7.6,27.0,E10+,0.05357142857142858
MySims SkyHeroes,X360,2010.0,Action,Electronic Arts,0.09,0.0,0.0,0.01,0.1,56.0,15.0,5.5,4.0,E10+,0.05357142857142858
Guilty Gear Isuka,PS2,2004.0,Fighting,505 Games,0.05,0.04,0.0,0.01,0.1,73.0,39.0,7.5,13.0,T,0.05357142857142858
Tornado Outbreak,Wii,2009.0,Action,Konami Digital Entertainment,0.09,0.0,0.0,0.01,0.1,71.0,7.0,8.2,5.0,E10+,0.05357142857142858
MotoGP 2,X,2003.0,Racing,THQ,0.07,0.02,0.0,0.0,0.1,87.0,23.0,8.5,14.0,E,0.05357142857142858
Shadow of Destiny,PSP,2009.0,Adventure,Konami Digital Entertainment,0.08,0.0,0.0,0.01,0.1,54.0,6.0,8.2,5.0,T,0.05357142857142858
Heatseeker,Wii,2007.0,Action,Codemasters,0.08,0.0,0.0,0.01,0.1,62.0,25.0,6.2,32.0,T,0.05357142857142858
Ar tonelico: Melody of Elemia,PS2,2006.0,Role-Playing,505 Games,0.0,0.0,0.1,0.0,0.1,71.0,30.0,7.7,43.0,T,0.05357142857142858
Castlevania Double Pack,GBA,2006.0,Platform,Konami Digital Entertainment,0.07,0.03,0.0,0.0,0.1,86.0,4.0,8.4,12.0,T,0.05357142857142858
Steel Battalion,X,2002.0,Simulation,Microsoft Game Studios,0.05,0.02,0.02,0.0,0.1,83.0,20.0,8.5,20.0,T,0.05357142857142858
Cartoon Network: Punch Time Explosion,3DS,2011.0,Fighting,Deep Silver,0.07,0.02,0.0,0.01,0.1,58.0,16.0,5.7,29.0,E10+,0.05357142857142858
Power Stone Collection,PSP,2006.0,Action,Capcom,0.08,0.0,0.0,0.01,0.1,74.0,34.0,6.8,6.0,T,0.05357142857142858
"Blast Works: Build, Trade, Destroy",Wii,2008.0,Shooter,Eidos Interactive,0.09,0.0,0.0,0.01,0.1,78.0,30.0,7.7,17.0,E,0.05357142857142858
SNK vs. Capcom Card Fighters DS,DS,2006.0,Strategy,Ignition Entertainment,0.09,0.0,0.0,0.01,0.1,48.0,19.0,5.3,7.0,T,0.05357142857142858
Darkest of Days,X360,2009.0,Shooter,Phantom EFX,0.09,0.0,0.0,0.01,0.1,44.0,25.0,4.8,76.0,M,0.05357142857142858
Minority Report: Everybody Runs,X,2002.0,Action,Activision,0.07,0.02,0.0,0.0,0.1,54.0,18.0,5.0,4.0,T,0.05357142857142858
NASCAR,PSP,2006.0,Racing,Electronic Arts,0.09,0.0,0.0,0.01,0.1,66.0,13.0,5.3,6.0,E,0.05357142857142858
Rio,X360,2011.0,Misc,THQ,0.05,0.03,0.0,0.01,0.09,60.0,16.0,7.0,7.0,E10+,0.04761904761904762
Valentino Rossi: The Game,PS4,2016.0,Racing,Namco Bandai Games,0.03,0.05,0.0,0.02,0.09,75.0,19.0,8.0,50.0,E,0.04761904761904762
Playboy: The Mansion,X,2005.0,Simulation,Ubisoft,0.07,0.02,0.0,0.0,0.09,61.0,43.0,4.1,9.0,M,0.04761904761904762
Disney's Aladdin in Nasiras Revenge,PS,2000.0,Action,Sony Computer Entertainment,0.05,0.04,0.0,0.01,0.09,61.0,11.0,8.3,7.0,E,0.04761904761904762
Barnyard,PS2,2006.0,Action,THQ,0.05,0.04,0.0,0.01,0.09,62.0,13.0,8.7,10.0,E10+,0.04761904761904762
Ultimate Marvel vs. Capcom 3,PS3,2011.0,Fighting,Capcom,0.0,0.04,0.04,0.01,0.09,80.0,36.0,6.3,116.0,T,0.04761904761904762
Touch Detective,DS,2006.0,Adventure,505 Games,0.06,0.03,0.0,0.01,0.09,60.0,25.0,6.8,6.0,E10+,0.04761904761904762
MindJack,X360,2011.0,Shooter,Square Enix,0.07,0.02,0.0,0.01,0.09,43.0,42.0,1.2,116.0,M,0.04761904761904762
Pac-Man World 3,GC,2005.0,Platform,Namco Bandai Games,0.07,0.02,0.0,0.0,0.09,66.0,17.0,7.3,10.0,E,0.04761904761904762
Code Lyoko: Quest for Infinity,Wii,2007.0,Action,Game Factory,0.07,0.02,0.0,0.01,0.09,58.0,15.0,8.5,8.0,E10+,0.04761904761904762
Mega Man Legacy Collection,PS4,2016.0,Platform,Capcom,0.08,0.0,0.0,0.02,0.09,77.0,22.0,6.1,57.0,E,0.04761904761904762
Rocky,GC,2002.0,Fighting,Rage Software,0.07,0.02,0.0,0.0,0.09,74.0,17.0,7.3,4.0,T,0.04761904761904762
Glory Days 2,DS,2007.0,Strategy,Ghostlight,0.08,0.0,0.0,0.01,0.09,73.0,28.0,7.3,6.0,E10+,0.04761904761904762
Brain Age: Concentration Training,3DS,2012.0,Puzzle,Nintendo,0.09,0.0,0.0,0.01,0.09,71.0,11.0,7.9,17.0,E,0.04761904761904762
Crash N Burn,X,2004.0,Racing,Eidos Interactive,0.07,0.02,0.0,0.0,0.09,65.0,25.0,6.4,7.0,T,0.04761904761904762
Hakuoki: Demon of the Fleeting Blossom,PSP,2009.0,Adventure,Idea Factory,0.08,0.0,0.0,0.01,0.09,79.0,4.0,8.3,31.0,M,0.04761904761904762
Speed Kings,PS2,2003.0,Racing,Acclaim Entertainment,0.05,0.04,0.0,0.01,0.09,61.0,13.0,7.8,6.0,E,0.04761904761904762
Dungeons,PC,2011.0,Strategy,Kalypso Media,0.07,0.02,0.0,0.01,0.09,65.0,35.0,4.6,106.0,M,0.04761904761904762
Little League World Series Baseball 2008,Wii,2008.0,Sports,Activision,0.09,0.0,0.0,0.01,0.09,70.0,8.0,8.0,6.0,E,0.04761904761904762
Winter Stars,X360,2011.0,Sports,Deep Silver,0.05,0.03,0.0,0.01,0.09,46.0,9.0,6.5,4.0,E,0.04761904761904762
Bladestorm: The Hundred Years War,X360,2007.0,Action,Tecmo Koei,0.08,0.01,0.0,0.01,0.09,63.0,26.0,6.8,16.0,T,0.04761904761904762
Burnout Paradise: The Ultimate Box,PC,2009.0,Racing,Electronic Arts,0.0,0.08,0.0,0.01,0.09,87.0,26.0,7.5,438.0,E10+,0.04761904761904762
Age of Empires II: The Age of Kings,PC,1999.0,Strategy,Microsoft Game Studios,0.01,0.08,0.0,0.01,0.09,92.0,21.0,9.0,813.0,T,0.04761904761904762
Forever Kingdom,PS2,2001.0,Role-Playing,From Software,0.02,0.02,0.04,0.01,0.09,64.0,13.0,7.8,6.0,T,0.04761904761904762
Altered Beast: Guardian of the Realms,GBA,2002.0,Action,THQ,0.07,0.02,0.0,0.0,0.09,63.0,13.0,4.8,4.0,T,0.04761904761904762
Halo 2,PC,2007.0,Shooter,Microsoft Game Studios,0.01,0.06,0.0,0.02,0.09,72.0,32.0,5.5,217.0,M,0.04761904761904762
Medal of Honor: Vanguard,Wii,2007.0,Shooter,Electronic Arts,0.06,0.03,0.0,0.01,0.09,56.0,29.0,7.0,24.0,T,0.04761904761904762
Family Party: 30 Great Games,Wii,2008.0,Misc,D3Publisher,0.08,0.01,0.0,0.01,0.09,42.0,10.0,1.0,7.0,E10+,0.04761904761904762
Raven Squad: Operation Hidden Dagger,X360,2009.0,Shooter,Evolved Games,0.08,0.01,0.0,0.01,0.09,38.0,22.0,3.5,37.0,T,0.04761904761904762
The Legend of Heroes: A Tear of Vermillion,PSP,2005.0,Role-Playing,Namco Bandai Games,0.08,0.0,0.0,0.01,0.09,68.0,24.0,7.7,26.0,T,0.04761904761904762
Shining Tears,PS2,2004.0,Role-Playing,Sega,0.05,0.04,0.0,0.01,0.09,61.0,14.0,6.5,11.0,T,0.04761904761904762
MotoGP,X,2002.0,Racing,THQ,0.07,0.02,0.0,0.0,0.09,84.0,18.0,8.4,16.0,E,0.04761904761904762
Scaler,PS2,2004.0,Platform,Take-Two Interactive,0.05,0.04,0.0,0.01,0.09,70.0,20.0,8.6,18.0,E,0.04761904761904762
Gradius V,PS2,2004.0,Shooter,Konami Digital Entertainment,0.05,0.04,0.0,0.01,0.09,82.0,46.0,8.5,13.0,T,0.04761904761904762
Zero Escape: Zero Time Dilemma,3DS,2016.0,Adventure,Aksys Games,0.06,0.0,0.02,0.01,0.09,81.0,19.0,8.4,73.0,M,0.04761904761904762
Arcania: Gothic 4,X360,2010.0,Role-Playing,JoWood Productions,0.04,0.04,0.01,0.01,0.09,64.0,21.0,5.2,52.0,T,0.04761904761904762
Psychonauts,PS2,2005.0,Platform,Majesco Entertainment,0.05,0.04,0.0,0.01,0.09,86.0,33.0,8.7,61.0,T,0.04761904761904762
Rocket League,PC,2016.0,Sports,505 Games,0.02,0.06,0.0,0.01,0.09,86.0,20.0,8.2,600.0,E,0.04761904761904762
Digimon Rumble Arena 2,PS2,2004.0,Fighting,Atari,0.05,0.04,0.0,0.01,0.09,63.0,9.0,7.3,23.0,T,0.04761904761904762
Wolfenstein: The Old Blood,PC,2015.0,Action,Bethesda Softworks,0.0,0.09,0.0,0.01,0.09,76.0,30.0,7.6,343.0,M,0.04761904761904762
Ribbit King,PS2,2003.0,Sports,Atari,0.05,0.04,0.0,0.01,0.09,58.0,10.0,6.5,4.0,E,0.04761904761904762
Alien Hominid,GC,2004.0,Shooter,O3 Entertainment,0.07,0.02,0.0,0.0,0.09,78.0,28.0,8.5,15.0,T,0.04761904761904762
Rygar: The Battle of Argus,Wii,2008.0,Action,Rising Star Games,0.09,0.0,0.0,0.01,0.09,52.0,29.0,7.0,4.0,T,0.04761904761904762
Ninja Gaiden Black,X,2005.0,Action,Microsoft Game Studios,0.07,0.02,0.0,0.0,0.09,94.0,32.0,8.7,121.0,M,0.04761904761904762
Trivial Pursuit unhinged,X,2004.0,Misc,Atari,0.07,0.02,0.0,0.0,0.09,58.0,10.0,8.0,4.0,T,0.04761904761904762
NCAA March Madness 08,PS3,2007.0,Sports,Electronic Arts,0.08,0.0,0.0,0.01,0.09,67.0,15.0,3.8,4.0,E,0.04761904761904762
InuYasha: Secret of the Divine Jewel,DS,2007.0,Role-Playing,Namco Bandai Games,0.09,0.0,0.0,0.01,0.09,46.0,13.0,7.6,17.0,E10+,0.04761904761904762
Bloody Roar 4,PS2,2003.0,Fighting,Konami Digital Entertainment,0.05,0.04,0.0,0.01,0.09,59.0,25.0,8.6,43.0,M,0.04761904761904762
Atari Classics Evolved,PSP,2007.0,Misc,Atari,0.08,0.0,0.0,0.01,0.09,64.0,17.0,6.0,4.0,E,0.04761904761904762
I-Ninja,GC,2003.0,Platform,Namco Bandai Games,0.07,0.02,0.0,0.0,0.09,77.0,18.0,7.6,9.0,T,0.04761904761904762
Invizimals: The Alliance,PSV,2013.0,Action,Sony Computer Entertainment,0.0,0.07,0.0,0.02,0.09,69.0,16.0,6.8,10.0,E10+,0.04761904761904762
Ultimate Mortal Kombat,DS,2007.0,Fighting,Midway Games,0.07,0.01,0.0,0.01,0.09,73.0,26.0,8.6,22.0,M,0.04761904761904762
Army Corps of Hell,PSV,2011.0,Action,Square Enix,0.04,0.04,0.0,0.02,0.09,57.0,43.0,6.6,28.0,M,0.04761904761904762
Wild ARMs: Alter Code F,PS2,2003.0,Role-Playing,Sony Computer Entertainment,0.05,0.04,0.0,0.01,0.09,73.0,25.0,8.3,27.0,T,0.04761904761904762
Shrek SuperSlam,X,2005.0,Action,Activision,0.07,0.02,0.0,0.0,0.09,71.0,20.0,9.3,4.0,E10+,0.04761904761904762
Total Overdose: A Gunslingers Tale in Mexico,PS2,2005.0,Shooter,Eidos Interactive,0.04,0.04,0.0,0.01,0.09,71.0,36.0,9.0,25.0,M,0.04761904761904762
Metal Slug X,PS,2001.0,Shooter,Virgin Interactive,0.05,0.03,0.0,0.01,0.09,85.0,9.0,8.8,33.0,T,0.04761904761904762
Romance of the Three Kingdoms X,PS2,2005.0,Strategy,Tecmo Koei,0.04,0.03,0.0,0.01,0.09,71.0,13.0,8.5,10.0,T,0.04761904761904762
GripShift,PSP,2005.0,Racing,Ubisoft,0.08,0.0,0.0,0.01,0.09,70.0,37.0,8.7,22.0,E,0.04761904761904762
Fighting Fantasy: The Warlock of Firetop Mountain,DS,2009.0,Role-Playing,Aspyr,0.08,0.0,0.0,0.01,0.09,45.0,10.0,8.1,31.0,T,0.04761904761904762
Beowulf: The Game,PSP,2007.0,Action,Ubisoft,0.08,0.0,0.0,0.01,0.09,44.0,4.0,5.4,7.0,M,0.04761904761904762
Skies of Arcadia,DC,2000.0,Role-Playing,Sega,0.0,0.0,0.09,0.0,0.09,93.0,21.0,9.4,99.0,T,0.04761904761904762
NASCAR: Dirt to Daytona,GC,2002.0,Racing,Infogrames,0.07,0.02,0.0,0.0,0.09,85.0,8.0,7.3,7.0,E,0.04761904761904762
Road Trip,PS2,2002.0,Racing,Play It,0.04,0.03,0.0,0.01,0.09,80.0,4.0,9.0,41.0,E,0.04761904761904762
Digimon All-Star Rumble,PS3,2014.0,Fighting,Namco Bandai Games,0.06,0.02,0.0,0.02,0.09,49.0,12.0,5.8,33.0,E10+,0.04761904761904762
Jimmie Johnsons Anything With an Engine,X360,2011.0,Racing,Konami Digital Entertainment,0.08,0.0,0.0,0.01,0.09,65.0,5.0,8.8,8.0,E10+,0.04761904761904762
echochrome,PSP,2008.0,Puzzle,Sony Computer Entertainment,0.0,0.01,0.08,0.0,0.09,79.0,28.0,7.9,14.0,E,0.04761904761904762
Driver: Renegade,3DS,2011.0,Racing,Ubisoft,0.05,0.04,0.0,0.01,0.09,48.0,13.0,5.0,20.0,M,0.04761904761904762
Project Eden,PS2,2001.0,Action,Eidos Interactive,0.04,0.03,0.0,0.01,0.09,71.0,20.0,7.8,8.0,T,0.04761904761904762
Riviera: The Promised Land,PSP,2006.0,Role-Playing,505 Games,0.07,0.0,0.02,0.01,0.09,68.0,11.0,7.8,18.0,T,0.04761904761904762
The Smurfs 2,WiiU,2013.0,Platform,Ubisoft,0.05,0.04,0.0,0.01,0.09,42.0,5.0,5.4,22.0,E,0.04761904761904762
Yaiba: Ninja Gaiden Z,PS3,2014.0,Action,Tecmo Koei,0.05,0.03,0.0,0.02,0.09,43.0,46.0,4.5,84.0,M,0.04761904761904762
Castlevania: Lords of Shadow 2,X360,2014.0,Action,Konami Digital Entertainment,0.02,0.06,0.0,0.01,0.09,70.0,22.0,7.8,241.0,M,0.04761904761904762
Ghosthunter,PS2,2003.0,Action,Sony Computer Entertainment,0.04,0.03,0.0,0.01,0.09,69.0,44.0,8.7,22.0,T,0.04761904761904762
Def Jam Fight For NY: The Takeover,PSP,2006.0,Action,Electronic Arts,0.08,0.0,0.0,0.01,0.09,79.0,25.0,8.2,16.0,M,0.04761904761904762
Mimana Iyar Chronicle,PSP,2009.0,Role-Playing,GungHo,0.07,0.0,0.01,0.01,0.09,45.0,6.0,5.8,8.0,T,0.04761904761904762
Michael Jackson: The Experience,PSV,2011.0,Misc,Ubisoft,0.04,0.03,0.0,0.02,0.09,57.0,27.0,5.8,19.0,E10+,0.04761904761904762
Tom Clancys EndWar,DS,2008.0,Strategy,Ubisoft,0.08,0.01,0.0,0.01,0.09,69.0,11.0,5.8,4.0,T,0.04761904761904762
JASF: Janes Advanced Strike Fighters,X360,2011.0,Simulation,Deep Silver,0.06,0.02,0.0,0.01,0.09,45.0,5.0,4.5,8.0,T,0.04761904761904762
Astro Boy: Omega Factor,GBA,2003.0,Action,THQ,0.06,0.02,0.0,0.0,0.09,85.0,37.0,8.7,19.0,E,0.04761904761904762
Fullmetal Alchemist: Dual Sympathy,DS,2005.0,Role-Playing,Empire Interactive,0.05,0.0,0.04,0.0,0.09,58.0,15.0,7.3,12.0,T,0.04761904761904762
Locks Quest,DS,2008.0,Strategy,THQ,0.08,0.0,0.0,0.01,0.09,80.0,32.0,8.7,27.0,E,0.04761904761904762
Rugby 2005,PS2,2005.0,Sports,Electronic Arts,0.04,0.03,0.0,0.01,0.09,71.0,15.0,8.6,19.0,E,0.04761904761904762
Spectral Force Genesis,DS,2008.0,Role-Playing,Nobilis,0.08,0.0,0.01,0.01,0.09,46.0,8.0,7.0,5.0,T,0.04761904761904762
Last Rebellion,PS3,2010.0,Role-Playing,Nippon Ichi Software,0.06,0.01,0.01,0.01,0.09,44.0,30.0,4.6,34.0,T,0.04761904761904762
Space Invaders Extreme,PSP,2008.0,Shooter,Square Enix,0.06,0.01,0.01,0.01,0.09,84.0,29.0,6.8,13.0,E,0.04761904761904762
Quantum Theory,X360,2010.0,Shooter,Tecmo Koei,0.06,0.02,0.0,0.01,0.09,37.0,39.0,3.8,33.0,M,0.04761904761904762
Tornado Outbreak,PS3,2009.0,Action,Konami Digital Entertainment,0.08,0.0,0.0,0.01,0.09,69.0,15.0,7.6,8.0,E10+,0.04761904761904762
Justice League Heroes,DS,2006.0,Role-Playing,Eidos Interactive,0.08,0.0,0.0,0.01,0.09,43.0,9.0,5.7,7.0,E10+,0.04761904761904762
Mystic Heroes,GC,2002.0,Action,Tecmo Koei,0.03,0.01,0.04,0.0,0.09,67.0,13.0,8.5,26.0,T,0.04761904761904762
The Golf Clu,PS4,2014.0,Sports,Unknown,0.06,0.02,0.0,0.02,0.09,66.0,11.0,6.3,67.0,E,0.04761904761904762
GRID Autosport,X360,2014.0,Racing,Codemasters,0.03,0.05,0.0,0.01,0.09,75.0,15.0,6.0,56.0,E,0.04761904761904762
Zoids Assault,X360,2007.0,Strategy,Takara Tomy,0.08,0.0,0.0,0.01,0.09,46.0,17.0,7.3,7.0,T,0.04761904761904762
Freestyle Metal X,PS2,2003.0,Racing,Midway Games,0.04,0.03,0.0,0.01,0.09,67.0,25.0,8.3,17.0,T,0.04761904761904762
Shovel Knight,PS4,2015.0,Platform,Yacht Club Games,0.04,0.03,0.0,0.01,0.09,90.0,18.0,7.6,317.0,E,0.04761904761904762
Dark Angel: Vampire Apocalypse,PS2,2001.0,Role-Playing,Metro 3D,0.04,0.03,0.0,0.01,0.09,53.0,9.0,5.6,5.0,T,0.04761904761904762
Damnation,PS3,2009.0,Shooter,Codemasters,0.07,0.01,0.0,0.01,0.09,36.0,36.0,2.8,40.0,M,0.04761904761904762
Super Puzzle Fighter II,GBA,2003.0,Puzzle,Capcom,0.06,0.02,0.0,0.0,0.09,83.0,22.0,9.5,4.0,E,0.04761904761904762
Raiden Fighters Aces,X360,2008.0,Shooter,Valcon Games,0.06,0.02,0.0,0.01,0.09,73.0,11.0,7.5,12.0,E10+,0.04761904761904762
Supreme Commander,X360,2008.0,Strategy,505 Games,0.07,0.01,0.0,0.01,0.09,56.0,24.0,5.7,19.0,E10+,0.04761904761904762
Transworld Snowboarding,X,2002.0,Sports,Atari,0.07,0.02,0.0,0.0,0.09,74.0,14.0,9.2,14.0,T,0.04761904761904762
World Soccer Winning Eleven 8 International,X,2004.0,Sports,Konami Digital Entertainment,0.07,0.02,0.0,0.0,0.09,90.0,25.0,8.4,11.0,E,0.04761904761904762
Sniper Elite,X,2005.0,Shooter,Ubisoft,0.07,0.02,0.0,0.0,0.09,77.0,25.0,8.5,11.0,M,0.04761904761904762
XCOM 2,XOne,2016.0,Strategy,Take-Two Interactive,0.06,0.02,0.0,0.01,0.09,87.0,17.0,8.0,45.0,T,0.04761904761904762
Blazblue: Continuum Shift Extend,PS3,2011.0,Fighting,PQube,0.0,0.0,0.09,0.0,0.09,73.0,6.0,7.5,27.0,T,0.04761904761904762
Mahjong Cub3D,3DS,2011.0,Puzzle,Sunsoft,0.07,0.0,0.02,0.0,0.09,67.0,11.0,5.3,4.0,E,0.04761904761904762
Test Drive: Eve of Destruction,X,2004.0,Racing,Atari,0.07,0.02,0.0,0.0,0.09,72.0,28.0,8.7,7.0,T,0.04761904761904762
Crimson Sea,X,2002.0,Action,Tecmo Koei,0.04,0.01,0.04,0.0,0.09,78.0,19.0,8.2,10.0,T,0.04761904761904762
Red Bull BC One,DS,2008.0,Misc,Playlogic Game Factory,0.08,0.0,0.0,0.01,0.09,48.0,15.0,5.3,8.0,E,0.04761904761904762
The Weakest Link,PS,2001.0,Misc,Activision,0.05,0.03,0.0,0.01,0.09,63.0,7.0,7.2,6.0,E,0.04761904761904762
Viewtiful Joe: Red Hot Rumble,PSP,2006.0,Action,Capcom,0.08,0.0,0.0,0.01,0.09,63.0,24.0,6.3,6.0,T,0.04761904761904762
Ikaruga,GC,2003.0,Shooter,Atari,0.07,0.02,0.0,0.0,0.09,85.0,52.0,8.5,43.0,E,0.04761904761904762
The Suffering: Ties That Bind,X,2005.0,Action,Midway Games,0.07,0.02,0.0,0.0,0.09,76.0,36.0,9.1,8.0,M,0.04761904761904762
Nobunagas Ambition: Iron Triangle,PS2,2006.0,Strategy,Tecmo Koei,0.04,0.03,0.0,0.01,0.09,76.0,8.0,8.1,8.0,E10+,0.04761904761904762
The Mummy: Tomb of the Dragon Emperor,Wii,2008.0,Action,Vivendi Games,0.08,0.0,0.0,0.01,0.09,39.0,7.0,6.4,5.0,T,0.04761904761904762
Knights in the Nightmare,PSP,2010.0,Role-Playing,Atlus,0.06,0.0,0.02,0.01,0.09,75.0,10.0,7.7,7.0,T,0.04761904761904762
Bejeweled 3,PC,2010.0,Puzzle,PopCap Games,0.03,0.05,0.0,0.01,0.09,82.0,27.0,8.1,88.0,E,0.04761904761904762
Digimon World 4,GC,2005.0,Role-Playing,Namco Bandai Games,0.07,0.02,0.0,0.0,0.09,55.0,4.0,8.1,19.0,E,0.04761904761904762
Spectral Force 3,X360,2006.0,Role-Playing,Idea Factory,0.08,0.0,0.0,0.01,0.09,59.0,16.0,7.5,19.0,T,0.04761904761904762
Ty the Tasmanian Tiger 3: Night of the Quinkan,GC,2005.0,Action,Activision,0.07,0.02,0.0,0.0,0.09,68.0,11.0,7.6,10.0,E10+,0.04761904761904762
Risen 3: Titan Lords,PC,2014.0,Role-Playing,Deep Silver,0.0,0.08,0.0,0.0,0.09,65.0,49.0,5.7,825.0,M,0.04761904761904762
The Ant Bully,Wii,2006.0,Platform,Midway Games,0.08,0.0,0.0,0.01,0.09,45.0,12.0,1.4,5.0,E10+,0.04761904761904762
Lost Dimension,PSV,2014.0,Role-Playing,Nippon Ichi Software,0.04,0.01,0.02,0.02,0.09,72.0,28.0,8.3,35.0,T,0.04761904761904762
Battle Fantasia,X360,2008.0,Fighting,505 Games,0.07,0.0,0.01,0.01,0.09,71.0,22.0,6.6,8.0,T,0.04761904761904762
Karaoke Revolution,X,2004.0,Misc,Konami Digital Entertainment,0.06,0.02,0.0,0.0,0.09,80.0,13.0,8.5,4.0,E,0.04761904761904762
Fire Pro Wrestling Returns,PS2,2005.0,Sports,505 Games,0.04,0.03,0.0,0.01,0.09,78.0,12.0,8.5,17.0,T,0.04761904761904762
Obscure: The Aftermath,PSP,2009.0,Action,Playlogic Game Factory,0.05,0.03,0.0,0.01,0.09,66.0,25.0,8.2,20.0,M,0.04761904761904762
Henry Hatsworth in the Puzzling Adventure,DS,2009.0,Puzzle,Electronic Arts,0.08,0.0,0.0,0.01,0.09,82.0,46.0,8.0,38.0,E,0.04761904761904762
Persona 4: Arena Ultimax,X360,2014.0,Fighting,Atlus,0.07,0.01,0.0,0.01,0.09,85.0,15.0,7.4,35.0,T,0.04761904761904762
Jimmy Neutron: Boy Genius,GC,2002.0,Platform,THQ,0.07,0.02,0.0,0.0,0.09,42.0,4.0,5.1,7.0,E,0.04761904761904762
Rollcage Stage II,PS,2000.0,Racing,Sony Computer Entertainment,0.05,0.03,0.0,0.01,0.09,85.0,7.0,8.9,16.0,E,0.04761904761904762
Samurai Warriors 2: Xtreme Legends,PS2,2007.0,Action,Tecmo Koei,0.04,0.03,0.0,0.01,0.09,50.0,11.0,8.0,9.0,T,0.04761904761904762
Spider-Man: Edge of Time,Wii,2011.0,Action,Activision,0.06,0.02,0.0,0.01,0.09,62.0,9.0,5.2,6.0,T,0.04761904761904762
Jumper: Griffins Story,Wii,2008.0,Action,Eidos Interactive,0.08,0.0,0.0,0.01,0.09,28.0,5.0,2.5,11.0,T,0.04761904761904762
Forgotten Realms: Demon Stone,X,2004.0,Action,Atari,0.06,0.02,0.0,0.0,0.09,72.0,17.0,6.5,6.0,T,0.04761904761904762
Rock Band 3,DS,2010.0,Misc,MTV Games,0.07,0.01,0.0,0.01,0.09,79.0,8.0,5.5,6.0,E10+,0.04761904761904762
BIT.TRIP COMPLETE,Wii,2011.0,Misc,Rising Star Games,0.06,0.02,0.0,0.01,0.09,84.0,19.0,8.7,18.0,E,0.04761904761904762
LEGO Star Wars II: The Original Trilogy,GBA,2006.0,Action,LucasArts,0.06,0.02,0.0,0.0,0.09,55.0,5.0,7.0,6.0,E,0.04761904761904762
One Piece: Burning Blood,XOne,2016.0,Fighting,Namco Bandai Games,0.04,0.04,0.0,0.01,0.09,60.0,10.0,5.8,12.0,T,0.04761904761904762
Rugby 15,XOne,2015.0,Sports,Bigben Interactive,0.03,0.05,0.0,0.01,0.09,20.0,4.0,3.1,30.0,E,0.04761904761904762
Tim Burtons The Nightmare Before Christmas: Oogies Revenge,X,2005.0,Adventure,Disney Interactive Studios,0.06,0.02,0.0,0.0,0.09,65.0,19.0,7.3,6.0,E10+,0.04761904761904762
Top Gear Rally,GBA,2003.0,Racing,Kemco,0.06,0.02,0.0,0.0,0.09,78.0,12.0,7.6,5.0,E,0.04761904761904762
Red Faction: Armageddon,PC,2011.0,Shooter,THQ,0.05,0.02,0.0,0.01,0.09,75.0,29.0,6.7,276.0,M,0.04761904761904762
XIII,GC,2003.0,Shooter,Ubisoft,0.07,0.02,0.0,0.0,0.09,73.0,27.0,7.7,21.0,M,0.04761904761904762
Data East Arcade Classics,Wii,2010.0,Misc,Majesco Entertainment,0.08,0.0,0.0,0.01,0.09,56.0,7.0,8.2,5.0,T,0.04761904761904762
Wizardry: Tale of the Forsaken Land,PS2,2001.0,Role-Playing,Ubisoft,0.04,0.03,0.0,0.01,0.09,70.0,14.0,7.5,6.0,T,0.04761904761904762
ShellShock 2: Blood Trails,X360,2009.0,Shooter,Eidos Interactive,0.05,0.03,0.0,0.01,0.09,30.0,21.0,5.9,33.0,M,0.04761904761904762
F.E.A.R. Files,X360,2007.0,Shooter,Vivendi Games,0.07,0.01,0.0,0.01,0.09,66.0,43.0,7.1,16.0,M,0.04761904761904762
Assassins Creed: Rogue,PC,2015.0,Action,Ubisoft,0.05,0.02,0.0,0.01,0.09,74.0,25.0,7.5,374.0,M,0.04761904761904762
Age of Mythology,PC,2002.0,Strategy,Microsoft Game Studios,0.02,0.06,0.0,0.01,0.09,89.0,31.0,8.9,491.0,T,0.04761904761904762
Lara Croft and the Temple of Osiris,PS4,2014.0,Action,Square Enix,0.0,0.07,0.0,0.01,0.09,74.0,40.0,6.7,130.0,T,0.04761904761904762
Killer7,PS2,2005.0,Action,Capcom,0.04,0.03,0.0,0.01,0.09,70.0,39.0,8.1,36.0,M,0.04761904761904762
The Sims 2: Apartment Life,PC,2008.0,Simulation,Electronic Arts,0.0,0.07,0.0,0.01,0.09,75.0,10.0,7.7,19.0,T,0.04761904761904762
Astro Boy,PS2,2004.0,Action,Sega,0.04,0.03,0.0,0.01,0.09,54.0,29.0,6.9,7.0,E,0.04761904761904762
Puss in Boots,PS3,2011.0,Action,THQ,0.07,0.01,0.0,0.01,0.09,70.0,4.0,7.0,4.0,E10+,0.04761904761904762
Cloudy With a Chance of Meatballs,X360,2009.0,Platform,Ubisoft,0.07,0.0,0.0,0.01,0.09,62.0,12.0,6.5,11.0,E,0.04761904761904762
Monster House,GBA,2006.0,Adventure,THQ,0.06,0.02,0.0,0.0,0.09,69.0,10.0,9.0,4.0,E,0.04761904761904762
MetropolisMania,PS2,2001.0,Strategy,Natsume,0.04,0.03,0.0,0.01,0.09,63.0,5.0,7.1,16.0,T,0.04761904761904762
NCAA Football 08,X,2007.0,Sports,Electronic Arts,0.06,0.02,0.0,0.0,0.08,82.0,4.0,8.1,8.0,E,0.04166666666666667
Ephemeral Fantasia,PS2,2000.0,Role-Playing,Konami Digital Entertainment,0.04,0.03,0.0,0.01,0.08,48.0,16.0,6.3,39.0,T,0.04166666666666667
Grand Kingdom,PS4,2015.0,Role-Playing,Nippon Ichi Software,0.04,0.0,0.04,0.01,0.08,78.0,33.0,8.1,63.0,T,0.04166666666666667
1 vs. 100,DS,2008.0,Misc,DSI Games,0.08,0.0,0.0,0.01,0.08,38.0,5.0,3.2,5.0,E,0.04166666666666667
God Eater Resurrection,PS4,2015.0,Action,Namco Bandai Games,0.0,0.0,0.08,0.0,0.08,70.0,18.0,7.4,48.0,T,0.04166666666666667
Fairy Fencer F: Advent Dark Force,PS4,2015.0,Role-Playing,Idea Factory International,0.03,0.0,0.05,0.01,0.08,71.0,21.0,6.3,35.0,T,0.04166666666666667
Counter-Strike: Source,PC,2004.0,Shooter,Vivendi Games,0.0,0.07,0.0,0.02,0.08,88.0,9.0,8.9,9857.0,M,0.04166666666666667
Gray Matter,PC,2011.0,Adventure,DTP Entertainment,0.02,0.05,0.0,0.01,0.08,72.0,27.0,7.7,80.0,T,0.04166666666666667
Star Wars: Empire at War,PC,2006.0,Strategy,LucasArts,0.01,0.06,0.0,0.01,0.08,79.0,45.0,8.4,241.0,T,0.04166666666666667
Americas Army: True Soldiers,X360,2007.0,Shooter,Ubisoft,0.08,0.0,0.0,0.01,0.08,43.0,11.0,6.7,55.0,T,0.04166666666666667
Song of the Deep,XOne,2016.0,Action,Insomniac Games,0.08,0.0,0.0,0.01,0.08,66.0,12.0,7.0,21.0,E,0.04166666666666667
NASCAR The Game: Inside Line,PS3,2012.0,Racing,Activision,0.07,0.0,0.0,0.01,0.08,76.0,4.0,4.5,15.0,E,0.04166666666666667
Sega GT Online,X,2003.0,Racing,Sega,0.06,0.02,0.0,0.0,0.08,72.0,32.0,9.2,5.0,T,0.04166666666666667
Knights in the Nightmare,DS,2008.0,Role-Playing,Sting,0.06,0.0,0.02,0.0,0.08,76.0,25.0,8.6,23.0,T,0.04166666666666667
Marvel Nemesis: Rise of the Imperfects,DS,2005.0,Fighting,Electronic Arts,0.08,0.0,0.0,0.01,0.08,34.0,6.0,6.5,16.0,E10+,0.04166666666666667
Captain America: Super Soldier,3DS,2011.0,Action,Sega,0.05,0.03,0.0,0.01,0.08,51.0,9.0,5.0,6.0,T,0.04166666666666667
Agatha Christie: Evil Under the Sun,Wii,2008.0,Adventure,The Adventure Company,0.06,0.01,0.0,0.01,0.08,46.0,6.0,7.3,6.0,T,0.04166666666666667
Nano Assault,3DS,2011.0,Shooter,Majesco Entertainment,0.08,0.0,0.0,0.01,0.08,75.0,8.0,7.7,18.0,E10+,0.04166666666666667
Onimusha Tactics,GBA,2003.0,Strategy,Capcom,0.06,0.02,0.0,0.0,0.08,64.0,21.0,8.7,7.0,T,0.04166666666666667
Bomberman Jetters,GC,2002.0,Puzzle,Hudson Soft,0.06,0.02,0.0,0.0,0.08,70.0,21.0,7.9,10.0,E,0.04166666666666667
How to Train Your Dragon 2,WiiU,2014.0,Adventure,Little Orbit,0.03,0.05,0.0,0.01,0.08,47.0,4.0,4.9,7.0,E10+,0.04166666666666667
TOCA Race Driver 3,PS2,2006.0,Racing,Codemasters,0.04,0.03,0.0,0.01,0.08,82.0,26.0,7.2,15.0,E10+,0.04166666666666667
Mad Dog McCree: Gunslinger Pack,Wii,2009.0,Shooter,Majesco Entertainment,0.07,0.0,0.0,0.01,0.08,31.0,6.0,5.0,11.0,T,0.04166666666666667
Blacksite: Area 51,PS3,2007.0,Shooter,Midway Games,0.07,0.01,0.0,0.01,0.08,56.0,23.0,6.3,19.0,T,0.04166666666666667
Disney's Donald Duck: Goin Quackers,PS2,2000.0,Platform,Ubisoft,0.04,0.03,0.0,0.01,0.08,73.0,10.0,7.3,7.0,E,0.04166666666666667
Ultimate Brain Games,GBA,2003.0,Misc,Telegames,0.06,0.02,0.0,0.0,0.08,80.0,9.0,8.3,7.0,E,0.04166666666666667
Exit,PSP,2005.0,Puzzle,Ubisoft,0.07,0.0,0.0,0.01,0.08,77.0,36.0,7.7,13.0,E,0.04166666666666667
Harvey Birdman: Attorney at Law,Wii,2008.0,Adventure,Capcom,0.08,0.0,0.0,0.01,0.08,60.0,28.0,7.8,5.0,T,0.04166666666666667
Aliens versus Predator: Extinction,X,2003.0,Strategy,Electronic Arts,0.06,0.02,0.0,0.0,0.08,64.0,19.0,7.7,21.0,T,0.04166666666666667
RTX Red Rock,PS2,2003.0,Shooter,LucasArts,0.04,0.03,0.0,0.01,0.08,49.0,23.0,5.0,4.0,T,0.04166666666666667
FIFA Street 2,X,2006.0,Sports,Electronic Arts,0.06,0.02,0.0,0.0,0.08,63.0,30.0,7.1,9.0,E,0.04166666666666667
Smart Bom,PSP,2005.0,Puzzle,Eidos Interactive,0.07,0.0,0.0,0.01,0.08,45.0,19.0,5.4,5.0,E10+,0.04166666666666667
Dark Souls III,PC,2016.0,Role-Playing,Namco Bandai Games,0.0,0.08,0.0,0.0,0.08,89.0,56.0,8.6,1874.0,M,0.04166666666666667
Shining Force: Resurrection of the Dark Dragon,GBA,2004.0,Role-Playing,THQ,0.06,0.02,0.0,0.0,0.08,77.0,20.0,8.8,15.0,T,0.04166666666666667
Shining Soul II,GBA,2003.0,Role-Playing,THQ,0.06,0.02,0.0,0.0,0.08,74.0,18.0,8.3,9.0,E,0.04166666666666667
Hello Kitty: Roller Rescue,GC,2005.0,Action,Empire Interactive,0.06,0.02,0.0,0.0,0.08,64.0,14.0,6.8,6.0,E,0.04166666666666667
Metal Slug Advance,GBA,2004.0,Shooter,Ignition Entertainment,0.06,0.02,0.0,0.0,0.08,79.0,32.0,8.3,14.0,T,0.04166666666666667
Pac-Man World Rally,GC,2006.0,Racing,Namco Bandai Games,0.06,0.02,0.0,0.0,0.08,57.0,10.0,7.8,4.0,E,0.04166666666666667
Blazing Angels: Squadrons of WWII,X,2006.0,Simulation,Ubisoft,0.06,0.02,0.0,0.0,0.08,69.0,19.0,6.8,4.0,T,0.04166666666666667
NHL 2K7,X360,2006.0,Sports,Take-Two Interactive,0.07,0.0,0.0,0.01,0.08,78.0,51.0,7.9,166.0,E10+,0.04166666666666667
Don King Boxing,DS,2009.0,Sports,Take-Two Interactive,0.06,0.01,0.0,0.01,0.08,71.0,4.0,7.8,5.0,T,0.04166666666666667
Miami Nights: Singles in the City,DS,2008.0,Simulation,Ubisoft,0.08,0.0,0.0,0.01,0.08,48.0,6.0,7.1,7.0,T,0.04166666666666667
Strider 2,PS,2000.0,Platform,Virgin Interactive,0.05,0.03,0.0,0.01,0.08,69.0,15.0,8.1,11.0,E,0.04166666666666667
Pro Evolution Soccer 2013,PC,2012.0,Sports,Konami Digital Entertainment,0.0,0.07,0.0,0.01,0.08,80.0,8.0,6.9,184.0,E,0.04166666666666667
Death Jr. and the Science Fair of Doom,DS,2007.0,Platform,Konami Digital Entertainment,0.08,0.0,0.0,0.01,0.08,47.0,23.0,7.5,6.0,E10+,0.04166666666666667
NASCAR Heat Evolution,PS4,2016.0,Racing,Dusenberry Martin Racing,0.07,0.0,0.0,0.02,0.08,66.0,8.0,4.1,19.0,E,0.04166666666666667
Shin Megami Tensei: Digital Devil Saga 2,PS2,2005.0,Role-Playing,Ghostlight,0.04,0.03,0.0,0.01,0.08,82.0,38.0,7.9,38.0,M,0.04166666666666667
Adventure Time: The Secret of the Nameless Kingdom,3DS,2014.0,Action,Little Orbit,0.0,0.07,0.0,0.0,0.08,65.0,5.0,5.6,8.0,E10+,0.04166666666666667
Risen 3: Titan Lords,PS3,2014.0,Role-Playing,Deep Silver,0.02,0.05,0.0,0.01,0.08,36.0,8.0,3.8,78.0,M,0.04166666666666667
Grand Prix Challenge,PS2,2002.0,Racing,Atari,0.04,0.03,0.0,0.01,0.08,76.0,9.0,9.1,10.0,E,0.04166666666666667
Knights Contract,PS3,2011.0,Action,Namco Bandai Games,0.04,0.03,0.0,0.01,0.08,51.0,37.0,6.0,8.0,M,0.04166666666666667
FIFA Soccer 2005,GBA,2004.0,Sports,Electronic Arts,0.06,0.02,0.0,0.0,0.08,75.0,4.0,7.8,5.0,E,0.04166666666666667
ShellShock 2: Blood Trails,PS3,2009.0,Shooter,Eidos Interactive,0.04,0.03,0.0,0.01,0.08,35.0,18.0,4.8,27.0,M,0.04166666666666667
NHL 06,GC,2005.0,Sports,Electronic Arts,0.06,0.02,0.0,0.0,0.08,78.0,18.0,9.3,7.0,E10+,0.04166666666666667
State of Emergency 2,PS2,2006.0,Shooter,SouthPeak Games,0.04,0.03,0.0,0.01,0.08,44.0,36.0,5.8,15.0,M,0.04166666666666667
Fatal Frame III: The Tormented,PS2,2005.0,Action,Take-Two Interactive,0.04,0.03,0.0,0.01,0.08,78.0,46.0,8.9,59.0,M,0.04166666666666667
Seven Samurai 20XX,PS2,2004.0,Action,Sega,0.04,0.03,0.0,0.01,0.08,52.0,31.0,7.0,6.0,T,0.04166666666666667
Battlefield 2,PC,2005.0,Shooter,Electronic Arts,0.0,0.07,0.0,0.01,0.08,91.0,55.0,8.4,842.0,T,0.04166666666666667
Tornado Outbreak,X360,2009.0,Action,Konami Digital Entertainment,0.07,0.0,0.0,0.01,0.08,62.0,12.0,8.0,6.0,E10+,0.04166666666666667
Ninjabread Man,Wii,2007.0,Action,Popcorn Arcade,0.07,0.0,0.0,0.01,0.08,20.0,6.0,1.7,52.0,E,0.04166666666666667
Tom Clancys Splinter Cell: Pandora Tomorrow,GC,2004.0,Action,Ubisoft,0.06,0.02,0.0,0.0,0.08,78.0,25.0,8.0,11.0,T,0.04166666666666667
Swingerz Golf,GC,2002.0,Sports,Eidos Interactive,0.06,0.02,0.0,0.0,0.08,72.0,11.0,9.3,4.0,E,0.04166666666666667
Supremacy MMA,X360,2011.0,Fighting,505 Games,0.05,0.02,0.0,0.01,0.08,49.0,17.0,6.2,11.0,M,0.04166666666666667
Puchi Puchi Virus,DS,2007.0,Puzzle,Jaleco,0.07,0.0,0.0,0.01,0.08,73.0,17.0,4.2,5.0,E,0.04166666666666667
Warriors Orochi 3 Hyper,WiiU,2012.0,Action,Tecmo Koei,0.04,0.02,0.02,0.01,0.08,64.0,18.0,7.4,31.0,T,0.04166666666666667
The King of Fighters 2006,PS2,2006.0,Fighting,Ignition Entertainment,0.01,0.01,0.05,0.0,0.08,66.0,23.0,8.6,17.0,T,0.04166666666666667
Nobunagas Ambition: Rise to Power,PS2,2004.0,Strategy,Tecmo Koei,0.0,0.0,0.08,0.0,0.08,70.0,7.0,8.8,6.0,T,0.04166666666666667
FIFA Soccer 2003,GC,2002.0,Sports,Electronic Arts,0.06,0.02,0.0,0.0,0.08,86.0,12.0,7.8,10.0,E,0.04166666666666667
Zero Escape: Zero Time Dilemma,PSV,2016.0,Adventure,Aksys Games,0.04,0.0,0.03,0.01,0.08,83.0,31.0,8.3,119.0,M,0.04166666666666667
Major League Baseball 2K11,PC,2011.0,Sports,Take-Two Interactive,0.06,0.01,0.0,0.01,0.08,74.0,5.0,5.9,16.0,E,0.04166666666666667
SafeCracker: The Ultimate Puzzle Adventure,Wii,2008.0,Puzzle,The Adventure Company,0.07,0.01,0.0,0.01,0.08,56.0,7.0,7.8,4.0,E,0.04166666666666667
The Italian Jo,X,2003.0,Racing,Eidos Interactive,0.06,0.02,0.0,0.0,0.08,54.0,22.0,5.8,5.0,T,0.04166666666666667
Metal Gear Solid V: The Phantom Pain,PC,2015.0,Action,Konami Digital Entertainment,0.0,0.08,0.0,0.0,0.08,91.0,13.0,7.7,1988.0,M,0.04166666666666667
Grand Ages: Medieval,PS4,2015.0,Strategy,Kalypso Media,0.0,0.05,0.02,0.01,0.08,64.0,10.0,7.1,12.0,T,0.04166666666666667
Smugglers Run: Warzones,GC,2002.0,Misc,Take-Two Interactive,0.06,0.02,0.0,0.0,0.08,79.0,23.0,6.9,11.0,T,0.04166666666666667
NBA 10: The Inside,PSP,2009.0,Sports,Sony Computer Entertainment,0.07,0.0,0.0,0.01,0.08,69.0,13.0,3.0,13.0,E,0.04166666666666667
PAC-MAN and the Ghostly Adventures,PS3,2013.0,Platform,Namco Bandai Games,0.03,0.03,0.0,0.01,0.08,51.0,6.0,3.1,7.0,E10+,0.04166666666666667
Space Channel 5 Special Edition,PS2,2003.0,Misc,Agetec,0.04,0.03,0.0,0.01,0.08,79.0,16.0,8.6,10.0,T,0.04166666666666667
The Legend of Alon Dar,PS2,2001.0,Role-Playing,Ubisoft,0.04,0.03,0.0,0.01,0.08,43.0,14.0,6.7,10.0,T,0.04166666666666667
Big Mutha Truckers,GC,2003.0,Racing,Empire Interactive,0.06,0.02,0.0,0.0,0.08,63.0,5.0,8.2,6.0,T,0.04166666666666667
Super Robot Taisen OG Saga: Endless Frontier,DS,2008.0,Role-Playing,Namco Bandai Games,0.07,0.0,0.0,0.01,0.08,73.0,22.0,9.0,23.0,T,0.04166666666666667
Sniper: Ghost Warrior 2,PC,2013.0,Shooter,City Interactive,0.02,0.05,0.0,0.01,0.08,52.0,24.0,5.7,325.0,M,0.04166666666666667
Samurai Shodown Sen,X360,2009.0,Fighting,Rising Star Games,0.07,0.01,0.0,0.01,0.08,46.0,33.0,5.2,12.0,M,0.04166666666666667
Escape Dead Island,PS3,2014.0,Action,Deep Silver,0.04,0.03,0.0,0.01,0.08,40.0,25.0,3.5,51.0,M,0.04166666666666667
Samurai Western,PS2,2004.0,Action,505 Games,0.04,0.03,0.0,0.01,0.08,58.0,34.0,7.6,5.0,M,0.04166666666666667
Looney Tunes: Acme Arsenal,X360,2007.0,Action,Warner Bros. Interactive Entertainment,0.06,0.01,0.0,0.01,0.08,40.0,15.0,6.8,13.0,E10+,0.04166666666666667
Line Rider 2: Unbound,DS,2008.0,Puzzle,Deep Silver,0.07,0.0,0.0,0.01,0.08,59.0,23.0,5.6,5.0,E,0.04166666666666667
Harry Potter and the Sorcerers Stone,GC,2003.0,Action,Electronic Arts,0.06,0.02,0.0,0.0,0.08,62.0,11.0,8.3,6.0,E,0.04166666666666667
High Heat Major League Baseball 2004,X,2003.0,Sports,3DO,0.06,0.02,0.0,0.0,0.08,83.0,14.0,8.4,8.0,E,0.04166666666666667
TimeSplitters: Future Perfect,GC,2005.0,Shooter,Electronic Arts,0.06,0.02,0.0,0.0,0.08,82.0,32.0,9.1,41.0,M,0.04166666666666667
"Warhammer 40,000: Dawn of War II - Retribution",PC,2011.0,Strategy,THQ,0.0,0.06,0.0,0.02,0.08,80.0,52.0,7.8,237.0,M,0.04166666666666667
Incredible Crisis,PS,1999.0,Action,Titus,0.04,0.03,0.0,0.01,0.08,80.0,11.0,7.5,11.0,T,0.04166666666666667
The King of Fighters EX2: Howling Blood,GBA,2002.0,Fighting,Marvelous Interactive,0.06,0.02,0.0,0.0,0.08,80.0,10.0,9.1,10.0,T,0.04166666666666667
Ice Age 2: The Meltdown,Wii,2006.0,Platform,Vivendi Games,0.06,0.01,0.0,0.01,0.08,66.0,9.0,7.8,5.0,E10+,0.04166666666666667
Knights Contract,X360,2011.0,Action,Namco Bandai Games,0.05,0.03,0.0,0.01,0.08,49.0,41.0,5.6,16.0,M,0.04166666666666667
Hidden Invasion,PS2,2001.0,Shooter,Swing! Entertainment,0.04,0.03,0.0,0.01,0.08,39.0,4.0,5.8,4.0,T,0.04166666666666667
PAC-MAN and the Ghostly Adventures,X360,2013.0,Platform,Namco Bandai Games,0.04,0.03,0.0,0.01,0.08,49.0,7.0,5.1,13.0,E10+,0.04166666666666667
Superman: Shadow of Apokolips,GC,2003.0,Action,Atari,0.06,0.02,0.0,0.0,0.08,66.0,7.0,7.3,8.0,E,0.04166666666666667
Armored Core 3 Portable,PSP,2009.0,Simulation,From Software,0.0,0.0,0.08,0.0,0.08,43.0,6.0,6.7,6.0,T,0.04166666666666667
Batman: Dark Tomorrow,GC,2003.0,Action,Kemco,0.06,0.02,0.0,0.0,0.08,29.0,14.0,3.2,19.0,T,0.04166666666666667
Crush,PSP,2007.0,Puzzle,Sega,0.07,0.0,0.0,0.01,0.08,83.0,41.0,9.0,21.0,E10+,0.04166666666666667
Lost Dimension,PS3,2014.0,Role-Playing,Nippon Ichi Software,0.05,0.01,0.0,0.01,0.08,71.0,18.0,7.3,28.0,T,0.04166666666666667
The First Templar,PC,2011.0,Action,Kalypso Media,0.06,0.01,0.0,0.01,0.08,57.0,19.0,5.8,60.0,T,0.04166666666666667
Emergency 2012,PC,2010.0,Simulation,Deep Silver,0.02,0.05,0.0,0.01,0.08,61.0,9.0,6.2,12.0,T,0.04166666666666667
Earth Defense Force 2017,X360,2006.0,Action,D3Publisher,0.04,0.0,0.03,0.0,0.08,69.0,55.0,7.5,61.0,T,0.04166666666666667
7 Days to Die,XOne,2016.0,Action,Telltale Games,0.05,0.02,0.0,0.01,0.08,35.0,17.0,5.3,77.0,M,0.04166666666666667
Tomb Raider: Legend,GC,2006.0,Action,Eidos Interactive,0.06,0.02,0.0,0.0,0.08,78.0,6.0,7.8,8.0,T,0.04166666666666667
From Russia With Love,PSP,2006.0,Action,Electronic Arts,0.07,0.0,0.0,0.01,0.08,61.0,33.0,6.9,12.0,T,0.04166666666666667
RoadKill,X,2003.0,Action,Midway Games,0.06,0.02,0.0,0.0,0.08,68.0,23.0,7.4,5.0,M,0.04166666666666667
Game of Thrones,PC,2012.0,Role-Playing,Focus Home Interactive,0.0,0.07,0.0,0.01,0.08,58.0,23.0,6.5,345.0,M,0.04166666666666667
Tomb Raider: Underworld,PC,2008.0,Action,Eidos Interactive,0.0,0.06,0.0,0.01,0.08,80.0,20.0,7.7,274.0,T,0.04166666666666667
Taz Wanted,GC,2002.0,Platform,Atari,0.06,0.02,0.0,0.0,0.08,61.0,5.0,7.0,5.0,E,0.04166666666666667
Samurai Warriors Chronicles 3,3DS,2014.0,Action,Tecmo Koei,0.0,0.0,0.08,0.0,0.08,63.0,13.0,6.1,10.0,T,0.04166666666666667
F.E.A.R. 2: Project Origin,PC,2009.0,Shooter,Warner Bros. Interactive Entertainment,0.02,0.05,0.0,0.01,0.08,79.0,49.0,7.8,525.0,M,0.04166666666666667
Far Cry Vengeance,Wii,2006.0,Shooter,Ubisoft,0.06,0.01,0.0,0.01,0.08,38.0,23.0,5.3,53.0,M,0.04166666666666667
Evolution Worlds,GC,2002.0,Role-Playing,Ubisoft,0.06,0.02,0.0,0.0,0.08,63.0,20.0,8.0,10.0,E,0.04166666666666667
Worms: A Space Oddity,Wii,2008.0,Strategy,THQ,0.06,0.02,0.0,0.01,0.08,64.0,26.0,4.3,13.0,E10+,0.04166666666666667
Code Lyoko: Fall of X.A.N.A.,DS,2008.0,Adventure,Game Factory,0.07,0.0,0.0,0.01,0.08,51.0,11.0,6.3,4.0,E,0.04166666666666667
X Rebirth,PC,2013.0,Simulation,Koch Media,0.0,0.08,0.0,0.0,0.08,33.0,24.0,3.3,1341.0,T,0.04166666666666667
MLB Front Office Manager,PS3,2009.0,Sports,Take-Two Interactive,0.07,0.0,0.0,0.01,0.08,49.0,8.0,6.5,8.0,E,0.04166666666666667
World Series of Poker 2008: Battle for the Bracelets,X360,2007.0,Misc,Activision,0.06,0.01,0.0,0.01,0.08,74.0,10.0,6.7,6.0,T,0.04166666666666667
Super Monkey Ball Adventure,PSP,2006.0,Platform,Sega,0.05,0.02,0.0,0.01,0.08,56.0,23.0,5.9,7.0,E,0.04166666666666667
Hearts of Iron III,PC,2009.0,Strategy,Paradox Interactive,0.02,0.04,0.0,0.01,0.08,77.0,23.0,7.1,234.0,E10+,0.04166666666666667
Worms: Open Warfare,DS,2006.0,Strategy,THQ,0.05,0.02,0.0,0.01,0.08,64.0,24.0,7.0,16.0,E10+,0.04166666666666667
R-Type Command,PSP,2007.0,Strategy,Rising Star Games,0.06,0.0,0.01,0.01,0.08,69.0,29.0,6.5,6.0,E10+,0.04166666666666667
Hammerin Hero,PSP,2008.0,Action,Irem Software Engineering,0.07,0.0,0.0,0.01,0.08,73.0,19.0,7.3,8.0,E10+,0.04166666666666667
TrackMania DS,DS,2008.0,Racing,Focus Home Interactive,0.06,0.01,0.0,0.01,0.08,75.0,38.0,6.9,13.0,E,0.04166666666666667
Gadget Racers,PS2,2000.0,Racing,Midas Interactive Entertainment,0.04,0.03,0.0,0.01,0.08,67.0,10.0,7.4,7.0,E,0.04166666666666667
Phantasy Star Online Episode III: C.A.R.D. Revolution,GC,2003.0,Role-Playing,Sega,0.06,0.02,0.0,0.0,0.08,71.0,24.0,8.2,13.0,T,0.04166666666666667
Ultimate Ghosts n Goblins,PSP,2006.0,Platform,Capcom,0.07,0.0,0.0,0.01,0.08,72.0,49.0,7.7,18.0,E10+,0.04166666666666667
Samurai Warriors 2,X360,2006.0,Action,Tecmo Koei,0.07,0.01,0.0,0.01,0.08,52.0,30.0,8.7,18.0,T,0.04166666666666667
Silent Hunter III,PC,2005.0,Simulation,Ubisoft,0.0,0.07,0.0,0.01,0.08,90.0,23.0,8.0,96.0,T,0.04166666666666667
Alien Syndrome,PSP,2007.0,Role-Playing,Sega,0.07,0.0,0.0,0.01,0.08,51.0,20.0,6.0,9.0,T,0.04166666666666667
Endgame,PS2,2002.0,Shooter,Empire Interactive,0.04,0.03,0.0,0.01,0.08,57.0,12.0,6.8,5.0,T,0.04166666666666667
The Dukes of Hazzard: Return of the General Lee,X,2004.0,Racing,Ubisoft,0.06,0.02,0.0,0.0,0.08,49.0,18.0,7.0,4.0,E,0.04166666666666667
WWE Crush Hour,GC,2003.0,Racing,THQ,0.06,0.02,0.0,0.0,0.08,55.0,14.0,7.0,5.0,T,0.04166666666666667
C.O.P.: The Recruit,DS,2009.0,Action,Ubisoft,0.05,0.02,0.0,0.01,0.08,55.0,38.0,7.5,13.0,T,0.04166666666666667
NHL Hitz 20-03,GC,2002.0,Sports,Midway Games,0.06,0.02,0.0,0.0,0.08,82.0,12.0,8.4,5.0,E,0.04166666666666667
Soul Bubbles,DS,2008.0,Puzzle,Eidos Interactive,0.05,0.02,0.0,0.01,0.08,78.0,33.0,8.0,22.0,E,0.04166666666666667
Urban Reign,PS2,2005.0,Action,Namco Bandai Games,0.04,0.03,0.0,0.01,0.08,60.0,44.0,8.3,27.0,T,0.04166666666666667
Resident Evil 3: Nemesis,GC,2003.0,Action,Capcom,0.06,0.02,0.0,0.0,0.08,62.0,14.0,8.3,44.0,M,0.04166666666666667
All-Star Baseball 2004,GC,2003.0,Sports,Acclaim Entertainment,0.06,0.02,0.0,0.0,0.08,80.0,14.0,9.2,5.0,E,0.04166666666666667
Bangai-O Spirits,DS,2008.0,Shooter,D3Publisher,0.07,0.0,0.0,0.01,0.08,83.0,38.0,8.1,27.0,E10+,0.04166666666666667
Lost in Blue: Shipwrecked,Wii,2008.0,Adventure,Konami Digital Entertainment,0.07,0.0,0.0,0.01,0.08,54.0,11.0,6.0,6.0,E10+,0.04166666666666667
Madden NFL 08,GC,2007.0,Sports,Electronic Arts,0.06,0.02,0.0,0.0,0.08,75.0,4.0,7.0,7.0,E,0.04166666666666667
Earth Defense Force 2: Invaders from Planet Space,PSV,2014.0,Action,Xseed Games,0.02,0.0,0.04,0.01,0.08,72.0,20.0,8.5,22.0,T,0.04166666666666667
Stuart Little 3: Big Photo Adventure,PS2,2005.0,Platform,Sony Computer Entertainment,0.04,0.03,0.0,0.01,0.08,71.0,5.0,7.7,7.0,E,0.04166666666666667
Infernal: Hells Vengeance,X360,2009.0,Shooter,Playlogic Game Factory,0.06,0.01,0.0,0.01,0.08,35.0,23.0,5.3,10.0,M,0.04166666666666667
Pitfall: The Lost Expedition,GC,2004.0,Platform,Activision,0.06,0.02,0.0,0.0,0.08,73.0,25.0,8.6,8.0,E,0.04166666666666667
Duke Nukem: Land of the Babes,PS,2000.0,Shooter,Atari,0.04,0.03,0.0,0.0,0.08,37.0,7.0,6.8,20.0,M,0.04166666666666667
Need For Speed: Undercover,PC,2008.0,Racing,Electronic Arts,0.0,0.07,0.0,0.01,0.08,65.0,18.0,5.0,232.0,T,0.04166666666666667
Need for Speed: Most Wanted,PC,2012.0,Racing,Electronic Arts,0.0,0.06,0.0,0.02,0.08,82.0,19.0,8.5,531.0,T,0.04166666666666667
Stella Deus: The Gate of Eternity,PS2,2004.0,Strategy,505 Games,0.04,0.03,0.0,0.01,0.08,75.0,31.0,8.0,9.0,T,0.04166666666666667
Vietcong: Purple Haze,X,2004.0,Shooter,Gathering of Developers,0.06,0.02,0.0,0.0,0.08,57.0,32.0,8.4,11.0,M,0.04166666666666667
Conflict: Desert Storm,GC,2003.0,Shooter,SCi,0.06,0.02,0.0,0.0,0.08,62.0,19.0,8.4,13.0,T,0.04166666666666667
P.T.O. IV: Pacific Theater of Operations,PS2,2002.0,Strategy,Tecmo Koei,0.04,0.03,0.0,0.01,0.08,71.0,12.0,6.6,5.0,E,0.04166666666666667
Rayman Origins,PC,2012.0,Platform,Ubisoft,0.0,0.06,0.0,0.01,0.08,86.0,11.0,8.4,342.0,E10+,0.04166666666666667
Elebits: The Adventures of Kai and Zero,DS,2008.0,Adventure,Konami Digital Entertainment,0.07,0.0,0.0,0.01,0.08,75.0,15.0,8.3,4.0,E,0.04166666666666667
Far Cry Instincts Evolution,X,2006.0,Shooter,Ubisoft,0.06,0.02,0.0,0.0,0.08,78.0,15.0,6.3,32.0,M,0.04166666666666667
Medal of Honor: Underground,GBA,2002.0,Shooter,Zoo Digital Publishing,0.05,0.02,0.0,0.0,0.08,46.0,5.0,1.7,11.0,T,0.04166666666666667
Cosmic Family,Wii,2007.0,Misc,Ubisoft,0.07,0.0,0.0,0.01,0.08,54.0,6.0,5.7,6.0,E,0.04166666666666667
Dynasty Warriors 3,X,2002.0,Action,THQ,0.06,0.02,0.0,0.0,0.08,70.0,11.0,8.9,20.0,T,0.04166666666666667
Jimmie Johnsons Anything With an Engine,PS3,2011.0,Racing,Konami Digital Entertainment,0.07,0.0,0.0,0.01,0.08,67.0,5.0,6.8,4.0,E10+,0.04166666666666667
MTV Music Generator 3: This Is the Remix,X,2004.0,Misc,Codemasters,0.06,0.02,0.0,0.0,0.08,79.0,26.0,5.4,10.0,T,0.04166666666666667
Mirrors Edge Catalyst,PC,2016.0,Platform,Electronic Arts,0.01,0.06,0.0,0.0,0.07,74.0,24.0,4.4,623.0,T,0.03571428571428572
In The Groove,PS2,2005.0,Misc,RedOctane,0.04,0.03,0.0,0.01,0.07,72.0,14.0,9.0,13.0,E,0.03571428571428572
The Legend of Kage 2,DS,2008.0,Action,Square Enix,0.07,0.0,0.0,0.0,0.07,70.0,21.0,6.3,4.0,E10+,0.03571428571428572
Baroque,Wii,2008.0,Role-Playing,Rising Star Games,0.07,0.0,0.0,0.01,0.07,50.0,22.0,8.1,24.0,T,0.03571428571428572
Tokyo Twilight Ghost Hunters,PSV,2014.0,Role-Playing,Aksys Games,0.03,0.01,0.02,0.01,0.07,63.0,12.0,7.0,16.0,T,0.03571428571428572
Magic Pengel: The Quest for Color,PS2,2002.0,Role-Playing,Taito,0.04,0.03,0.0,0.01,0.07,74.0,24.0,7.5,12.0,E,0.03571428571428572
Agatha Christie: And Then There Were None,Wii,2008.0,Adventure,The Adventure Company,0.06,0.01,0.0,0.01,0.07,50.0,23.0,6.2,12.0,T,0.03571428571428572
Futurama,PS2,2003.0,Platform,SCi,0.04,0.03,0.0,0.01,0.07,59.0,22.0,6.6,14.0,T,0.03571428571428572
Warhammer: Battle For Atluma,PSP,2006.0,Action,Namco Bandai Games,0.06,0.0,0.0,0.01,0.07,55.0,8.0,7.4,8.0,T,0.03571428571428572
The History Channel: Battle for the Pacific,PS3,2008.0,Shooter,Activision,0.07,0.0,0.0,0.01,0.07,36.0,7.0,1.9,14.0,T,0.03571428571428572
Rayman 3: Hoodlum Havoc,X,2003.0,Platform,Ubisoft,0.06,0.02,0.0,0.0,0.07,75.0,13.0,7.9,8.0,E,0.03571428571428572
Superman Returns,DS,2006.0,Action,Electronic Arts,0.07,0.0,0.0,0.01,0.07,33.0,8.0,4.9,13.0,E,0.03571428571428572
Super Ghouls n Ghosts,GBA,2002.0,Platform,Capcom,0.05,0.02,0.0,0.0,0.07,78.0,19.0,8.8,4.0,E,0.03571428571428572
Need for Speed Underground 2,PC,2004.0,Racing,Electronic Arts,0.0,0.06,0.0,0.01,0.07,82.0,31.0,8.5,409.0,T,0.03571428571428572
Legend of the Guardians: The Owls of GaHoole,X360,2010.0,Action,Warner Bros. Interactive Entertainment,0.06,0.01,0.0,0.01,0.07,60.0,13.0,8.0,5.0,E10+,0.03571428571428572
Gladius,GC,2003.0,Strategy,Activision,0.06,0.01,0.0,0.0,0.07,82.0,19.0,8.8,12.0,T,0.03571428571428572
The Hustle: Detroit Streets,PSP,2005.0,Sports,Deep Silver,0.07,0.0,0.0,0.01,0.07,51.0,11.0,5.3,4.0,T,0.03571428571428572
Torchlight,PC,2009.0,Role-Playing,JoWood Productions,0.0,0.06,0.0,0.01,0.07,83.0,57.0,8.0,798.0,T,0.03571428571428572
Blood Drive,PS3,2010.0,Racing,Activision,0.07,0.0,0.0,0.01,0.07,47.0,11.0,7.0,5.0,M,0.03571428571428572
Pac-Man World 3,PSP,2005.0,Platform,Namco Bandai Games,0.07,0.0,0.0,0.01,0.07,61.0,9.0,6.0,4.0,E,0.03571428571428572
Rogue Trooper: Quartz Zone Massacre,Wii,2009.0,Shooter,Reef Entertainment,0.06,0.0,0.0,0.01,0.07,70.0,14.0,8.2,5.0,T,0.03571428571428572
Damage Inc.: Pacific Squadron WWII,X360,2012.0,Simulation,Mad Catz,0.07,0.0,0.0,0.01,0.07,49.0,24.0,5.5,6.0,T,0.03571428571428572
Smashing Drive,GC,2002.0,Racing,Namco Bandai Games,0.06,0.01,0.0,0.0,0.07,47.0,18.0,5.2,6.0,T,0.03571428571428572
Godai: Elemental Force,PS2,2002.0,Action,3DO,0.04,0.03,0.0,0.01,0.07,27.0,10.0,3.8,19.0,T,0.03571428571428572
Still Life,X,2005.0,Adventure,Microids,0.05,0.02,0.0,0.0,0.07,70.0,29.0,7.0,6.0,M,0.03571428571428572
Big Mutha Truckers 2,X,2005.0,Racing,Empire Interactive,0.05,0.02,0.0,0.0,0.07,50.0,31.0,3.4,5.0,M,0.03571428571428572
The Lord of the Rings: The Battle for Middle-Earth,PC,2004.0,Strategy,Electronic Arts,0.01,0.06,0.0,0.01,0.07,82.0,42.0,8.6,201.0,T,0.03571428571428572
Divinity II: Ego Draconis,PC,2009.0,Role-Playing,DTP Entertainment,0.01,0.05,0.0,0.01,0.07,72.0,43.0,7.7,125.0,M,0.03571428571428572
I-Ninja,X,2003.0,Platform,Namco Bandai Games,0.05,0.02,0.0,0.0,0.07,75.0,18.0,8.4,8.0,T,0.03571428571428572
Kessen III,PS2,2004.0,Strategy,Tecmo Koei,0.04,0.03,0.0,0.01,0.07,73.0,26.0,8.1,20.0,T,0.03571428571428572
The King of Fighters Collection: The Orochi Saga,PSP,2008.0,Fighting,Ignition Entertainment,0.07,0.0,0.0,0.0,0.07,61.0,16.0,7.0,9.0,T,0.03571428571428572
Aero Elite: Combat Academy,PS2,2002.0,Simulation,Sega,0.04,0.03,0.0,0.01,0.07,64.0,18.0,7.0,8.0,E,0.03571428571428572
The Technomancer,PS4,2016.0,Role-Playing,Focus Home Interactive,0.02,0.04,0.0,0.01,0.07,60.0,38.0,6.7,117.0,M,0.03571428571428572
Wrath Unleashed,PS2,2004.0,Strategy,LucasArts,0.04,0.03,0.0,0.01,0.07,64.0,25.0,6.0,6.0,T,0.03571428571428572
Grand Kingdom,PSV,2015.0,Role-Playing,Nippon Ichi Software,0.02,0.01,0.04,0.01,0.07,76.0,11.0,8.8,35.0,T,0.03571428571428572
Commandos 2: Men of Courage,X,2002.0,Strategy,Eidos Interactive,0.05,0.02,0.0,0.0,0.07,67.0,12.0,8.4,5.0,T,0.03571428571428572
Overlord: Minions,DS,2009.0,Puzzle,Codemasters,0.07,0.0,0.0,0.01,0.07,58.0,22.0,5.5,4.0,E10+,0.03571428571428572
Alvin and the Chipmunks,PS2,2007.0,Misc,Brash Entertainment,0.04,0.03,0.0,0.01,0.07,33.0,5.0,4.5,6.0,E,0.03571428571428572
Kengo: Legend of The 9,X360,2006.0,Fighting,Majesco Entertainment,0.06,0.01,0.0,0.01,0.07,38.0,18.0,4.1,14.0,M,0.03571428571428572
Romance of the Three Kingdoms XI,PS2,2007.0,Strategy,Tecmo Koei,0.0,0.0,0.07,0.0,0.07,69.0,10.0,8.4,8.0,E10+,0.03571428571428572
Earth Defense Force 4.1: The Shadow of New Despair,PS4,2015.0,Shooter,Xseed Games,0.04,0.02,0.0,0.01,0.07,64.0,40.0,7.9,52.0,M,0.03571428571428572
TMNT: Mutant Melee,GC,2005.0,Fighting,Konami Digital Entertainment,0.06,0.01,0.0,0.0,0.07,44.0,16.0,2.8,4.0,T,0.03571428571428572
Combat: Task Force 121,X,2005.0,Shooter,Zoo Digital Publishing,0.05,0.02,0.0,0.0,0.07,44.0,9.0,8.5,4.0,M,0.03571428571428572
Stacked with Daniel Negreanu,PS2,2006.0,Misc,Myelin Media,0.04,0.03,0.0,0.01,0.07,63.0,23.0,5.3,7.0,T,0.03571428571428572
Circus Maximus: Chariot Wars,X,2002.0,Racing,THQ,0.05,0.02,0.0,0.0,0.07,67.0,26.0,5.0,4.0,T,0.03571428571428572
Serious Sam: Next Encounter,PS2,2004.0,Shooter,Global Star,0.04,0.03,0.0,0.01,0.07,65.0,27.0,7.8,17.0,M,0.03571428571428572
Tom Clancys Ghost Recon 2,GC,2005.0,Shooter,Ubisoft,0.06,0.01,0.0,0.0,0.07,54.0,10.0,1.5,10.0,T,0.03571428571428572
Monster Racers,DS,2009.0,Racing,Tecmo Koei,0.05,0.0,0.02,0.0,0.07,70.0,5.0,9.0,5.0,E,0.03571428571428572
Speed Zone,Wii,2009.0,Racing,Bethesda Softworks,0.01,0.05,0.0,0.01,0.07,37.0,14.0,3.8,11.0,E,0.03571428571428572
Dream Trigger 3D,3DS,2011.0,Shooter,D3Publisher,0.04,0.02,0.0,0.01,0.07,54.0,24.0,6.3,29.0,E,0.03571428571428572
James Camerons Dark Angel,X,2002.0,Action,Vivendi Games,0.05,0.02,0.0,0.0,0.07,47.0,17.0,8.3,6.0,T,0.03571428571428572
Aqua Teen Hunger Force: Zombie Ninja Pro-Am,PS2,2007.0,Racing,Midway Games,0.03,0.03,0.0,0.01,0.07,37.0,19.0,5.9,10.0,M,0.03571428571428572
Child of Light,PSV,2014.0,Role-Playing,Ubisoft,0.0,0.04,0.02,0.01,0.07,83.0,14.0,7.8,110.0,E10+,0.03571428571428572
Operation Darkness,X360,2007.0,Role-Playing,Success,0.07,0.0,0.0,0.01,0.07,46.0,22.0,7.0,21.0,M,0.03571428571428572
Galerians: Ash,PS2,2002.0,Adventure,Sammy Corporation,0.03,0.03,0.0,0.01,0.07,50.0,22.0,7.9,11.0,T,0.03571428571428572
Dead Island: Riptide,PC,2013.0,Action,Deep Silver,0.0,0.07,0.0,0.01,0.07,61.0,35.0,6.0,443.0,M,0.03571428571428572
Haunting Ground,PS2,2005.0,Action,Capcom,0.03,0.03,0.0,0.01,0.07,67.0,33.0,8.8,44.0,M,0.03571428571428572
Escape Dead Island,X360,2014.0,Action,Deep Silver,0.03,0.04,0.0,0.01,0.07,32.0,12.0,3.8,74.0,M,0.03571428571428572
Robocalypse,DS,2008.0,Strategy,Tecmo Koei,0.07,0.0,0.0,0.01,0.07,78.0,15.0,8.6,18.0,E10+,0.03571428571428572
Homie Rollerz,DS,2008.0,Racing,Destineer,0.07,0.0,0.0,0.01,0.07,23.0,9.0,2.4,12.0,E,0.03571428571428572
Tom Clancys Splinter Cell: Chaos Theory,DS,2005.0,Action,Ubisoft,0.06,0.0,0.0,0.01,0.07,50.0,22.0,7.0,25.0,T,0.03571428571428572
Nights of Azure,PS4,2015.0,Action,Tecmo Koei,0.03,0.02,0.0,0.01,0.07,67.0,40.0,7.5,73.0,T,0.03571428571428572
Romance of the Three Kingdoms IX,PS2,2003.0,Strategy,Tecmo Koei,0.03,0.03,0.0,0.01,0.07,74.0,17.0,8.9,10.0,E,0.03571428571428572
Second Sight,X,2004.0,Adventure,Codemasters,0.05,0.02,0.0,0.0,0.07,75.0,46.0,8.0,6.0,T,0.03571428571428572
Operation Flashpoint: Red River,PC,2011.0,Shooter,Codemasters,0.01,0.04,0.0,0.01,0.07,67.0,25.0,4.9,103.0,M,0.03571428571428572
Vanguard Bandits,PS,1998.0,Strategy,Human Entertainment,0.04,0.03,0.0,0.0,0.07,62.0,5.0,7.4,15.0,T,0.03571428571428572
MLB Front Office Manager,X360,2009.0,Sports,Take-Two Interactive,0.06,0.0,0.0,0.01,0.07,47.0,13.0,4.6,10.0,E,0.03571428571428572
Silent Hill: Origins,PS2,2008.0,Action,Konami Digital Entertainment,0.03,0.03,0.0,0.01,0.07,70.0,21.0,7.3,62.0,M,0.03571428571428572
Harry Potter and the Sorcerers Stone,X,2003.0,Action,Electronic Arts,0.05,0.02,0.0,0.0,0.07,59.0,11.0,6.0,5.0,E,0.03571428571428572
McFarlane's Evil Prophecy,PS2,2004.0,Action,Konami Digital Entertainment,0.03,0.03,0.0,0.01,0.07,34.0,28.0,3.2,5.0,M,0.03571428571428572
Damnation,X360,2009.0,Shooter,Codemasters,0.06,0.01,0.0,0.01,0.07,36.0,39.0,5.6,50.0,M,0.03571428571428572
Samurai Warriors,X,2004.0,Action,Tecmo Koei,0.05,0.02,0.0,0.0,0.07,71.0,20.0,9.0,5.0,T,0.03571428571428572
Record of Agarest War,PS3,2007.0,Role-Playing,Ghostlight,0.0,0.03,0.03,0.01,0.07,67.0,7.0,6.8,34.0,T,0.03571428571428572
FIFA Soccer 2004,GC,2003.0,Sports,Electronic Arts,0.05,0.01,0.0,0.0,0.07,83.0,17.0,6.3,13.0,E,0.03571428571428572
Dave Mirra BMX Challenge,PSP,2006.0,Sports,Oxygen Interactive,0.06,0.0,0.0,0.01,0.07,32.0,11.0,4.6,10.0,E,0.03571428571428572
SNK Arcade Classics Vol. 1,Wii,2008.0,Misc,Ignition Entertainment,0.06,0.0,0.0,0.0,0.07,73.0,18.0,8.0,4.0,T,0.03571428571428572
Rayman 3: Hoodlum Havoc,GC,2003.0,Platform,Ubisoft,0.05,0.01,0.0,0.0,0.07,77.0,24.0,8.4,22.0,E,0.03571428571428572
The Guy Game,X,2004.0,Misc,Gathering of Developers,0.05,0.02,0.0,0.0,0.07,47.0,20.0,6.0,8.0,M,0.03571428571428572
Ghost in the Shell: Stand Alone Complex,PSP,2005.0,Adventure,Atari,0.06,0.0,0.0,0.01,0.07,61.0,23.0,7.4,14.0,T,0.03571428571428572
Open Season,Wii,2006.0,Platform,Ubisoft,0.06,0.0,0.0,0.01,0.07,49.0,5.0,5.6,7.0,E10+,0.03571428571428572
Drake of the 99 Dragons,X,2003.0,Shooter,Majesco Entertainment,0.05,0.01,0.0,0.0,0.07,22.0,16.0,1.8,37.0,T,0.03571428571428572
Crimson Sea 2,PS2,2004.0,Action,Tecmo Koei,0.03,0.03,0.0,0.01,0.07,75.0,27.0,8.3,6.0,T,0.03571428571428572
Dynasty Warriors 8: Empires,XOne,2014.0,Action,Tecmo Koei,0.04,0.02,0.0,0.01,0.07,58.0,10.0,6.8,15.0,T,0.03571428571428572
Digimon World Championship,DS,2008.0,Role-Playing,Namco Bandai Games,0.0,0.0,0.07,0.0,0.07,49.0,6.0,6.5,13.0,E,0.03571428571428572
RayStorm,PS,1997.0,Shooter,Sony Computer Entertainment,0.04,0.03,0.0,0.0,0.07,79.0,7.0,7.8,4.0,E,0.03571428571428572
Football Manager 2010,PC,2009.0,Sports,Sega,0.0,0.06,0.0,0.01,0.07,87.0,33.0,9.0,265.0,E,0.03571428571428572
Metroid Prime: Federation Force,3DS,2016.0,Action,Nintendo,0.03,0.01,0.02,0.0,0.07,64.0,56.0,5.0,224.0,T,0.03571428571428572
Mugen Souls Z,PS3,2013.0,Role-Playing,Nippon Ichi Software,0.02,0.01,0.04,0.01,0.07,57.0,26.0,6.4,56.0,T,0.03571428571428572
Catwoman,GC,2004.0,Action,Electronic Arts,0.05,0.01,0.0,0.0,0.07,47.0,24.0,6.1,7.0,T,0.03571428571428572
Colosseum: Road to Freedom,PS2,2005.0,Role-Playing,Tecmo Koei,0.03,0.03,0.0,0.01,0.07,56.0,35.0,8.3,17.0,M,0.03571428571428572
Dead Island Definitive Collection,XOne,2016.0,Action,Deep Silver,0.04,0.03,0.0,0.01,0.07,67.0,10.0,4.9,18.0,M,0.03571428571428572
Target: Terror,Wii,2008.0,Shooter,Konami Digital Entertainment,0.06,0.0,0.0,0.01,0.07,33.0,19.0,2.7,16.0,M,0.03571428571428572
BeatMania,PS2,2006.0,Simulation,Konami Digital Entertainment,0.03,0.03,0.0,0.01,0.07,67.0,30.0,8.9,11.0,E10+,0.03571428571428572
Silpheed: The Lost Planet,PS2,2000.0,Shooter,Swing! Entertainment,0.03,0.03,0.0,0.01,0.07,72.0,12.0,7.5,4.0,T,0.03571428571428572
Real Time Conflict: Shogun Empires,DS,2005.0,Strategy,Namco Bandai Games,0.06,0.0,0.0,0.0,0.07,35.0,6.0,5.6,11.0,E10+,0.03571428571428572
Spartan: Total Warrior,GC,2005.0,Action,Sega,0.05,0.01,0.0,0.0,0.07,73.0,24.0,8.3,15.0,M,0.03571428571428572
TrackMania Turbo,XOne,2016.0,Action,Ubisoft,0.03,0.04,0.0,0.01,0.07,76.0,12.0,7.7,27.0,E,0.03571428571428572
Pitfall: The Lost Expedition,X,2004.0,Platform,Activision,0.05,0.01,0.0,0.0,0.07,73.0,35.0,7.8,4.0,E,0.03571428571428572
Fable: The Lost Chapters,PC,2005.0,Role-Playing,Microsoft Game Studios,0.01,0.05,0.0,0.01,0.07,83.0,54.0,8.7,494.0,M,0.03571428571428572
Bionicle Heroes,X360,2006.0,Shooter,Eidos Interactive,0.05,0.01,0.0,0.01,0.07,59.0,26.0,5.9,22.0,E10+,0.03571428571428572
River City Ransom EX,GBA,2004.0,Action,Atlus,0.05,0.02,0.0,0.0,0.07,75.0,21.0,8.4,7.0,T,0.03571428571428572
Exist Archive: The Other Side of the Sky,PSV,2015.0,Role-Playing,Aksys Games,0.01,0.0,0.05,0.0,0.07,71.0,8.0,8.6,18.0,T,0.03571428571428572
The Sims 2: Seasons,PC,2007.0,Simulation,Electronic Arts,0.01,0.04,0.0,0.01,0.07,78.0,20.0,7.3,29.0,T,0.03571428571428572
Crazy Taxi 2,DC,2001.0,Racing,Sega,0.0,0.0,0.07,0.0,0.07,82.0,18.0,8.0,31.0,T,0.03571428571428572
Root Letter,PSV,2016.0,Adventure,PQube,0.0,0.04,0.02,0.01,0.07,78.0,6.0,7.7,9.0,M,0.03571428571428572
Tomb Raider: Legend,DS,2006.0,Action,Eidos Interactive,0.04,0.02,0.0,0.01,0.07,58.0,15.0,8.0,7.0,T,0.03571428571428572
The Testament of Sherlock Holmes,PC,2012.0,Adventure,Focus Home Interactive,0.0,0.06,0.0,0.01,0.07,73.0,18.0,8.0,129.0,M,0.03571428571428572
Robot Alchemic Drive,PS2,2002.0,Action,Enix Corporation,0.03,0.03,0.0,0.01,0.07,79.0,21.0,8.2,13.0,T,0.03571428571428572
Operation: Vietnam,DS,2007.0,Shooter,Majesco Entertainment,0.06,0.0,0.0,0.0,0.07,65.0,16.0,6.3,4.0,T,0.03571428571428572
Microsoft Flight Simulator 2004: A Century of Flight,PC,2003.0,Simulation,Microsoft Game Studios,0.0,0.06,0.0,0.01,0.07,88.0,22.0,8.2,49.0,E,0.03571428571428572
Lifeline,PS2,2003.0,Adventure,Sony Computer Entertainment,0.03,0.03,0.0,0.01,0.07,61.0,31.0,7.7,9.0,M,0.03571428571428572
Fighter Maker 2,PS2,2002.0,Fighting,Enterbrain,0.03,0.03,0.0,0.01,0.07,58.0,11.0,7.8,5.0,T,0.03571428571428572
Dragon Valor,PS,1999.0,Role-Playing,Sony Computer Entertainment,0.04,0.03,0.0,0.0,0.07,57.0,9.0,8.3,10.0,T,0.03571428571428572
NHL 2005,GC,2004.0,Sports,Electronic Arts,0.05,0.01,0.0,0.0,0.07,75.0,18.0,5.6,5.0,E,0.03571428571428572
Anubis II,Wii,2007.0,Platform,Metro 3D,0.06,0.0,0.0,0.0,0.07,19.0,5.0,2.6,29.0,E,0.03571428571428572
Inversion,PS3,2012.0,Shooter,Namco Bandai Games,0.03,0.03,0.0,0.01,0.07,56.0,23.0,5.4,43.0,M,0.03571428571428572
Ultimate Marvel vs. Capcom 3,X360,2011.0,Fighting,Capcom,0.0,0.03,0.04,0.0,0.07,79.0,44.0,6.2,85.0,T,0.03571428571428572
Mario vs. Donkey Kong: Tipping Stars,3DS,2015.0,Puzzle,Nintendo,0.0,0.0,0.07,0.0,0.07,70.0,15.0,7.5,48.0,E,0.03571428571428572
Dragoneers Aria,PSP,2007.0,Role-Playing,Tecmo Koei,0.02,0.0,0.05,0.0,0.07,56.0,30.0,6.0,7.0,E10+,0.03571428571428572
N+,DS,2007.0,Platform,Atari,0.06,0.0,0.0,0.0,0.07,82.0,20.0,7.5,21.0,E,0.03571428571428572
Sega Soccer Slam,GC,2002.0,Sports,Sega,0.05,0.01,0.0,0.0,0.07,84.0,22.0,7.7,7.0,E,0.03571428571428572
Obscure,PS2,2004.0,Adventure,Microids,0.03,0.03,0.0,0.01,0.07,65.0,27.0,8.9,39.0,M,0.03571428571428572
LEGO Batman: The Videogame,PC,2008.0,Action,Warner Bros. Interactive Entertainment,0.03,0.03,0.0,0.01,0.07,80.0,15.0,7.8,62.0,E10+,0.03571428571428572
Deep Labyrinth,DS,2006.0,Action,505 Games,0.06,0.0,0.0,0.0,0.07,57.0,18.0,8.8,4.0,E10+,0.03571428571428572
God Hand,PS2,2006.0,Action,Capcom,0.0,0.0,0.07,0.0,0.07,73.0,48.0,7.7,166.0,M,0.03571428571428572
Spawn: Armageddon,GC,2003.0,Action,Electronic Arts,0.05,0.01,0.0,0.0,0.07,61.0,19.0,7.2,9.0,M,0.03571428571428572
Legends of Wrestling II,GBA,2002.0,Fighting,Acclaim Entertainment,0.05,0.02,0.0,0.0,0.07,24.0,11.0,3.7,10.0,E,0.03571428571428572
Jurassic Park: Operation Genesis,X,2003.0,Simulation,Konami Digital Entertainment,0.05,0.01,0.0,0.0,0.07,69.0,21.0,8.8,19.0,T,0.03571428571428572
RedCard 20-03,PS2,2002.0,Sports,Midway Games,0.03,0.03,0.0,0.01,0.07,73.0,19.0,9.0,6.0,E,0.03571428571428572
Future Tactics: The Uprising,PS2,2004.0,Strategy,Crave Entertainment,0.03,0.03,0.0,0.01,0.07,61.0,25.0,6.0,6.0,T,0.03571428571428572
Driver: Parallel Lines,X,2006.0,Racing,Atari,0.05,0.01,0.0,0.0,0.07,69.0,31.0,4.6,17.0,M,0.03571428571428572
Top Gun,PS3,2011.0,Simulation,505 Games,0.06,0.0,0.0,0.01,0.07,49.0,25.0,4.4,5.0,T,0.03571428571428572
Resident Evil 5,PC,2009.0,Action,Capcom,0.01,0.04,0.0,0.01,0.07,86.0,30.0,7.1,607.0,M,0.03571428571428572
Batman: Rise of Sin Tzu,GBA,2003.0,Action,Ubisoft,0.05,0.02,0.0,0.0,0.07,63.0,12.0,6.8,4.0,E,0.03571428571428572
Terraria,PS4,2014.0,Action,505 Games,0.0,0.05,0.01,0.01,0.07,83.0,4.0,8.0,49.0,T,0.03571428571428572
Mighty No. 9,PS4,2016.0,Platform,Deep Silver,0.05,0.0,0.0,0.01,0.07,52.0,64.0,3.5,287.0,E10+,0.03571428571428572
Dragon Ball Z: Battle of Z,X360,2014.0,Fighting,Namco Bandai Games,0.01,0.05,0.0,0.0,0.07,53.0,17.0,5.1,44.0,T,0.03571428571428572
World Racing,X,2003.0,Racing,TDK Mediactive,0.05,0.01,0.0,0.0,0.07,56.0,14.0,8.1,8.0,E,0.03571428571428572
Assetto Corsa,PS4,2016.0,Racing,505 Games,0.0,0.06,0.0,0.01,0.07,73.0,35.0,6.2,72.0,E,0.03571428571428572
X-Men: The Official Game,GBA,2006.0,Action,Activision,0.05,0.02,0.0,0.0,0.07,55.0,9.0,9.3,6.0,E10+,0.03571428571428572
Battlezone,PS4,2016.0,Action,Rebellion Developments,0.03,0.02,0.0,0.01,0.07,66.0,40.0,7.0,31.0,T,0.03571428571428572
The King of Fighters 02/03,PS2,2005.0,Fighting,SNK,0.03,0.03,0.0,0.01,0.07,73.0,28.0,8.8,14.0,T,0.03571428571428572
Port Royale 3,X360,2012.0,Simulation,Kalypso Media,0.06,0.0,0.0,0.01,0.07,56.0,11.0,4.5,6.0,T,0.03571428571428572
Armored Core: Nine Breaker,PS2,2004.0,Simulation,505 Games,0.03,0.03,0.0,0.01,0.07,57.0,25.0,8.2,5.0,T,0.03571428571428572
Worms 3D,GC,2003.0,Strategy,Sega,0.05,0.01,0.0,0.0,0.07,69.0,23.0,7.8,21.0,T,0.03571428571428572
TRON: Evolution,PC,2010.0,Action,Disney Interactive Studios,0.06,0.0,0.0,0.0,0.07,57.0,11.0,6.0,25.0,T,0.03571428571428572
Hatsune Miku: Project Diva X,PS4,2016.0,Misc,Sega,0.03,0.0,0.03,0.01,0.07,78.0,22.0,7.3,44.0,T,0.03571428571428572
The Guided Fate Paradox,PS3,2013.0,Role-Playing,Nippon Ichi Software,0.0,0.0,0.06,0.0,0.07,74.0,27.0,7.8,66.0,T,0.03571428571428572
Mayhem 3D,X360,2011.0,Racing,Evolved Games,0.06,0.0,0.0,0.0,0.07,47.0,4.0,8.6,9.0,E10+,0.03571428571428572
DuckTales: Remastered,WiiU,2013.0,Action,Capcom,0.06,0.0,0.0,0.01,0.07,76.0,10.0,7.9,102.0,E,0.03571428571428572
Alex Rider: Stormbreaker,DS,2006.0,Action,THQ,0.06,0.0,0.0,0.0,0.07,48.0,11.0,6.1,10.0,T,0.03571428571428572
WipEout HD Fury,PS3,2009.0,Racing,Sony Computer Entertainment,0.0,0.05,0.0,0.01,0.07,89.0,15.0,8.4,115.0,E10+,0.03571428571428572
Natural Doctrine,PSV,2014.0,Role-Playing,Nippon Ichi Software,0.02,0.01,0.03,0.01,0.07,60.0,7.0,7.5,29.0,M,0.03571428571428572
Samurai Warriors Chronicles 3,PSV,2014.0,Action,Tecmo Koei,0.0,0.0,0.07,0.0,0.07,70.0,9.0,7.9,14.0,T,0.03571428571428572
Fallout: Brotherhood of Steel,PS2,2004.0,Role-Playing,Avalon Interactive,0.03,0.03,0.0,0.01,0.07,64.0,31.0,4.1,51.0,M,0.03571428571428572
"Flower, Sun, and Rain",DS,2008.0,Adventure,Rising Star Games,0.06,0.0,0.0,0.0,0.07,54.0,37.0,7.1,15.0,T,0.03571428571428572
Gunstar Super Heroes,GBA,2005.0,Shooter,Sega,0.05,0.02,0.0,0.0,0.07,83.0,31.0,8.5,13.0,E10+,0.03571428571428572
Cities XL 2012,PC,2011.0,Strategy,Focus Home Interactive,0.01,0.05,0.0,0.01,0.07,61.0,18.0,5.6,96.0,E,0.03571428571428572
Worms Forts: Under Siege,X,2004.0,Strategy,Sega,0.05,0.01,0.0,0.0,0.07,67.0,15.0,8.0,6.0,T,0.03571428571428572
Full Spectrum Warrior: Ten Hammers,PS2,2006.0,Strategy,THQ,0.03,0.02,0.0,0.01,0.07,71.0,26.0,8.0,5.0,M,0.03571428571428572
Broken Sword 5: The Serpents Curse,PS4,2015.0,Adventure,Revolution Software,0.0,0.06,0.0,0.01,0.07,72.0,14.0,7.2,23.0,T,0.03571428571428572
Prince of Persia: The Fallen King,DS,2008.0,Action,Ubisoft,0.06,0.0,0.0,0.0,0.07,64.0,24.0,6.0,9.0,E,0.03571428571428572
Alan Wake,PC,2012.0,Action,Nordic Games,0.0,0.06,0.0,0.01,0.07,83.0,30.0,8.0,1482.0,T,0.03571428571428572
NHL Hitz Pro,X,2003.0,Sports,Midway Games,0.05,0.01,0.0,0.0,0.07,81.0,23.0,8.8,12.0,E,0.03571428571428572
Risen 3: Titan Lords,X360,2014.0,Role-Playing,Deep Silver,0.02,0.04,0.0,0.0,0.06,44.0,8.0,4.4,69.0,M,0.02976190476190476
Steambot Chronicles: Battle Tournament,PSP,2008.0,Fighting,Irem Software Engineering,0.05,0.0,0.01,0.01,0.06,54.0,14.0,6.3,8.0,E10+,0.02976190476190476
Wings of War,X,2004.0,Simulation,Take-Two Interactive,0.05,0.01,0.0,0.0,0.06,62.0,29.0,5.0,5.0,T,0.02976190476190476
187: Ride or Die,X,2005.0,Racing,Ubisoft,0.05,0.01,0.0,0.0,0.06,51.0,40.0,6.9,8.0,M,0.02976190476190476
RPG Maker 3,PS2,2004.0,Role-Playing,Enterbrain,0.03,0.02,0.0,0.01,0.06,69.0,16.0,7.9,14.0,E10+,0.02976190476190476
Age of Empires III: The Asian Dynasties,PC,2007.0,Strategy,Microsoft Game Studios,0.0,0.05,0.0,0.01,0.06,81.0,19.0,8.5,73.0,T,0.02976190476190476
One Piece: Unlimited World Red,WiiU,2014.0,Action,Namco Bandai Games,0.0,0.04,0.02,0.0,0.06,66.0,11.0,7.8,43.0,T,0.02976190476190476
Kabuki Warriors,X,2001.0,Action,Genki,0.05,0.01,0.0,0.0,0.06,32.0,15.0,2.5,12.0,M,0.02976190476190476
World Poker Tour,X,2005.0,Misc,Take-Two Interactive,0.05,0.01,0.0,0.0,0.06,63.0,17.0,7.8,4.0,T,0.02976190476190476
Criminal Girls: Invite Only,PSV,2013.0,Role-Playing,Nippon Ichi Software,0.01,0.01,0.04,0.01,0.06,55.0,31.0,6.7,37.0,M,0.02976190476190476
IL-2 Sturmovik: Birds of Prey,DS,2009.0,Simulation,505 Games,0.06,0.0,0.0,0.0,0.06,41.0,4.0,2.4,5.0,E10+,0.02976190476190476
Devils Third,WiiU,2015.0,Action,Nintendo,0.04,0.02,0.0,0.01,0.06,43.0,54.0,6.5,285.0,M,0.02976190476190476
GRID 2,PC,2013.0,Racing,Codemasters,0.0,0.06,0.0,0.01,0.06,80.0,17.0,5.7,571.0,E,0.02976190476190476
NanoBreaker,PS2,2005.0,Action,Konami Digital Entertainment,0.03,0.02,0.0,0.01,0.06,51.0,38.0,6.7,11.0,M,0.02976190476190476
Bionicle,X,2003.0,Action,Electronic Arts,0.05,0.01,0.0,0.0,0.06,49.0,5.0,1.5,4.0,E,0.02976190476190476
Miami Vice: The Game,PSP,2006.0,Shooter,Activision,0.06,0.0,0.0,0.0,0.06,63.0,36.0,7.0,12.0,M,0.02976190476190476
BMX XXX,GC,2002.0,Sports,Acclaim Entertainment,0.05,0.01,0.0,0.0,0.06,60.0,15.0,5.0,7.0,M,0.02976190476190476
Aggressive Inline,X,2002.0,Sports,Acclaim Entertainment,0.05,0.01,0.0,0.0,0.06,85.0,20.0,7.7,7.0,T,0.02976190476190476
Insecticide,DS,2008.0,Action,Gamecock,0.06,0.0,0.0,0.0,0.06,55.0,23.0,7.0,5.0,E10+,0.02976190476190476
Pro Evolution Soccer 2017,XOne,2016.0,Sports,Konami Digital Entertainment,0.02,0.04,0.0,0.0,0.06,87.0,12.0,6.1,87.0,E,0.02976190476190476
XGRA: Extreme G Racing Association,PS2,2003.0,Racing,Acclaim Entertainment,0.03,0.02,0.0,0.01,0.06,68.0,23.0,8.6,8.0,T,0.02976190476190476
Tournament of Legends,Wii,2010.0,Fighting,Sega,0.04,0.02,0.0,0.01,0.06,45.0,38.0,6.9,11.0,T,0.02976190476190476
Escape from Bug Island,Wii,2006.0,Action,Eidos Interactive,0.04,0.01,0.01,0.0,0.06,37.0,13.0,5.0,25.0,M,0.02976190476190476
Gradius Collection,PSP,2006.0,Shooter,Konami Digital Entertainment,0.04,0.0,0.02,0.0,0.06,76.0,44.0,8.5,4.0,E,0.02976190476190476
Fist of the North Star: Kens Rage 2,X360,2012.0,Fighting,Tecmo Koei,0.03,0.01,0.02,0.0,0.06,55.0,18.0,7.1,20.0,M,0.02976190476190476
Gallop Racer 2004,PS2,2004.0,Sports,Zoo Digital Publishing,0.03,0.02,0.0,0.01,0.06,70.0,15.0,8.7,12.0,E,0.02976190476190476
Mobile Suit Gundam Seed: Never Ending Tomorrow,PS2,2004.0,Shooter,Namco Bandai Games,0.03,0.02,0.0,0.01,0.06,45.0,16.0,7.8,10.0,T,0.02976190476190476
F1 2001,X,2001.0,Racing,Electronic Arts,0.05,0.01,0.0,0.0,0.06,83.0,11.0,5.5,8.0,E,0.02976190476190476
Crimson Gem Saga,PSP,2008.0,Role-Playing,Sega,0.06,0.0,0.0,0.0,0.06,78.0,20.0,7.5,30.0,T,0.02976190476190476
Monster Tale,DS,2011.0,Platform,Majesco Entertainment,0.06,0.0,0.0,0.0,0.06,79.0,15.0,8.0,15.0,E,0.02976190476190476
Legend of the Dragon,Wii,2007.0,Fighting,Game Factory,0.06,0.0,0.0,0.0,0.06,37.0,14.0,4.8,5.0,T,0.02976190476190476
Cel Damage,GC,2002.0,Racing,Electronic Arts,0.05,0.01,0.0,0.0,0.06,67.0,12.0,7.1,12.0,T,0.02976190476190476
Arc the Lad: End of Darkness,PS2,2004.0,Role-Playing,Sony Computer Entertainment,0.03,0.02,0.0,0.01,0.06,59.0,24.0,4.2,10.0,T,0.02976190476190476
Tom Clancys Splinter Cell: Pandora Tomorrow,GBA,2004.0,Action,Ubisoft,0.05,0.02,0.0,0.0,0.06,68.0,19.0,6.2,6.0,T,0.02976190476190476
"Warhammer 40,000: Squad Command",DS,2007.0,Strategy,THQ,0.05,0.01,0.0,0.01,0.06,57.0,21.0,7.9,16.0,T,0.02976190476190476
Tokobot,PSP,2005.0,Platform,Take-Two Interactive,0.06,0.0,0.0,0.0,0.06,72.0,30.0,7.3,8.0,E,0.02976190476190476
Land of the Dead: Road to Fiddlers Green,X,2005.0,Shooter,Groove Games,0.05,0.01,0.0,0.0,0.06,32.0,9.0,5.8,10.0,M,0.02976190476190476
NHL 2K9,Wii,2008.0,Sports,Take-Two Interactive,0.06,0.0,0.0,0.0,0.06,65.0,11.0,5.4,19.0,E10+,0.02976190476190476
Bionicle Heroes,DS,2006.0,Shooter,Eidos Interactive,0.06,0.0,0.0,0.0,0.06,72.0,11.0,6.4,15.0,T,0.02976190476190476
Mystic Heroes,PS2,2002.0,Action,Tecmo Koei,0.03,0.02,0.0,0.01,0.06,67.0,7.0,8.6,14.0,T,0.02976190476190476
Jurassic Park III: Park Builder,GBA,2001.0,Simulation,Konami Digital Entertainment,0.04,0.02,0.0,0.0,0.06,65.0,5.0,8.0,5.0,E,0.02976190476190476
Unchained Blades ,PSP,2011.0,Role-Playing,FuRyu,0.0,0.0,0.06,0.0,0.06,61.0,8.0,7.5,15.0,T,0.02976190476190476
Showtime Championship Boxing,Wii,2007.0,Fighting,Zoo Digital Publishing,0.06,0.0,0.0,0.0,0.06,35.0,7.0,4.7,10.0,E10+,0.02976190476190476
Bomberman Land,PSP,2007.0,Misc,Hudson Entertainment,0.06,0.0,0.0,0.0,0.06,55.0,14.0,7.8,4.0,E,0.02976190476190476
Steins;Gate,PS3,2012.0,Adventure,PQube,0.01,0.02,0.02,0.01,0.06,83.0,8.0,8.7,51.0,M,0.02976190476190476
Earth Defense Force 2017 Portable,PSV,2012.0,Action,D3Publisher,0.0,0.0,0.06,0.0,0.06,68.0,36.0,7.9,31.0,T,0.02976190476190476
Age of Empires Online,PC,2011.0,Strategy,Microsoft Game Studios,0.01,0.04,0.0,0.01,0.06,70.0,44.0,5.6,186.0,E10+,0.02976190476190476
Atelier Iris 2: The Azoth Of Destiny,PS2,2005.0,Role-Playing,Tecmo Koei,0.03,0.02,0.0,0.01,0.06,68.0,34.0,7.8,14.0,E10+,0.02976190476190476
The LEGO Movie Videogame,PC,2014.0,Action,Warner Bros. Interactive Entertainment,0.02,0.04,0.0,0.0,0.06,68.0,7.0,6.8,33.0,E10+,0.02976190476190476
From The Abyss,DS,2008.0,Role-Playing,Nobilis,0.06,0.0,0.0,0.0,0.06,59.0,9.0,8.0,5.0,E,0.02976190476190476
MX vs. ATV Supercross,X360,2014.0,Racing,Nordic Games,0.03,0.02,0.0,0.01,0.06,48.0,10.0,4.8,14.0,E,0.02976190476190476
Giants: Citizen Kabuto,PS2,2001.0,Shooter,Interplay,0.03,0.02,0.0,0.01,0.06,79.0,15.0,6.9,8.0,T,0.02976190476190476
Alone in the Dark,PS2,2008.0,Adventure,Atari,0.03,0.02,0.0,0.01,0.06,47.0,10.0,5.4,24.0,M,0.02976190476190476
Muppets Party Cruise,PS2,2003.0,Misc,TDK Mediactive,0.03,0.02,0.0,0.01,0.06,61.0,11.0,8.0,6.0,E,0.02976190476190476
Tokyo Twilight Ghost Hunters,PS3,2014.0,Role-Playing,Aksys Games,0.03,0.0,0.02,0.01,0.06,64.0,11.0,6.4,17.0,T,0.02976190476190476
Cold Fear,X,2005.0,Action,Ubisoft,0.05,0.01,0.0,0.0,0.06,71.0,41.0,7.6,20.0,M,0.02976190476190476
Theme Park,DS,2007.0,Simulation,Electronic Arts,0.0,0.02,0.03,0.0,0.06,72.0,15.0,7.6,14.0,E,0.02976190476190476
The Next BIG Thing,PC,2011.0,Adventure,Focus Home Interactive,0.0,0.05,0.0,0.01,0.06,75.0,30.0,7.9,35.0,E10+,0.02976190476190476
Blur,PC,2010.0,Racing,Activision,0.01,0.04,0.0,0.01,0.06,81.0,24.0,7.4,177.0,E10+,0.02976190476190476
Call of Cthulhu: Dark Corners of the Earth,X,2005.0,Adventure,Take-Two Interactive,0.05,0.01,0.0,0.0,0.06,77.0,51.0,8.1,37.0,M,0.02976190476190476
Secret Files: Tunguska,Wii,2008.0,Adventure,Koch Media,0.04,0.01,0.0,0.0,0.06,65.0,12.0,7.6,8.0,T,0.02976190476190476
Alien Syndrome,Wii,2007.0,Role-Playing,Sega,0.05,0.0,0.0,0.0,0.06,48.0,24.0,7.1,23.0,T,0.02976190476190476
Vexx,GC,2003.0,Platform,Acclaim Entertainment,0.05,0.01,0.0,0.0,0.06,71.0,22.0,7.3,6.0,T,0.02976190476190476
Unreal Tournament III,PC,2007.0,Shooter,Midway Games,0.0,0.05,0.0,0.01,0.06,83.0,41.0,8.0,526.0,M,0.02976190476190476
Disney Sports Skateboarding,GC,2002.0,Sports,Konami Digital Entertainment,0.05,0.01,0.0,0.0,0.06,36.0,7.0,4.7,6.0,E,0.02976190476190476
Call of Duty 2,PC,2005.0,Shooter,Activision,0.0,0.05,0.0,0.01,0.06,86.0,64.0,8.4,631.0,T,0.02976190476190476
Teenage Mutant Ninja Turtles: Mutants in Manhattan,XOne,2016.0,Action,Activision,0.04,0.01,0.0,0.01,0.06,55.0,14.0,5.9,39.0,T,0.02976190476190476
Arkanoid DS,DS,2007.0,Puzzle,Square Enix,0.06,0.0,0.0,0.0,0.06,61.0,29.0,7.0,5.0,E,0.02976190476190476
Terminator 3: The Redemption,X,2004.0,Shooter,Atari,0.05,0.01,0.0,0.0,0.06,66.0,38.0,8.6,5.0,T,0.02976190476190476
Big Bang Mini,DS,2009.0,Shooter,SouthPeak Games,0.05,0.0,0.0,0.0,0.06,78.0,39.0,8.2,26.0,E,0.02976190476190476
Serious Sam II,X,2005.0,Shooter,Take-Two Interactive,0.05,0.01,0.0,0.0,0.06,72.0,34.0,6.7,11.0,M,0.02976190476190476
Dead Rising 2: Off the Record,PC,2011.0,Action,Capcom,0.04,0.02,0.0,0.01,0.06,66.0,10.0,5.4,55.0,M,0.02976190476190476
Flipnic: Ultimate Pinball,PS2,2003.0,Misc,Ubisoft,0.03,0.02,0.0,0.01,0.06,64.0,28.0,8.1,12.0,E,0.02976190476190476
The Witcher,PC,2007.0,Role-Playing,Atari,0.0,0.05,0.0,0.01,0.06,81.0,50.0,8.8,1123.0,M,0.02976190476190476
S.T.A.L.K.E.R.: Call of Pripyat,PC,2009.0,Shooter,Namco Bandai Games,0.0,0.05,0.0,0.01,0.06,80.0,44.0,8.7,611.0,M,0.02976190476190476
Coded Arms: Contagion,PSP,2007.0,Shooter,Konami Digital Entertainment,0.05,0.0,0.0,0.01,0.06,56.0,20.0,6.6,28.0,T,0.02976190476190476
MotorStorm RC,PSV,2012.0,Racing,Sony Computer Entertainment,0.0,0.05,0.0,0.01,0.06,78.0,39.0,6.8,123.0,E,0.02976190476190476
Create,PC,2010.0,Action,Electronic Arts,0.04,0.01,0.0,0.01,0.06,54.0,7.0,6.8,9.0,E,0.02976190476190476
Commandos: Strike Force,PS2,2006.0,Shooter,Eidos Interactive,0.03,0.02,0.0,0.01,0.06,58.0,26.0,8.5,11.0,T,0.02976190476190476
Mobile Suit Gundam: Gundam vs. Zeta Gundam,PS2,2004.0,Shooter,Namco Bandai Games,0.03,0.02,0.0,0.01,0.06,57.0,16.0,8.6,11.0,T,0.02976190476190476
Star Trek: Tactical Assault,DS,2006.0,Strategy,Ubisoft,0.05,0.01,0.0,0.0,0.06,63.0,15.0,7.0,10.0,E,0.02976190476190476
Guilty Gear X: Advance Edition,GBA,2002.0,Fighting,Sammy Corporation,0.04,0.02,0.0,0.0,0.06,67.0,14.0,5.9,10.0,T,0.02976190476190476
Warriors of the Lost Empire,PSP,2007.0,Role-Playing,Mercury Games,0.05,0.0,0.0,0.0,0.06,52.0,6.0,7.4,12.0,T,0.02976190476190476
Lord of Magna: Maiden Heaven,3DS,2014.0,Role-Playing,Marvelous Entertainment,0.0,0.0,0.06,0.0,0.06,68.0,16.0,7.8,36.0,T,0.02976190476190476
Oddworld: Munchs Oddysee,GBA,2003.0,Platform,THQ,0.04,0.02,0.0,0.0,0.06,44.0,15.0,2.5,4.0,E,0.02976190476190476
Broken Sword: The Shadow of the Templars,GBA,2002.0,Adventure,BAM! Entertainment,0.04,0.02,0.0,0.0,0.06,80.0,17.0,7.8,10.0,T,0.02976190476190476
Resident Evil - Code: Veronica X,GC,2003.0,Action,Capcom,0.05,0.01,0.0,0.0,0.06,62.0,16.0,8.5,32.0,M,0.02976190476190476
Trapt,PS2,2005.0,Action,Tecmo Koei,0.03,0.02,0.0,0.01,0.06,60.0,36.0,7.9,14.0,M,0.02976190476190476
Worms 3D,X,2003.0,Strategy,Sega,0.04,0.01,0.0,0.0,0.06,69.0,20.0,8.4,10.0,T,0.02976190476190476
Street Fighter V,PC,2016.0,Fighting,Capcom,0.0,0.06,0.0,0.0,0.06,74.0,33.0,2.9,438.0,T,0.02976190476190476
Sacred 2: Fallen Angel,PC,2008.0,Role-Playing,Ascaron Entertainment GmbH,0.0,0.05,0.0,0.01,0.06,71.0,41.0,6.8,205.0,M,0.02976190476190476
Adventure Time: The Secret of the Nameless Kingdom,X360,2014.0,Action,Little Orbit,0.0,0.05,0.0,0.0,0.06,58.0,5.0,7.5,4.0,E10+,0.02976190476190476
PoPoLoCrois,PSP,2005.0,Role-Playing,Ignition Entertainment,0.05,0.0,0.0,0.0,0.06,66.0,41.0,7.4,17.0,E,0.02976190476190476
Dragon Rage,PS2,2001.0,Shooter,3DO,0.03,0.02,0.0,0.01,0.06,50.0,9.0,6.4,9.0,T,0.02976190476190476
Theresia...,DS,2008.0,Adventure,Arc System Works,0.05,0.0,0.0,0.0,0.06,61.0,6.0,8.0,8.0,M,0.02976190476190476
Teenage Mutant Ninja Turtles 3: Mutant Nightmare,DS,2005.0,Action,Konami Digital Entertainment,0.05,0.0,0.0,0.0,0.06,58.0,10.0,7.5,6.0,E,0.02976190476190476
Jumper: Griffins Story,X360,2008.0,Action,Eidos Interactive,0.05,0.0,0.0,0.0,0.06,29.0,16.0,3.3,30.0,T,0.02976190476190476
Neverland Card Battles,PSP,2008.0,Role-Playing,Idea Factory,0.05,0.0,0.0,0.01,0.06,57.0,14.0,7.8,12.0,T,0.02976190476190476
Tron 2.0: Killer App,X,2004.0,Action,Disney Interactive Studios,0.04,0.01,0.0,0.0,0.06,69.0,36.0,4.3,4.0,T,0.02976190476190476
The Fast and the Furious,PS2,2006.0,Racing,Namco Bandai Games,0.03,0.02,0.0,0.01,0.06,59.0,22.0,6.6,25.0,T,0.02976190476190476
Vampire Rain: Altered Species,PS3,2008.0,Action,Ignition Entertainment,0.05,0.0,0.0,0.0,0.06,30.0,15.0,3.5,36.0,M,0.02976190476190476
The History Channel: Battle for the Pacific,X360,2007.0,Shooter,Activision,0.05,0.0,0.0,0.0,0.06,35.0,11.0,6.1,21.0,T,0.02976190476190476
Bladestorm: Nightmare,XOne,2015.0,Action,Tecmo Koei,0.04,0.02,0.0,0.01,0.06,48.0,6.0,7.1,8.0,T,0.02976190476190476
Racing Gears Advance,GBA,2004.0,Racing,Zoo Digital Publishing,0.04,0.02,0.0,0.0,0.06,83.0,17.0,8.9,9.0,E,0.02976190476190476
Inversion,X360,2012.0,Shooter,Namco Bandai Games,0.03,0.02,0.0,0.01,0.06,53.0,51.0,6.5,72.0,M,0.02976190476190476
Need for Speed: Shift,PC,2009.0,Racing,Electronic Arts,0.0,0.05,0.0,0.01,0.06,83.0,22.0,5.8,388.0,E,0.02976190476190476
Zoo Tycoon 2,PC,2004.0,Strategy,Microsoft Game Studios,0.0,0.05,0.0,0.01,0.06,72.0,34.0,8.1,43.0,E,0.02976190476190476
Mercury Meltdown,PSP,2006.0,Action,Atari,0.05,0.0,0.0,0.01,0.06,78.0,36.0,7.8,8.0,E,0.02976190476190476
Brave: A Warriors Tale,X360,2009.0,Action,SouthPeak Games,0.05,0.01,0.0,0.0,0.06,42.0,17.0,5.0,4.0,E10+,0.02976190476190476
Fatal Frame,X,2002.0,Action,Tecmo Koei,0.04,0.01,0.0,0.0,0.06,77.0,17.0,8.6,16.0,T,0.02976190476190476
Tom Clancys Ghost Recon: Advanced Warfighter,PS2,2006.0,Shooter,Ubisoft,0.03,0.02,0.0,0.01,0.06,44.0,8.0,4.6,41.0,T,0.02976190476190476
Urban Chaos: Riot Response,PS2,2006.0,Shooter,Eidos Interactive,0.03,0.02,0.0,0.01,0.06,73.0,35.0,7.8,24.0,M,0.02976190476190476
Ivy the Kiwi?,Wii,2010.0,Puzzle,Rising Star Games,0.04,0.02,0.0,0.0,0.06,74.0,30.0,7.2,12.0,E,0.02976190476190476
Resident Evil 2,GC,2003.0,Action,Capcom,0.04,0.01,0.0,0.0,0.06,59.0,15.0,8.6,32.0,M,0.02976190476190476
F1 2015,PC,2015.0,Racing,Codemasters,0.0,0.05,0.0,0.0,0.06,61.0,13.0,3.6,63.0,E,0.02976190476190476
Wasteland 2,XOne,2015.0,Role-Playing,Deep Silver,0.04,0.01,0.0,0.01,0.06,77.0,13.0,7.1,56.0,M,0.02976190476190476
Catwoman,X,2004.0,Action,Electronic Arts,0.04,0.01,0.0,0.0,0.06,45.0,33.0,4.6,5.0,T,0.02976190476190476
MX vs. ATV Supercross Encore,PS4,2015.0,Sports,Nordic Games,0.0,0.05,0.0,0.01,0.06,42.0,8.0,4.1,9.0,E,0.02976190476190476
Top Gun: Hard Lock,X360,2012.0,Action,505 Games,0.03,0.02,0.0,0.0,0.06,54.0,8.0,3.5,16.0,T,0.02976190476190476
Warriors Orochi 2,X360,2008.0,Action,Tecmo Koei,0.04,0.0,0.01,0.0,0.06,44.0,28.0,8.1,15.0,T,0.02976190476190476
Mana Khemia: Alchemists of Al-Revis,PS2,2007.0,Role-Playing,Nippon Ichi Software,0.03,0.02,0.0,0.01,0.06,69.0,20.0,7.5,41.0,E10+,0.02976190476190476
Zone of the Enders: The Fist of Mars,GBA,2001.0,Role-Playing,Konami Digital Entertainment,0.04,0.02,0.0,0.0,0.06,71.0,12.0,9.0,9.0,E,0.02976190476190476
Gun Showdown,PSP,2006.0,Action,Activision,0.05,0.0,0.0,0.01,0.06,73.0,41.0,7.6,9.0,M,0.02976190476190476
Tiger Woods PGA Tour 08,DS,2007.0,Sports,Electronic Arts,0.05,0.0,0.0,0.0,0.06,81.0,10.0,7.6,8.0,E,0.02976190476190476
Constantine,X,2005.0,Action,SCi,0.04,0.01,0.0,0.0,0.06,60.0,31.0,7.1,17.0,M,0.02976190476190476
Tom Clancys Splinter Cell: Double Agent,GC,2006.0,Action,Ubisoft,0.04,0.01,0.0,0.0,0.06,64.0,8.0,7.1,7.0,M,0.02976190476190476
S.T.A.L.K.E.R.: Shadow of Chernobyl,PC,2007.0,Shooter,THQ,0.01,0.04,0.0,0.01,0.06,82.0,44.0,8.4,1101.0,M,0.02976190476190476
Samurai Shodown Anthology,Wii,2008.0,Fighting,Ignition Entertainment,0.05,0.0,0.0,0.0,0.06,74.0,6.0,8.2,5.0,T,0.02976190476190476
Nanostray,DS,2005.0,Shooter,Majesco Entertainment,0.05,0.0,0.0,0.0,0.06,71.0,43.0,7.7,19.0,E,0.02976190476190476
Tropico 5,X360,2014.0,Simulation,Kalypso Media,0.03,0.02,0.0,0.0,0.06,71.0,4.0,7.2,9.0,T,0.02976190476190476
PAC-MAN and the Ghostly Adventures,WiiU,2013.0,Platform,Namco Bandai Games,0.03,0.02,0.0,0.01,0.06,58.0,9.0,6.5,16.0,E10+,0.02976190476190476
Samurai Jack: The Shadow of Aku,PS2,2004.0,Action,Sega,0.03,0.02,0.0,0.01,0.06,59.0,21.0,8.4,10.0,T,0.02976190476190476
Rugby World Cup 2015,PS4,2015.0,Sports,Ubisoft,0.0,0.05,0.0,0.01,0.06,25.0,6.0,1.9,40.0,E,0.02976190476190476
Lost Kingdoms II,GC,2003.0,Role-Playing,Activision,0.04,0.01,0.0,0.0,0.06,68.0,25.0,9.1,14.0,T,0.02976190476190476
Aggressive Inline,GC,2002.0,Sports,Acclaim Entertainment,0.04,0.01,0.0,0.0,0.06,88.0,16.0,7.8,5.0,T,0.02976190476190476
Viewtiful Joe: Red Hot Rumble,GC,2005.0,Action,Capcom,0.04,0.01,0.0,0.0,0.06,62.0,27.0,6.9,8.0,T,0.02976190476190476
X-Men: Destiny,DS,2011.0,Action,Activision,0.05,0.01,0.0,0.0,0.06,33.0,6.0,5.6,7.0,E10+,0.02976190476190476
Blade Dancer: Lineage of Light,PSP,2006.0,Role-Playing,Atari,0.05,0.0,0.0,0.0,0.06,60.0,33.0,6.9,16.0,E10+,0.02976190476190476
The Sims 2: University,PC,2005.0,Simulation,Electronic Arts,0.01,0.04,0.0,0.01,0.06,81.0,31.0,7.8,49.0,T,0.02976190476190476
Generation of Chaos,PSP,2005.0,Role-Playing,Midas Interactive Entertainment,0.05,0.0,0.0,0.0,0.06,60.0,29.0,7.7,18.0,T,0.02976190476190476
Batman: A Telltale Game Series,XOne,2016.0,Adventure,Telltale Games,0.04,0.01,0.0,0.01,0.06,66.0,5.0,5.4,10.0,M,0.02976190476190476
Harry Potter and the Sorcerers Stone,PC,2001.0,Action,Electronic Arts,0.01,0.04,0.0,0.01,0.06,65.0,11.0,7.8,77.0,E,0.02976190476190476
Pump It Up: Exceed,PS2,2005.0,Misc,Mastiff,0.03,0.02,0.0,0.01,0.06,73.0,28.0,8.4,11.0,T,0.02976190476190476
Tom Clancys Rainbow Six: Critical Hour,X,2004.0,Shooter,Ubisoft,0.04,0.01,0.0,0.0,0.06,54.0,10.0,3.6,14.0,M,0.02976190476190476
Remember Me,PC,2013.0,Action,Capcom,0.0,0.05,0.0,0.0,0.06,65.0,26.0,7.4,1010.0,M,0.02976190476190476
Scurge: Hive,DS,2006.0,Action,SouthPeak Games,0.05,0.0,0.0,0.0,0.06,70.0,29.0,8.6,5.0,E10+,0.02976190476190476
Men of War: Assault Squad,PC,2011.0,Strategy,1C Company,0.01,0.04,0.0,0.01,0.06,77.0,21.0,8.2,94.0,T,0.02976190476190476
Shantae and the Pirates Curse,3DS,2015.0,Platform,Rising Star Games,0.02,0.0,0.03,0.0,0.06,82.0,18.0,8.5,87.0,E10+,0.02976190476190476
NBA Live 07,X,2006.0,Sports,Electronic Arts,0.04,0.01,0.0,0.0,0.06,69.0,14.0,6.8,13.0,E,0.02976190476190476
Operation Flashpoint: Dragon Rising,PC,2009.0,Shooter,Codemasters,0.02,0.03,0.0,0.01,0.06,76.0,29.0,4.9,539.0,M,0.02976190476190476
The Saboteur,PC,2009.0,Action,Electronic Arts,0.0,0.05,0.0,0.01,0.06,76.0,20.0,7.9,238.0,M,0.02976190476190476
Dead Rising,PS4,2016.0,Action,Capcom,0.03,0.0,0.01,0.01,0.06,78.0,6.0,6.5,31.0,M,0.02976190476190476
Ride to Hell,X360,2013.0,Racing,Deep Silver,0.04,0.01,0.0,0.01,0.06,19.0,14.0,1.3,435.0,M,0.02976190476190476
Hail to the Chimp,X360,2008.0,Misc,Gamecock,0.05,0.0,0.0,0.0,0.06,52.0,23.0,6.1,7.0,T,0.02976190476190476
Warriors: Legends of Troy,X360,2011.0,Action,Tecmo Koei,0.0,0.04,0.01,0.01,0.06,54.0,11.0,7.4,5.0,M,0.02976190476190476
Tom Clancys Rainbow Six 3,GC,2004.0,Shooter,Ubisoft,0.04,0.01,0.0,0.0,0.06,68.0,25.0,8.2,5.0,M,0.02976190476190476
Titan Quest,PC,2006.0,Role-Playing,THQ,0.01,0.04,0.0,0.01,0.06,77.0,51.0,8.1,390.0,T,0.02976190476190476
V-Rally 3,PS2,2002.0,Racing,Atari,0.03,0.02,0.0,0.01,0.06,82.0,10.0,7.4,14.0,E,0.02976190476190476
Gothic 3,PC,2006.0,Role-Playing,JoWood Productions,0.0,0.05,0.0,0.01,0.06,63.0,39.0,7.3,526.0,T,0.02976190476190476
Mirrors Edge,PC,2009.0,Platform,Electronic Arts,0.0,0.05,0.0,0.01,0.06,81.0,44.0,8.1,1036.0,T,0.02976190476190476
Amazing Island,GC,2004.0,Strategy,Sega,0.04,0.01,0.0,0.0,0.06,59.0,22.0,6.6,7.0,E,0.02976190476190476
Izuna 2: The Unemployed Ninja Returns,DS,2007.0,Role-Playing,Success,0.05,0.0,0.0,0.0,0.06,65.0,18.0,7.9,13.0,T,0.02976190476190476
Alvin and the Chipmunks,Wii,2007.0,Misc,Eidos Interactive,0.05,0.0,0.0,0.0,0.05,30.0,4.0,3.6,20.0,E,0.02380952380952381
Final Fight: Streetwise,PS2,2006.0,Action,Capcom,0.03,0.02,0.0,0.01,0.05,43.0,36.0,6.2,11.0,M,0.02380952380952381
Speed Kings,X,2003.0,Racing,Acclaim Entertainment,0.04,0.01,0.0,0.0,0.05,60.0,16.0,8.8,4.0,E,0.02380952380952381
Rebelstar: Tactical Command,GBA,2005.0,Strategy,Atari,0.04,0.01,0.0,0.0,0.05,78.0,29.0,9.2,11.0,E10+,0.02380952380952381
F1 2010,PC,2010.0,Racing,Codemasters,0.0,0.05,0.0,0.01,0.05,84.0,15.0,6.6,100.0,E,0.02380952380952381
Gladiator: Sword of Vengeance,X,2003.0,Action,Acclaim Entertainment,0.04,0.01,0.0,0.0,0.05,65.0,25.0,7.1,7.0,M,0.02380952380952381
Enemy Front,PS3,2014.0,Shooter,City Interactive,0.01,0.04,0.0,0.01,0.05,43.0,12.0,6.0,75.0,M,0.02380952380952381
Bombastic,PS2,2002.0,Puzzle,Capcom,0.03,0.02,0.0,0.01,0.05,72.0,24.0,7.2,6.0,E,0.02380952380952381
Coraline,Wii,2009.0,Action,D3Publisher,0.05,0.0,0.0,0.0,0.05,42.0,7.0,5.5,8.0,E10+,0.02380952380952381
Wing Commander: Prophecy,GBA,2003.0,Simulation,"Destination Software, Inc",0.04,0.01,0.0,0.0,0.05,70.0,8.0,8.3,7.0,T,0.02380952380952381
Marc Eckos Getting Up: Contents Under Pressure,PS2,2006.0,Action,Atari,0.03,0.02,0.0,0.01,0.05,69.0,39.0,7.2,31.0,M,0.02380952380952381
Sega Soccer Slam,X,2002.0,Sports,Sega,0.04,0.01,0.0,0.0,0.05,80.0,15.0,8.5,10.0,E,0.02380952380952381
Captain America: Super Soldier,Wii,2011.0,Action,Sega,0.05,0.0,0.0,0.0,0.05,57.0,16.0,6.0,6.0,T,0.02380952380952381
Deus Ex: Mankind Divided,PC,2016.0,Role-Playing,Square Enix,0.0,0.05,0.0,0.0,0.05,83.0,55.0,6.2,735.0,M,0.02380952380952381
Resident Evil 6,XOne,2016.0,Shooter,Capcom,0.05,0.0,0.0,0.01,0.05,63.0,12.0,6.1,35.0,M,0.02380952380952381
Front Mission Evolved,PC,2010.0,Shooter,Square Enix,0.05,0.0,0.0,0.0,0.05,63.0,13.0,5.1,48.0,T,0.02380952380952381
Dynasty Warriors 5,X,2005.0,Action,Tecmo Koei,0.04,0.01,0.0,0.0,0.05,66.0,22.0,8.0,4.0,T,0.02380952380952381
Airline Tycoon 2,PC,2011.0,Simulation,Kalypso Media,0.0,0.04,0.0,0.01,0.05,57.0,4.0,5.5,30.0,E,0.02380952380952381
Murdered: Soul Suspect,PC,2014.0,Action,Square Enix,0.0,0.05,0.0,0.0,0.05,59.0,22.0,7.4,386.0,M,0.02380952380952381
Psycho-Pass: Mandatory Happiness,PS4,2016.0,Adventure,Nippon Ichi Software,0.04,0.0,0.0,0.01,0.05,72.0,26.0,8.3,19.0,T,0.02380952380952381
Rez,PS2,2001.0,Shooter,Sony Computer Entertainment,0.03,0.02,0.0,0.01,0.05,78.0,34.0,8.3,28.0,E,0.02380952380952381
Lufia: The Ruins of Lore,GBA,2002.0,Role-Playing,Taito,0.04,0.01,0.0,0.0,0.05,76.0,12.0,8.3,8.0,E,0.02380952380952381
UEFA Euro 2004: Portugal,X,2004.0,Sports,Electronic Arts,0.04,0.01,0.0,0.0,0.05,74.0,21.0,8.1,9.0,E,0.02380952380952381
Medabots: Infinity,GC,2003.0,Role-Playing,Ubisoft,0.04,0.01,0.0,0.0,0.05,51.0,6.0,8.0,7.0,E,0.02380952380952381
Duke Nukem 3D: 20th Anniversary World Tour,PS4,2016.0,Shooter,Gearbox Software,0.04,0.0,0.0,0.01,0.05,77.0,15.0,6.9,15.0,M,0.02380952380952381
IL-2 Sturmovik: Cliffs of Dover,PC,2011.0,Simulation,Ubisoft,0.0,0.04,0.0,0.01,0.05,60.0,13.0,7.1,114.0,T,0.02380952380952381
NFL Blitz Pro,X,2003.0,Sports,Midway Games,0.04,0.01,0.0,0.0,0.05,71.0,14.0,6.6,8.0,E,0.02380952380952381
Death Jr. II: Root of Evil,PSP,2006.0,Platform,Konami Digital Entertainment,0.05,0.0,0.0,0.0,0.05,68.0,34.0,7.3,9.0,T,0.02380952380952381
Black Sigil: Blade of the Exiled,DS,2009.0,Role-Playing,Graffiti,0.05,0.0,0.0,0.0,0.05,58.0,24.0,7.5,20.0,E,0.02380952380952381
Medal of Honor: Airborne,PC,2007.0,Shooter,Electronic Arts,0.0,0.04,0.0,0.01,0.05,78.0,38.0,7.3,204.0,T,0.02380952380952381
Wakeboarding Unleashed Featuring Shaun Murray,X,2003.0,Sports,Activision,0.04,0.01,0.0,0.0,0.05,80.0,23.0,8.8,9.0,E,0.02380952380952381
Samurai Champloo: Sidetracked,PS2,2006.0,Action,Namco Bandai Games,0.03,0.02,0.0,0.01,0.05,66.0,26.0,7.2,6.0,T,0.02380952380952381
Drill Dozer,GBA,2005.0,Platform,Nintendo,0.04,0.01,0.0,0.0,0.05,81.0,34.0,8.3,10.0,E,0.02380952380952381
Rhapsody: A Musical Adventure,DS,2008.0,Role-Playing,Nippon Ichi Software,0.05,0.0,0.0,0.0,0.05,67.0,24.0,6.8,12.0,E,0.02380952380952381
Virtua Striker 2002,GC,2002.0,Sports,Sega,0.01,0.0,0.03,0.0,0.05,58.0,20.0,6.3,6.0,E,0.02380952380952381
UEFA Champions League 2006-2007,X360,2007.0,Sports,Electronic Arts,0.04,0.01,0.0,0.0,0.05,72.0,27.0,8.2,10.0,E,0.02380952380952381
Aliens in the Attic,DS,2009.0,Action,Playlogic Game Factory,0.05,0.0,0.0,0.0,0.05,58.0,7.0,6.7,6.0,E10+,0.02380952380952381
Hunted: The Demons Forge,PC,2011.0,Action,Bethesda Softworks,0.03,0.01,0.0,0.0,0.05,61.0,21.0,6.6,127.0,M,0.02380952380952381
Otogi 2: Immortal Warriors,X,2003.0,Action,Sega,0.04,0.01,0.0,0.0,0.05,79.0,43.0,8.3,12.0,T,0.02380952380952381
Legend of Kay,PS2,2005.0,Action,JoWood Productions,0.03,0.02,0.0,0.01,0.05,72.0,30.0,7.3,18.0,E10+,0.02380952380952381
Lucha Libre AAA: Heroes del Ring,X360,2010.0,Fighting,Konami Digital Entertainment,0.05,0.0,0.0,0.0,0.05,49.0,11.0,6.6,13.0,T,0.02380952380952381
Piglets Big Game,GC,2003.0,Platform,Gotham Games,0.04,0.01,0.0,0.0,0.05,70.0,4.0,8.0,5.0,E,0.02380952380952381
Tom Clancys HAWX 2,PC,2010.0,Action,Ubisoft,0.0,0.04,0.0,0.01,0.05,66.0,12.0,3.8,47.0,T,0.02380952380952381
Fallout: Brotherhood of Steel,X,2004.0,Role-Playing,Avalon Interactive,0.04,0.01,0.0,0.0,0.05,66.0,33.0,5.5,23.0,M,0.02380952380952381
IndyCar Series,X,2003.0,Racing,Codemasters,0.04,0.01,0.0,0.0,0.05,71.0,8.0,7.8,5.0,E,0.02380952380952381
Homefront: The Revolution,PC,2016.0,Shooter,Deep Silver,0.02,0.03,0.0,0.0,0.05,54.0,48.0,3.5,288.0,M,0.02380952380952381
Mortal Kombat X,PC,2015.0,Fighting,Warner Bros. Interactive Entertainment,0.01,0.04,0.0,0.0,0.05,76.0,10.0,5.1,479.0,M,0.02380952380952381
Ferrari F355 Challenge,PS2,2002.0,Racing,Sony Computer Entertainment,0.03,0.02,0.0,0.01,0.05,70.0,14.0,4.4,5.0,E,0.02380952380952381
Cities in Motion,PC,2011.0,Simulation,Paradox Interactive,0.0,0.04,0.0,0.01,0.05,70.0,20.0,7.7,105.0,E,0.02380952380952381
Shifters,PS2,2002.0,Adventure,3DO,0.03,0.02,0.0,0.01,0.05,37.0,12.0,5.9,8.0,T,0.02380952380952381
Venetica,PC,2009.0,Role-Playing,DTP Entertainment,0.0,0.04,0.0,0.01,0.05,61.0,17.0,6.8,51.0,T,0.02380952380952381
TNA iMPACT: Cross the Line,PSP,2010.0,Fighting,SouthPeak Games,0.05,0.0,0.0,0.0,0.05,50.0,6.0,6.5,4.0,T,0.02380952380952381
Sacred 3,X360,2014.0,Role-Playing,Deep Silver,0.03,0.02,0.0,0.0,0.05,51.0,11.0,4.1,42.0,M,0.02380952380952381
MorphX,X360,2010.0,Shooter,505 Games,0.05,0.0,0.0,0.0,0.05,33.0,4.0,6.6,15.0,M,0.02380952380952381
Sigma Star Saga,GBA,2005.0,Role-Playing,Atari,0.04,0.01,0.0,0.0,0.05,68.0,34.0,8.4,7.0,E10+,0.02380952380952381
FIFA Soccer 2004,GBA,2003.0,Sports,Electronic Arts,0.04,0.01,0.0,0.0,0.05,82.0,4.0,7.9,9.0,E,0.02380952380952381
The Bureau: XCOM Declassified,PC,2013.0,Shooter,Take-Two Interactive,0.0,0.05,0.0,0.0,0.05,66.0,45.0,6.5,624.0,M,0.02380952380952381
Steins;Gate 0,PS4,2015.0,Adventure,PQube,0.0,0.0,0.05,0.0,0.05,81.0,19.0,8.3,35.0,M,0.02380952380952381
Metal Slug Anthology,PSP,2007.0,Shooter,Ignition Entertainment,0.02,0.0,0.02,0.01,0.05,78.0,26.0,7.5,26.0,T,0.02380952380952381
Disney's Party,GC,2002.0,Misc,Electronic Arts,0.04,0.01,0.0,0.0,0.05,39.0,6.0,7.8,5.0,E,0.02380952380952381
Nanostray 2,DS,2008.0,Shooter,Codemasters,0.03,0.01,0.0,0.0,0.05,75.0,23.0,7.8,8.0,E,0.02380952380952381
Dokapon Journey,DS,2008.0,Role-Playing,Sting,0.05,0.0,0.0,0.0,0.05,60.0,16.0,7.0,8.0,E10+,0.02380952380952381
Phantom Crash,X,2002.0,Simulation,Phantagram,0.03,0.01,0.01,0.0,0.05,74.0,23.0,8.3,14.0,T,0.02380952380952381
Yanya Caballista: City Skater,PS2,2001.0,Sports,Tecmo Koei,0.02,0.02,0.0,0.01,0.05,58.0,13.0,6.3,7.0,E,0.02380952380952381
The Typing of the Dead,DC,2000.0,Shooter,Sega,0.0,0.0,0.05,0.0,0.05,83.0,12.0,7.8,12.0,M,0.02380952380952381
Jenga World Tour,Wii,2007.0,Misc,Atari,0.05,0.0,0.0,0.0,0.05,26.0,14.0,2.8,11.0,E,0.02380952380952381
Tenchu: Dark Secret,DS,2006.0,Action,From Software,0.03,0.0,0.01,0.0,0.05,37.0,10.0,5.1,7.0,T,0.02380952380952381
Shrek Super Party,GC,2003.0,Misc,TDK Mediactive,0.04,0.01,0.0,0.0,0.05,40.0,6.0,7.3,7.0,E,0.02380952380952381
Second Sight,GC,2004.0,Adventure,Codemasters,0.04,0.01,0.0,0.0,0.05,77.0,34.0,8.5,13.0,T,0.02380952380952381
Puyo Pop,GBA,2001.0,Puzzle,Sega,0.04,0.01,0.0,0.0,0.05,84.0,14.0,8.3,4.0,E,0.02380952380952381
Bejeweled Twist,PC,2008.0,Puzzle,PopCap Games,0.01,0.04,0.0,0.01,0.05,78.0,12.0,7.3,11.0,E,0.02380952380952381
Rave Master,GC,2002.0,Fighting,Konami Digital Entertainment,0.0,0.0,0.05,0.0,0.05,60.0,15.0,6.3,4.0,T,0.02380952380952381
GRID,DS,2008.0,Racing,Codemasters,0.04,0.0,0.0,0.0,0.05,79.0,19.0,8.1,15.0,E,0.02380952380952381
Grand Ages: Medieval,PC,2015.0,Strategy,Kalypso Media,0.0,0.05,0.0,0.0,0.05,63.0,11.0,5.4,52.0,T,0.02380952380952381
Ivy the Kiwi?,DS,2010.0,Puzzle,Rising Star Games,0.04,0.0,0.0,0.0,0.05,69.0,20.0,6.3,4.0,E,0.02380952380952381
Hail to the Chimp,PS3,2008.0,Misc,Gamecock,0.05,0.0,0.0,0.0,0.05,51.0,19.0,4.5,4.0,T,0.02380952380952381
Alias,X,2004.0,Action,Acclaim Entertainment,0.04,0.01,0.0,0.0,0.05,64.0,37.0,6.0,4.0,T,0.02380952380952381
OutRun 2006: Coast 2 Coast,PS2,2006.0,Racing,Sega,0.02,0.01,0.01,0.0,0.05,81.0,42.0,8.8,17.0,E,0.02380952380952381
Arx Fatalis,X,2003.0,Role-Playing,Mindscape,0.04,0.01,0.0,0.0,0.05,71.0,31.0,8.2,6.0,M,0.02380952380952381
Beyblade Evolution,3DS,2013.0,Action,Rising Star Games,0.03,0.02,0.0,0.0,0.05,49.0,7.0,6.3,4.0,E,0.02380952380952381
Zumba Fitness Core,X360,2012.0,Misc,505 Games,0.0,0.05,0.0,0.0,0.05,77.0,6.0,6.7,6.0,E10+,0.02380952380952381
Guilty Gear Dust Strikers,DS,2006.0,Fighting,Majesco Entertainment,0.05,0.0,0.0,0.0,0.05,60.0,25.0,5.8,9.0,T,0.02380952380952381
Dark Summit,GC,2002.0,Sports,THQ,0.04,0.01,0.0,0.0,0.05,68.0,16.0,4.5,4.0,T,0.02380952380952381
Star Wars: Republic Commando,PC,2005.0,Shooter,LucasArts,0.0,0.04,0.0,0.01,0.05,78.0,34.0,8.7,279.0,T,0.02380952380952381
The Lost Vikings,GBA,2003.0,Puzzle,Activision,0.04,0.01,0.0,0.0,0.05,75.0,16.0,9.1,15.0,E,0.02380952380952381
Plants vs. Zombies,PC,2009.0,Strategy,PopCap Games,0.0,0.04,0.0,0.01,0.05,87.0,41.0,8.9,897.0,E10+,0.02380952380952381
Plants vs. Zombies: Garden Warfare 2,PC,2016.0,Shooter,Electronic Arts,0.0,0.04,0.0,0.0,0.05,82.0,6.0,7.5,45.0,E10+,0.02380952380952381
PQ2: Practical Intelligence Quotient,PSP,2006.0,Puzzle,D3Publisher,0.04,0.0,0.0,0.0,0.05,74.0,19.0,7.8,6.0,E,0.02380952380952381
Secret Files: Tunguska,DS,2008.0,Adventure,Deep Silver,0.04,0.01,0.0,0.0,0.05,71.0,6.0,7.6,5.0,T,0.02380952380952381
Stretch Panic,PS2,2001.0,Platform,Midas Interactive Entertainment,0.02,0.02,0.0,0.01,0.05,65.0,14.0,7.8,4.0,T,0.02380952380952381
DiRT 2,PC,2009.0,Racing,Codemasters,0.0,0.04,0.0,0.01,0.05,89.0,22.0,8.2,355.0,T,0.02380952380952381
Saints Row: Gat out of Hell,PS4,2015.0,Action,Deep Silver,0.0,0.04,0.0,0.01,0.05,64.0,45.0,5.7,101.0,M,0.02380952380952381
Payday 2,PC,2013.0,Shooter,505 Games,0.04,0.0,0.0,0.01,0.05,79.0,51.0,3.5,3571.0,M,0.02380952380952381
Woody Woodpecker: Escape from Buzz Buzzard Park,PS2,2001.0,Platform,DreamCatcher Interactive,0.02,0.02,0.0,0.01,0.05,64.0,5.0,7.4,5.0,E,0.02380952380952381
Furu Furu Park,Wii,2007.0,Misc,Taito,0.05,0.0,0.0,0.0,0.05,43.0,16.0,4.8,5.0,E10+,0.02380952380952381
Whirl Tour,GC,2002.0,Sports,Vivendi Games,0.04,0.01,0.0,0.0,0.05,61.0,10.0,9.0,4.0,E,0.02380952380952381
LEGO Friends,3DS,2013.0,Action,Warner Bros. Interactive Entertainment,0.0,0.05,0.0,0.0,0.05,43.0,4.0,8.3,4.0,E,0.02380952380952381
Child of Light,PS4,2014.0,Role-Playing,Ubisoft,0.0,0.01,0.04,0.0,0.05,82.0,46.0,8.0,455.0,E10+,0.02380952380952381
Stunt GP,PS2,2001.0,Racing,Titus,0.02,0.02,0.0,0.01,0.05,49.0,8.0,8.1,9.0,E,0.02380952380952381
Singularity,PC,2010.0,Shooter,Mastertronic,0.0,0.04,0.0,0.01,0.05,76.0,36.0,7.8,327.0,M,0.02380952380952381
Ms Saga: A New Dawn,PS2,2005.0,Role-Playing,Namco Bandai Games,0.02,0.02,0.0,0.01,0.05,65.0,27.0,8.6,15.0,E10+,0.02380952380952381
GrimGrimoire,PS2,2007.0,Strategy,Tecmo Koei,0.01,0.01,0.03,0.0,0.05,79.0,39.0,7.9,17.0,E10+,0.02380952380952381
"Warhammer 40,000: Dawn of War",PC,2004.0,Strategy,THQ,0.01,0.03,0.0,0.01,0.05,86.0,51.0,8.8,300.0,M,0.02380952380952381
Freelancer,PC,2003.0,Simulation,Microsoft Game Studios,0.02,0.02,0.0,0.01,0.05,85.0,39.0,9.0,186.0,T,0.02380952380952381
Deadliest Catch: Alaskan Storm,X360,2008.0,Sports,Navarre Corp,0.04,0.0,0.0,0.0,0.05,56.0,14.0,5.9,15.0,T,0.02380952380952381
Crime Life: Gang Wars,X,2005.0,Action,Konami Digital Entertainment,0.04,0.01,0.0,0.0,0.05,30.0,19.0,3.4,9.0,M,0.02380952380952381
Rugby 2005,X,2005.0,Sports,Electronic Arts,0.04,0.01,0.0,0.0,0.05,75.0,20.0,7.7,11.0,E,0.02380952380952381
Rock N Roll Racing,GBA,2003.0,Racing,Activision,0.03,0.01,0.0,0.0,0.05,80.0,12.0,8.1,7.0,E,0.02380952380952381
LEGO Indiana Jones 2: The Adventure Continues,PC,2009.0,Action,Activision,0.02,0.03,0.0,0.01,0.05,66.0,13.0,8.0,19.0,E10+,0.02380952380952381
Silhouette Mirage,PS,1998.0,Platform,ESP,0.03,0.02,0.0,0.0,0.05,69.0,8.0,7.5,4.0,E,0.02380952380952381
Dynasty Warriors Vol. 2,PSP,2006.0,Action,Tecmo Koei,0.04,0.0,0.0,0.0,0.05,57.0,28.0,8.1,8.0,T,0.02380952380952381
Need for Speed Carbon,PC,2006.0,Racing,Electronic Arts,0.0,0.04,0.0,0.01,0.05,78.0,17.0,7.2,250.0,E10+,0.02380952380952381
Rugby 06,PS2,2006.0,Sports,Electronic Arts,0.02,0.02,0.0,0.01,0.05,70.0,6.0,7.8,27.0,E,0.02380952380952381
Fatal Frame II: Crimson Butterfly Directors Cut,X,2004.0,Action,Microsoft Game Studios,0.04,0.01,0.0,0.0,0.05,84.0,37.0,8.3,16.0,M,0.02380952380952381
The Lord of the Rings: The Battle for Middle-Earth II,X360,2006.0,Strategy,Electronic Arts,0.0,0.04,0.0,0.0,0.05,79.0,50.0,7.5,83.0,T,0.02380952380952381
2002 FIFA World Cup,GC,2002.0,Sports,Electronic Arts,0.04,0.01,0.0,0.0,0.05,78.0,9.0,7.7,6.0,E,0.02380952380952381
Colin McRae Rally 2005,X,2004.0,Racing,Codemasters,0.04,0.01,0.0,0.0,0.05,83.0,35.0,7.5,6.0,E,0.02380952380952381
Saiyuki: Journey West,PS,1999.0,Strategy,Tecmo Koei,0.03,0.02,0.0,0.0,0.05,73.0,9.0,7.1,9.0,E,0.02380952380952381
Brothers: A Tale of Two Sons,XOne,2015.0,Adventure,505 Games,0.04,0.01,0.0,0.0,0.05,81.0,6.0,8.9,27.0,T,0.02380952380952381
Empire Earth,PC,2001.0,Strategy,Vivendi Games,0.0,0.04,0.0,0.01,0.05,81.0,23.0,8.2,127.0,T,0.02380952380952381
Nobunagas Ambition: Sphere of Influence,PS4,2014.0,Strategy,Tecmo Koei,0.04,0.0,0.0,0.01,0.05,80.0,20.0,8.1,47.0,T,0.02380952380952381
Summoner: A Goddess Reborn,GC,2003.0,Role-Playing,THQ,0.04,0.01,0.0,0.0,0.05,72.0,19.0,7.3,4.0,T,0.02380952380952381
DuckTales: Remastered,PS3,2013.0,Action,Capcom,0.01,0.03,0.0,0.01,0.05,75.0,31.0,7.4,137.0,E,0.02380952380952381
Worms Reloaded,PC,2010.0,Strategy,Team17 Software,0.0,0.04,0.0,0.01,0.05,79.0,28.0,6.8,185.0,E10+,0.02380952380952381
StarCraft,PC,1998.0,Strategy,Activision,0.0,0.04,0.0,0.01,0.05,88.0,15.0,9.2,820.0,T,0.02380952380952381
Rodea the Sky Soldier,3DS,2015.0,Action,Nippon Ichi Software,0.04,0.0,0.0,0.0,0.05,45.0,7.0,5.6,37.0,E10+,0.02380952380952381
Need for Speed Underground,PC,2003.0,Racing,Electronic Arts,0.0,0.04,0.0,0.01,0.05,82.0,24.0,8.3,311.0,E,0.02380952380952381
World Championship Pool 2004,PS2,2004.0,Sports,Jaleco,0.02,0.02,0.0,0.01,0.05,60.0,4.0,6.7,6.0,E,0.02380952380952381
Kakuto Chojin,X,2002.0,Fighting,Microsoft Game Studios,0.04,0.01,0.0,0.0,0.05,46.0,26.0,7.2,17.0,T,0.02380952380952381
B-Boy,PSP,2006.0,Misc,Sony Computer Entertainment,0.04,0.0,0.0,0.0,0.05,50.0,11.0,7.8,6.0,T,0.02380952380952381
Virtua Tennis 3,PSP,2007.0,Sports,Sega,0.02,0.02,0.0,0.01,0.05,79.0,17.0,7.7,13.0,E,0.02380952380952381
Far Cry,PC,2004.0,Shooter,Ubisoft,0.0,0.04,0.0,0.01,0.05,89.0,72.0,8.0,735.0,M,0.02380952380952381
Snoopy vs the Red Baron,PSP,2006.0,Adventure,Namco Bandai Games,0.04,0.0,0.0,0.0,0.05,76.0,7.0,7.8,4.0,E10+,0.02380952380952381
Moon,DS,2009.0,Adventure,Mastiff,0.04,0.0,0.0,0.0,0.05,71.0,45.0,7.4,21.0,T,0.02380952380952381
Clockwork Empires,PC,2014.0,Strategy,Gaslamp Games,0.0,0.04,0.0,0.0,0.05,58.0,8.0,3.8,5.0,RP,0.02380952380952381
Razes Hell,X,2005.0,Shooter,Majesco Entertainment,0.04,0.01,0.0,0.0,0.05,71.0,37.0,8.1,8.0,M,0.02380952380952381
Ship Simulator Extremes,PC,2010.0,Simulation,Paradox Interactive,0.0,0.04,0.0,0.01,0.05,49.0,5.0,6.2,27.0,E,0.02380952380952381
Hoshigami: Ruining Blue Earth,PS,2001.0,Role-Playing,Max Five,0.03,0.02,0.0,0.0,0.05,62.0,9.0,8.7,26.0,E,0.02380952380952381
NightCaster II: Equinox,X,2002.0,Action,Jaleco,0.03,0.01,0.0,0.0,0.05,46.0,12.0,7.0,4.0,T,0.02380952380952381
Time Crisis: Project Titan,PS,2001.0,Shooter,Namco Bandai Games,0.03,0.02,0.0,0.0,0.05,71.0,13.0,6.7,6.0,T,0.02380952380952381
The Sims,PC,2000.0,Simulation,Electronic Arts,0.01,0.03,0.0,0.01,0.05,92.0,38.0,7.9,458.0,T,0.02380952380952381
Ys: The Ark of Napishtim,PSP,2006.0,Role-Playing,Konami Digital Entertainment,0.04,0.0,0.0,0.0,0.05,64.0,29.0,7.3,13.0,E10+,0.02380952380952381
FIFA Soccer 10,PC,2009.0,Sports,Electronic Arts,0.0,0.04,0.0,0.01,0.05,72.0,14.0,3.8,59.0,E,0.02380952380952381
Tom Clancys Rainbow Six: Lockdown,GC,2005.0,Shooter,Ubisoft,0.04,0.01,0.0,0.0,0.05,72.0,8.0,7.8,5.0,M,0.02380952380952381
FIFA Manager 12,PC,2011.0,Sports,Electronic Arts,0.0,0.03,0.0,0.01,0.05,72.0,11.0,3.9,24.0,E,0.02380952380952381
Gitaroo Man,PS2,2001.0,Misc,THQ,0.02,0.02,0.0,0.01,0.05,82.0,21.0,8.7,25.0,E,0.02380952380952381
Age of Mythology: The Titans,PC,2003.0,Strategy,Microsoft Game Studios,0.02,0.02,0.0,0.01,0.05,84.0,25.0,8.7,122.0,T,0.02380952380952381
Dead Rising 2,PS4,2016.0,Action,Capcom,0.02,0.0,0.02,0.01,0.05,82.0,4.0,6.6,9.0,M,0.02380952380952381
Code Lyoko,DS,2007.0,Action,Game Factory,0.03,0.01,0.0,0.0,0.05,63.0,11.0,6.8,13.0,E10+,0.02380952380952381
Cabelas Trophy Bucks,X360,2007.0,Sports,Activision Value,0.04,0.0,0.0,0.0,0.05,39.0,4.0,3.0,4.0,T,0.02380952380952381
Yaiba: Ninja Gaiden Z,X360,2014.0,Action,Tecmo Koei,0.03,0.01,0.0,0.0,0.05,50.0,20.0,5.3,43.0,M,0.02380952380952381
Rock of the Dead,X360,2010.0,Shooter,Conspiracy Entertainment,0.04,0.0,0.0,0.0,0.05,48.0,7.0,4.8,4.0,T,0.02380952380952381
Pool Party,Wii,2007.0,Sports,SouthPeak Games,0.04,0.0,0.0,0.0,0.05,32.0,13.0,0.7,6.0,E,0.02380952380952381
Company of Heroes,PC,2006.0,Strategy,THQ,0.0,0.04,0.0,0.01,0.05,93.0,55.0,8.8,1136.0,M,0.02380952380952381
Rapala Fishing Frenzy 2009,X360,2008.0,Sports,Activision,0.04,0.0,0.0,0.0,0.05,41.0,5.0,7.2,6.0,E,0.02380952380952381
Wonder World Amusement Park,Wii,2008.0,Misc,Majesco Entertainment,0.04,0.0,0.0,0.0,0.05,37.0,9.0,4.5,4.0,E,0.02380952380952381
Silent Hunter: Wolves of the Pacific,PC,2007.0,Simulation,Ubisoft,0.0,0.04,0.0,0.01,0.05,79.0,22.0,7.0,41.0,T,0.02380952380952381
Wing Island,Wii,2006.0,Simulation,Konami Digital Entertainment,0.03,0.01,0.01,0.0,0.05,47.0,32.0,4.9,8.0,E,0.02380952380952381
Wrath Unleashed,X,2004.0,Strategy,LucasArts,0.03,0.01,0.0,0.0,0.05,69.0,32.0,7.0,4.0,T,0.02380952380952381
March of the Penguins,DS,2006.0,Adventure,Zoo Digital Publishing,0.04,0.0,0.0,0.0,0.05,34.0,8.0,1.7,6.0,E,0.02380952380952381
Double Dragon Advance,GBA,2003.0,Action,Atlus,0.03,0.01,0.0,0.0,0.05,75.0,21.0,8.4,5.0,T,0.02380952380952381
Bubble Bobble Revolution,DS,2005.0,Puzzle,Atari,0.04,0.0,0.0,0.0,0.05,38.0,19.0,6.2,6.0,E,0.02380952380952381
The Bible Game,X,2005.0,Misc,Crave Entertainment,0.03,0.01,0.0,0.0,0.05,60.0,6.0,2.7,13.0,E,0.02380952380952381
Supreme Commander,PC,2007.0,Strategy,THQ,0.0,0.04,0.0,0.01,0.05,86.0,44.0,8.3,263.0,E10+,0.02380952380952381
Wolfenstein,PC,2009.0,Shooter,Activision,0.01,0.03,0.0,0.01,0.05,74.0,41.0,7.2,266.0,M,0.02380952380952381
Yager,X,2003.0,Shooter,THQ,0.03,0.01,0.0,0.0,0.05,70.0,19.0,9.3,9.0,T,0.02380952380952381
Futurama,X,2003.0,Platform,SCi,0.03,0.01,0.0,0.0,0.05,58.0,21.0,6.9,14.0,T,0.02380952380952381
Pool Hall Pro,Wii,2009.0,Sports,Playlogic Game Factory,0.04,0.0,0.0,0.0,0.05,62.0,5.0,5.3,4.0,E,0.02380952380952381
Microsoft Train Simulator,PC,2001.0,Simulation,Microsoft Game Studios,0.0,0.04,0.0,0.01,0.05,84.0,16.0,8.4,21.0,E,0.02380952380952381
Pony Friends,DS,2007.0,Simulation,Eidos Interactive,0.0,0.04,0.0,0.01,0.05,67.0,8.0,6.6,12.0,E,0.02380952380952381
Mark McMorris Infinite Air,PS4,2016.0,Sports,FuRyu Corporation,0.04,0.0,0.0,0.01,0.05,50.0,16.0,7.2,43.0,T,0.02380952380952381
Assassins Creed: Altairs Chronicles,DS,2008.0,Platform,Ubisoft,0.03,0.01,0.0,0.0,0.05,58.0,30.0,6.2,31.0,T,0.02380952380952381
Bad Boys: Miami Takedown,GC,2004.0,Shooter,Empire Interactive,0.03,0.01,0.0,0.0,0.05,35.0,11.0,2.0,9.0,M,0.02380952380952381
Fantastic Four: Rise of the Silver Surfer,Wii,2007.0,Action,Take-Two Interactive,0.04,0.01,0.0,0.0,0.05,39.0,16.0,5.9,15.0,T,0.02380952380952381
Blood Bowl,PC,2009.0,Sports,Focus Home Interactive,0.02,0.02,0.0,0.01,0.04,72.0,34.0,6.5,57.0,T,0.017857142857142856
S\xc3\xa9bastien Loeb Rally Evo,PS4,2016.0,Racing,Milestone S.r.l,0.0,0.04,0.0,0.01,0.04,71.0,28.0,8.1,73.0,E,0.017857142857142856
Art of Fighting Anthology,PS2,2006.0,Fighting,Crave Entertainment,0.02,0.02,0.0,0.01,0.04,60.0,19.0,7.0,4.0,T,0.017857142857142856
Lux-Pain,DS,2008.0,Adventure,Rising Star Games,0.04,0.0,0.0,0.0,0.04,48.0,33.0,6.2,18.0,T,0.017857142857142856
Enemy Front,X360,2014.0,Shooter,Namco Bandai Games,0.02,0.03,0.0,0.0,0.04,35.0,8.0,5.8,78.0,M,0.017857142857142856
Guilty Gear XX Accent Core,PS2,2007.0,Fighting,Unknown,0.0,0.0,0.04,0.0,0.04,77.0,9.0,8.3,16.0,T,0.017857142857142856
Mafia,PC,2002.0,Action,Take-Two Interactive,0.0,0.04,0.0,0.01,0.04,88.0,27.0,9.1,874.0,M,0.017857142857142856
Life is Strange,PC,2016.0,Adventure,Square Enix,0.01,0.04,0.0,0.0,0.04,83.0,15.0,8.6,1659.0,M,0.017857142857142856
Disney's Donald Duck: Goin Quackers,GC,2002.0,Platform,Ubisoft,0.03,0.01,0.0,0.0,0.04,61.0,7.0,3.0,4.0,E,0.017857142857142856
Song of the Deep,PC,2016.0,Action,Insomniac Games,0.04,0.0,0.0,0.0,0.04,73.0,12.0,6.5,16.0,E,0.017857142857142856
Fantastic Four: Rise of the Silver Surfer,DS,2007.0,Action,Take-Two Interactive,0.04,0.0,0.0,0.0,0.04,35.0,8.0,4.8,13.0,E10+,0.017857142857142856
Operation Flashpoint: Elite,X,2005.0,Shooter,Codemasters,0.03,0.01,0.0,0.0,0.04,64.0,24.0,8.3,27.0,T,0.017857142857142856
Virtua Tennis 3,X360,2007.0,Sports,Sega,0.03,0.01,0.0,0.0,0.04,80.0,34.0,6.8,26.0,E,0.017857142857142856
Tropico 3,PC,2009.0,Strategy,Kalypso Media,0.0,0.04,0.0,0.01,0.04,79.0,48.0,8.2,186.0,T,0.017857142857142856
Front Mission,DS,2007.0,Strategy,Square Enix,0.01,0.0,0.03,0.0,0.04,72.0,19.0,8.9,9.0,E10+,0.017857142857142856
Boktai 2: Solar Boy Django,GBA,2004.0,Role-Playing,Konami Digital Entertainment,0.03,0.01,0.0,0.0,0.04,78.0,20.0,8.5,11.0,T,0.017857142857142856
Valentino Rossi: The Game,XOne,2016.0,Racing,Namco Bandai Games,0.02,0.02,0.0,0.0,0.04,74.0,5.0,8.1,7.0,E,0.017857142857142856
Stranger of Sword City,PSV,2015.0,Role-Playing,Nippon Ichi Software,0.03,0.01,0.0,0.01,0.04,71.0,24.0,8.0,31.0,T,0.017857142857142856
Pro Evolution Soccer 2016,PC,2015.0,Sports,Konami Digital Entertainment,0.0,0.04,0.0,0.0,0.04,76.0,12.0,4.3,287.0,E,0.017857142857142856
The Dark Spire,DS,2008.0,Role-Playing,Success,0.04,0.0,0.0,0.0,0.04,69.0,23.0,7.7,21.0,E10+,0.017857142857142856
Runaway: A Twist of Fate,PC,2009.0,Adventure,Focus Home Interactive,0.0,0.04,0.0,0.01,0.04,79.0,15.0,8.2,40.0,T,0.017857142857142856
Nitroplus Blasterz: Heroines Infinite Duel,PS4,2015.0,Fighting,Marvelous Interactive,0.01,0.0,0.02,0.0,0.04,70.0,33.0,6.9,28.0,T,0.017857142857142856
FlatOut 2,X,2006.0,Racing,Empire Interactive,0.03,0.01,0.0,0.0,0.04,73.0,38.0,7.3,8.0,T,0.017857142857142856
Rogue Trooper,PS2,2006.0,Shooter,Eidos Interactive,0.02,0.02,0.0,0.01,0.04,71.0,37.0,8.2,9.0,T,0.017857142857142856
Backyard Baseball 09,Wii,2008.0,Sports,Atari,0.04,0.0,0.0,0.0,0.04,37.0,4.0,7.8,5.0,E,0.017857142857142856
Tom Clancys HAWX,PC,2009.0,Action,Ubisoft,0.0,0.03,0.0,0.01,0.04,70.0,23.0,7.3,125.0,T,0.017857142857142856
Dai Senryaku VII: Modern Military Tactics,X,2003.0,Strategy,Kool Kizz,0.03,0.01,0.0,0.0,0.04,74.0,11.0,8.8,6.0,E,0.017857142857142856
Castle of Shikigami III,Wii,2007.0,Shooter,PQube,0.04,0.0,0.0,0.0,0.04,67.0,9.0,7.6,9.0,T,0.017857142857142856
Smash Court Tennis 3,PSP,2007.0,Sports,Namco Bandai Games,0.01,0.01,0.01,0.01,0.04,68.0,30.0,6.3,4.0,E,0.017857142857142856
FIFA Street 2,DS,2006.0,Sports,Electronic Arts,0.04,0.0,0.0,0.0,0.04,43.0,5.0,7.5,4.0,E,0.017857142857142856
City Life: World Edition,PC,2007.0,Simulation,Monte Christo Multimedia,0.0,0.04,0.0,0.0,0.04,75.0,7.0,8.2,9.0,E,0.017857142857142856
Corpse Party: Book of Shadows,PSP,2011.0,Adventure,5p,0.0,0.0,0.04,0.0,0.04,67.0,23.0,8.2,50.0,M,0.017857142857142856
WarTech: Senko no Ronde,X360,2006.0,Fighting,Ubisoft,0.04,0.0,0.0,0.0,0.04,60.0,33.0,6.1,7.0,T,0.017857142857142856
IL-2 Sturmovik: 1946,PC,2006.0,Simulation,Ubisoft,0.0,0.04,0.0,0.01,0.04,86.0,9.0,8.8,115.0,T,0.017857142857142856
Praetorians,PC,2003.0,Strategy,Eidos Interactive,0.0,0.04,0.0,0.0,0.04,78.0,23.0,8.2,38.0,T,0.017857142857142856
Red Ninja: End of Honor,PS2,2005.0,Action,Vivendi Games,0.02,0.02,0.0,0.01,0.04,47.0,17.0,5.0,7.0,M,0.017857142857142856
Outlaw Tennis,X,2005.0,Sports,Global Star,0.03,0.01,0.0,0.0,0.04,66.0,45.0,7.7,6.0,M,0.017857142857142856
SPRay,Wii,2008.0,Action,Tecmo Koei,0.04,0.0,0.0,0.0,0.04,42.0,16.0,4.5,6.0,E10+,0.017857142857142856
Exist Archive: The Other Side of the Sky,PS4,2015.0,Role-Playing,Aksys Games,0.01,0.0,0.03,0.0,0.04,69.0,13.0,8.0,21.0,T,0.017857142857142856
Attack of the Movies 3D,X360,2010.0,Shooter,Majesco Entertainment,0.04,0.0,0.0,0.0,0.04,38.0,8.0,1.7,10.0,T,0.017857142857142856
Legend of Kay Anniversary,PS4,2015.0,Action,Nordic Games,0.0,0.04,0.0,0.01,0.04,62.0,22.0,6.4,11.0,E10+,0.017857142857142856
Secret Files: Tunguska,PC,2006.0,Adventure,DreamCatcher Interactive,0.0,0.04,0.0,0.0,0.04,66.0,26.0,7.3,39.0,T,0.017857142857142856
Dance Dance Revolution Disney Mix,PS,2000.0,Simulation,Konami Digital Entertainment,0.02,0.02,0.0,0.0,0.04,74.0,7.0,8.3,13.0,E,0.017857142857142856
NASCAR 07,X,2006.0,Racing,Electronic Arts,0.03,0.01,0.0,0.0,0.04,72.0,26.0,7.0,4.0,E,0.017857142857142856
Resident Evil 6,PC,2012.0,Shooter,Capcom,0.0,0.04,0.0,0.0,0.04,69.0,18.0,5.9,877.0,M,0.017857142857142856
Thrillville: Off the Rails,DS,2007.0,Strategy,LucasArts,0.03,0.01,0.0,0.0,0.04,59.0,6.0,6.2,5.0,E,0.017857142857142856
Bloody Roar Extreme,X,2003.0,Fighting,Hudson Soft,0.03,0.01,0.0,0.0,0.04,61.0,22.0,8.6,9.0,T,0.017857142857142856
Split/Second,PC,2010.0,Racing,Disney Interactive Studios,0.0,0.04,0.0,0.01,0.04,79.0,18.0,8.2,116.0,E10+,0.017857142857142856
Dead Head Fred,PSP,2007.0,Action,D3Publisher,0.04,0.0,0.0,0.0,0.04,75.0,30.0,7.3,23.0,M,0.017857142857142856
Ride to Hell,PS3,2013.0,Racing,Deep Silver,0.02,0.01,0.0,0.01,0.04,13.0,4.0,1.0,219.0,M,0.017857142857142856
Need for Speed: ProStreet,PC,2007.0,Racing,Electronic Arts,0.0,0.04,0.0,0.01,0.04,70.0,18.0,6.0,165.0,E10+,0.017857142857142856
Digimon Rumble Arena 2,GC,2004.0,Fighting,Atari,0.03,0.01,0.0,0.0,0.04,71.0,5.0,8.1,7.0,T,0.017857142857142856
Gravity Falls: Legend of the Gnome Gemulets,3DS,2015.0,Action,Ubisoft,0.03,0.0,0.0,0.0,0.04,46.0,4.0,5.8,10.0,E,0.017857142857142856
Rugby Challenge 3,PS4,2016.0,Sports,Alternative Software,0.0,0.04,0.0,0.01,0.04,64.0,4.0,6.8,12.0,E,0.017857142857142856
Hellboy: The Science of Evil,PSP,2008.0,Action,Konami Digital Entertainment,0.04,0.0,0.0,0.0,0.04,42.0,14.0,7.1,13.0,T,0.017857142857142856
The Sims Deluxe,PC,2002.0,Simulation,Electronic Arts,0.01,0.02,0.0,0.01,0.04,92.0,6.0,8.2,77.0,T,0.017857142857142856
WTF: Work Time Fun,PSP,2005.0,Puzzle,Sony Computer Entertainment,0.04,0.0,0.0,0.0,0.04,63.0,23.0,7.5,8.0,T,0.017857142857142856
LEGO Indiana Jones: The Original Adventures,PC,2008.0,Action,LucasArts,0.02,0.02,0.0,0.0,0.04,78.0,14.0,7.7,35.0,E10+,0.017857142857142856
The Sims 2: Pets,PC,2006.0,Simulation,Electronic Arts,0.01,0.02,0.0,0.01,0.04,76.0,23.0,7.7,40.0,T,0.017857142857142856
Deadliest Warrior: Ancient Combat,X360,2012.0,Fighting,Cloud Imperium Games Corporation,0.04,0.0,0.0,0.0,0.04,37.0,5.0,6.3,4.0,M,0.017857142857142856
The Kore Gang,Wii,2010.0,Platform,Flashpoint Games,0.04,0.0,0.0,0.0,0.04,70.0,10.0,8.6,7.0,E10+,0.017857142857142856
Resident Evil: Revelations,PC,2013.0,Action,Capcom,0.0,0.04,0.0,0.0,0.04,77.0,12.0,7.0,348.0,M,0.017857142857142856
Port Royale 2,PC,2004.0,Strategy,Ascaron Entertainment GmbH,0.0,0.03,0.0,0.01,0.04,75.0,20.0,7.7,42.0,T,0.017857142857142856
Worms: WMD,PS4,2016.0,Action,Sold Out,0.01,0.02,0.0,0.01,0.04,78.0,23.0,7.6,19.0,E10+,0.017857142857142856
Company of Heroes: Tales of Valor,PC,2009.0,Strategy,THQ,0.0,0.03,0.0,0.01,0.04,70.0,42.0,7.2,204.0,M,0.017857142857142856
Prison Architect,PS4,2016.0,Action,Introversion Software,0.02,0.01,0.0,0.01,0.04,80.0,18.0,8.0,19.0,M,0.017857142857142856
Star Trek: Shattered Universe,X,2004.0,Simulation,Global Star,0.03,0.01,0.0,0.0,0.04,41.0,21.0,4.0,10.0,E,0.017857142857142856
Mighty No. 9,WiiU,2016.0,Platform,Deep Silver,0.03,0.01,0.0,0.0,0.04,48.0,9.0,4.6,81.0,E10+,0.017857142857142856
Guilty Gear XX Accent Core,Wii,2007.0,Fighting,505 Games,0.03,0.0,0.0,0.0,0.04,75.0,15.0,8.4,19.0,T,0.017857142857142856
Devil May Cry 4,PC,2008.0,Action,Capcom,0.01,0.02,0.0,0.01,0.04,78.0,21.0,8.5,355.0,M,0.017857142857142856
WarJetz,PS2,2001.0,Shooter,3DO,0.02,0.02,0.0,0.01,0.04,59.0,9.0,5.5,4.0,T,0.017857142857142856
Barnyard,Wii,2006.0,Action,THQ,0.04,0.0,0.0,0.0,0.04,65.0,15.0,5.7,7.0,E10+,0.017857142857142856
Heroes of Might and Magic V,PC,2006.0,Strategy,Ubisoft,0.0,0.03,0.0,0.01,0.04,77.0,41.0,8.0,353.0,T,0.017857142857142856
Test Drive: Ferrari Legends,PS3,2012.0,Racing,Unknown,0.04,0.0,0.0,0.01,0.04,62.0,19.0,4.8,23.0,E,0.017857142857142856
Metal Gear Solid: Digital Graphic Novel,PSP,2006.0,Misc,Konami Digital Entertainment,0.02,0.0,0.02,0.0,0.04,78.0,22.0,7.2,21.0,M,0.017857142857142856
Aeon Flux,PS2,2005.0,Action,THQ,0.02,0.02,0.0,0.01,0.04,66.0,19.0,5.8,9.0,T,0.017857142857142856
GRID,PC,2008.0,Racing,Codemasters,0.0,0.03,0.0,0.01,0.04,87.0,25.0,7.8,465.0,E,0.017857142857142856
Shattered Union,X,2005.0,Strategy,Take-Two Interactive,0.03,0.01,0.0,0.0,0.04,66.0,17.0,6.9,7.0,T,0.017857142857142856
Virtua Tennis 4,PC,2011.0,Sports,Sega,0.0,0.03,0.0,0.01,0.04,66.0,5.0,7.3,43.0,E,0.017857142857142856
Terraria,XOne,2014.0,Action,505 Games,0.0,0.04,0.0,0.0,0.04,84.0,5.0,7.7,30.0,T,0.017857142857142856
Company of Heroes: Opposing Fronts,PC,2007.0,Strategy,THQ,0.01,0.03,0.0,0.01,0.04,87.0,36.0,8.6,236.0,M,0.017857142857142856
Unchained Blades ,3DS,2011.0,Role-Playing,FuRyu,0.0,0.0,0.04,0.0,0.04,65.0,8.0,7.8,16.0,T,0.017857142857142856
NHL Hitz Pro,GC,2003.0,Sports,Midway Games,0.03,0.01,0.0,0.0,0.04,81.0,15.0,7.8,5.0,E,0.017857142857142856
Superman: Countdown to Apokolips,GBA,2003.0,Platform,Atari,0.03,0.01,0.0,0.0,0.04,47.0,5.0,5.7,6.0,E,0.017857142857142856
Worms 4: Mayhem,X,2005.0,Strategy,Codemasters,0.03,0.01,0.0,0.0,0.04,69.0,27.0,9.2,6.0,T,0.017857142857142856
Rise of Nations,PC,2003.0,Strategy,Microsoft Game Studios,0.01,0.02,0.0,0.01,0.04,89.0,30.0,9.0,277.0,T,0.017857142857142856
Men of War: Vietnam,PC,2011.0,Strategy,Unknown,0.0,0.03,0.0,0.01,0.04,68.0,19.0,5.0,36.0,T,0.017857142857142856
Imperial Glory,PC,2005.0,Strategy,Eidos Interactive,0.0,0.04,0.0,0.0,0.04,69.0,28.0,8.4,73.0,T,0.017857142857142856
Prototype: Biohazard Bundle,PS4,2016.0,Action,Activision,0.03,0.0,0.0,0.01,0.04,48.0,4.0,2.0,53.0,M,0.017857142857142856
Antz Extreme Racing,PS2,2002.0,Racing,Empire Interactive,0.02,0.02,0.0,0.01,0.04,31.0,5.0,5.0,8.0,E,0.017857142857142856
Samurai Warriors 2: Empires,X360,2007.0,Action,Tecmo Koei,0.03,0.0,0.01,0.0,0.04,53.0,29.0,8.6,14.0,T,0.017857142857142856
Metal Slug XX,PSP,2009.0,Shooter,DHM Interactive,0.03,0.0,0.0,0.0,0.04,67.0,22.0,6.1,9.0,T,0.017857142857142856
Patrician IV,PC,2010.0,Strategy,Kalypso Media,0.03,0.0,0.0,0.0,0.04,66.0,18.0,6.5,35.0,E,0.017857142857142856
Fishermans Challenge,PS2,2003.0,Sports,Konami Digital Entertainment,0.02,0.02,0.0,0.01,0.04,67.0,7.0,7.5,4.0,E,0.017857142857142856
Ray Gigant,PSV,2015.0,Role-Playing,Namco Bandai Games,0.0,0.0,0.04,0.0,0.04,72.0,14.0,8.1,25.0,T,0.017857142857142856
Section 8,PC,2009.0,Shooter,SouthPeak Games,0.02,0.01,0.0,0.01,0.04,72.0,31.0,7.0,78.0,T,0.017857142857142856
The Da Vinci Code,X,2006.0,Action,Take-Two Interactive,0.03,0.01,0.0,0.0,0.04,52.0,34.0,2.8,5.0,T,0.017857142857142856
Pure Pinball,X,2004.0,Misc,XS Games,0.03,0.01,0.0,0.0,0.04,68.0,11.0,8.5,6.0,E,0.017857142857142856
Headhunter: Redemption,PS2,2004.0,Action,Sega,0.02,0.01,0.0,0.0,0.04,62.0,29.0,6.7,7.0,M,0.017857142857142856
Grand Theft Auto: Vice City,PC,2003.0,Action,Take-Two Interactive,0.0,0.03,0.0,0.01,0.04,94.0,30.0,8.8,1538.0,M,0.017857142857142856
Empire Earth III,PC,2007.0,Strategy,Vivendi Games,0.0,0.03,0.0,0.01,0.04,50.0,40.0,2.8,53.0,T,0.017857142857142856
Surfs Up,PS3,2007.0,Sports,Ubisoft,0.03,0.0,0.0,0.0,0.04,59.0,8.0,5.1,7.0,E10+,0.017857142857142856
SWAT: Target Liberty,PSP,2007.0,Shooter,Vivendi Games,0.03,0.0,0.0,0.0,0.04,50.0,26.0,7.7,9.0,T,0.017857142857142856
Twin Strike: Operation Thunder,Wii,2008.0,Shooter,Zoo Games,0.04,0.0,0.0,0.0,0.04,50.0,7.0,8.3,6.0,E10+,0.017857142857142856
CSI: Fatal Conspiracy,PC,2010.0,Adventure,Ubisoft,0.0,0.03,0.0,0.01,0.04,47.0,5.0,5.5,6.0,M,0.017857142857142856
Resident Evil: Operation Raccoon City,PC,2012.0,Action,Capcom,0.0,0.03,0.0,0.01,0.04,48.0,8.0,3.9,192.0,M,0.017857142857142856
Bomberman: Act Zero,X360,2006.0,Puzzle,Konami Digital Entertainment,0.04,0.0,0.0,0.0,0.04,34.0,41.0,2.2,43.0,T,0.017857142857142856
Worms: Ultimate Mayhem,PC,2011.0,Strategy,Unknown,0.0,0.03,0.0,0.0,0.04,66.0,4.0,7.8,48.0,E10+,0.017857142857142856
Dreamfall: The Longest Journey,X,2006.0,Adventure,Empire Interactive,0.03,0.01,0.0,0.0,0.04,73.0,42.0,8.8,24.0,M,0.017857142857142856
JASF: Janes Advanced Strike Fighters,PC,2011.0,Simulation,Deep Silver,0.02,0.01,0.0,0.0,0.04,48.0,4.0,3.1,14.0,T,0.017857142857142856
Brothers In Arms DS,DS,2007.0,Shooter,Ubisoft,0.03,0.0,0.0,0.0,0.04,72.0,27.0,8.0,25.0,T,0.017857142857142856
Superdimension Neptune vs Sega Hard Girls,PSV,2016.0,Role-Playing,Idea Factory International,0.0,0.03,0.0,0.01,0.04,73.0,16.0,8.5,14.0,T,0.017857142857142856
Colin McRae Rally 3,X,2002.0,Racing,Codemasters,0.03,0.01,0.0,0.0,0.04,86.0,25.0,7.4,14.0,E,0.017857142857142856
TMNT,DS,2007.0,Action,Ubisoft,0.03,0.01,0.0,0.0,0.04,42.0,10.0,1.8,6.0,E10+,0.017857142857142856
LEGO Jurassic World,PC,2015.0,Action,Warner Bros. Interactive Entertainment,0.0,0.04,0.0,0.0,0.04,72.0,8.0,7.1,33.0,E10+,0.017857142857142856
Stolen,PS2,2005.0,Action,Hip Interactive,0.02,0.01,0.0,0.0,0.04,51.0,16.0,7.4,16.0,T,0.017857142857142856
Stoked: Big Air Edition,X360,2009.0,Sports,Namco Bandai Games,0.02,0.02,0.0,0.0,0.04,72.0,21.0,7.7,16.0,T,0.017857142857142856
Pro Race Driver,X,2003.0,Racing,Codemasters,0.03,0.01,0.0,0.0,0.04,80.0,17.0,8.0,5.0,T,0.017857142857142856
The Movies,PC,2005.0,Simulation,Activision,0.01,0.03,0.0,0.01,0.04,84.0,62.0,8.3,132.0,T,0.017857142857142856
Supreme Commander: Forged Alliance,PC,2007.0,Strategy,THQ,0.01,0.02,0.0,0.0,0.04,81.0,35.0,8.9,219.0,E10+,0.017857142857142856
Meteos: Disney Magic,DS,2007.0,Puzzle,Disney Interactive Studios,0.01,0.02,0.0,0.0,0.04,74.0,36.0,6.6,5.0,E,0.017857142857142856
FIFA World Cup Germany 2006,DS,2006.0,Sports,Electronic Arts,0.03,0.0,0.0,0.0,0.04,71.0,7.0,7.2,6.0,E,0.017857142857142856
Lost Planet 3,PC,2013.0,Shooter,Capcom,0.0,0.04,0.0,0.0,0.04,61.0,17.0,6.2,210.0,T,0.017857142857142856
Dragon Ball: Advanced Adventure,GBA,2004.0,Action,Namco Bandai Games,0.03,0.01,0.0,0.0,0.04,75.0,7.0,8.5,11.0,E10+,0.017857142857142856
Castlevania: Lords of Shadow 2,PC,2014.0,Action,Konami Digital Entertainment,0.01,0.03,0.0,0.0,0.04,58.0,16.0,7.6,503.0,M,0.017857142857142856
Echo Night Beyond,PS2,2004.0,Adventure,Indie Games,0.02,0.01,0.0,0.0,0.04,60.0,22.0,8.9,9.0,T,0.017857142857142856
Greg Hastings Tournament Paintball Maxd,DS,2006.0,Shooter,Activision,0.03,0.0,0.0,0.0,0.04,39.0,4.0,7.4,10.0,E10+,0.017857142857142856
Halo: Combat Evolved,PC,2003.0,Shooter,Microsoft Game Studios,0.02,0.02,0.0,0.0,0.04,83.0,40.0,7.4,397.0,M,0.017857142857142856
Assassins Creed Chronicles: China,PS4,2015.0,Action,Ubisoft,0.0,0.03,0.0,0.01,0.04,69.0,44.0,6.4,84.0,T,0.017857142857142856
Little Red Riding Hoods Zombie BBQ,DS,2008.0,Shooter,Destineer,0.03,0.0,0.0,0.0,0.04,68.0,15.0,7.3,8.0,T,0.017857142857142856
Caesar IV,PC,2006.0,Strategy,Vivendi Games,0.0,0.03,0.0,0.01,0.04,74.0,32.0,7.6,43.0,E10+,0.017857142857142856
Rugby 08,PS2,2007.0,Sports,Electronic Arts,0.02,0.01,0.0,0.0,0.04,74.0,21.0,7.4,25.0,E,0.017857142857142856
Harry Potter and the Order of the Phoenix,PC,2007.0,Action,Electronic Arts,0.0,0.03,0.0,0.0,0.04,63.0,11.0,7.1,35.0,E10+,0.017857142857142856
Ferrari Challenge Trofeo Pirelli,PS3,2008.0,Racing,System 3 Arcade Software,0.0,0.03,0.0,0.01,0.04,71.0,37.0,6.3,27.0,E,0.017857142857142856
Cy Girls,PS2,2004.0,Action,Konami Digital Entertainment,0.02,0.01,0.0,0.0,0.04,53.0,28.0,8.8,4.0,M,0.017857142857142856
APB Reloaded,PC,2011.0,Role-Playing,Iceberg Interactive,0.02,0.01,0.0,0.0,0.04,56.0,12.0,5.7,269.0,M,0.017857142857142856
Bionicle Heroes,Wii,2007.0,Shooter,Eidos Interactive,0.03,0.0,0.0,0.0,0.04,52.0,7.0,5.8,5.0,E10+,0.017857142857142856
Bubble Bobble Double Shot,DS,2007.0,Puzzle,Rising Star Games,0.03,0.0,0.0,0.0,0.04,50.0,12.0,4.4,5.0,E,0.017857142857142856
C.O.R.E.,DS,2009.0,Shooter,Graffiti,0.03,0.0,0.0,0.0,0.04,44.0,16.0,6.9,19.0,M,0.017857142857142856
Darksiders: Warmastered Edition,PS4,2016.0,Action,Nordic Games,0.03,0.0,0.0,0.01,0.04,81.0,11.0,8.5,23.0,M,0.017857142857142856
Chaos Wars,PS2,2006.0,Strategy,Idea Factory,0.0,0.0,0.04,0.0,0.04,64.0,9.0,6.9,9.0,T,0.017857142857142856
Steambot Chronicles,PS2,2005.0,Role-Playing,505 Games,0.02,0.01,0.0,0.0,0.04,74.0,35.0,8.2,17.0,T,0.017857142857142856
Scarface: The World is Yours,PC,2006.0,Action,Vivendi Games,0.01,0.02,0.0,0.0,0.04,73.0,18.0,7.5,57.0,M,0.017857142857142856
The Talos Principle,PS4,2015.0,Puzzle,Devolver Digital,0.0,0.03,0.0,0.01,0.04,88.0,31.0,8.4,131.0,E10+,0.017857142857142856
Harry Potter and the Prisoner of Azkaban,PC,2004.0,Action,Electronic Arts,0.0,0.03,0.0,0.0,0.04,67.0,19.0,7.2,50.0,E,0.017857142857142856
Scaler,GC,2004.0,Platform,Take-Two Interactive,0.03,0.01,0.0,0.0,0.04,69.0,11.0,7.3,8.0,E,0.017857142857142856
Legasista,PS3,2012.0,Role-Playing,Nippon Ichi Software,0.0,0.0,0.04,0.0,0.04,68.0,13.0,6.3,15.0,T,0.017857142857142856
Fatal Fury: Battle Archives Volume 1,PS2,2006.0,Fighting,Ignition Entertainment,0.02,0.01,0.0,0.0,0.04,68.0,22.0,8.3,4.0,T,0.017857142857142856
OutRun 2006: Coast 2 Coast,PSP,2006.0,Racing,Sega,0.03,0.01,0.0,0.0,0.04,82.0,31.0,8.1,14.0,E,0.017857142857142856
The Golf Clu,XOne,2014.0,Sports,Unknown,0.03,0.0,0.0,0.0,0.04,64.0,15.0,5.4,60.0,E,0.017857142857142856
Without Warning,PS2,2005.0,Shooter,Capcom,0.02,0.01,0.0,0.0,0.04,45.0,25.0,6.5,8.0,M,0.017857142857142856
Here They Lie,PS4,2016.0,Adventure,Sony Computer Entertainment,0.0,0.03,0.0,0.01,0.04,62.0,33.0,6.6,38.0,M,0.017857142857142856
Napoleon Dynamite: The Game,PSP,2007.0,Puzzle,Crave Entertainment,0.03,0.0,0.0,0.0,0.04,37.0,14.0,4.6,7.0,E10+,0.017857142857142856
Saints Row 2,PC,2009.0,Action,THQ,0.0,0.03,0.0,0.01,0.04,72.0,24.0,6.8,381.0,M,0.017857142857142856
Trine 2,PC,2011.0,Platform,Focus Home Interactive,0.0,0.03,0.0,0.01,0.04,84.0,55.0,8.4,670.0,E10+,0.017857142857142856
Guild Wars,PC,2005.0,Role-Playing,NCSoft,0.03,0.0,0.0,0.0,0.04,89.0,53.0,8.4,455.0,T,0.017857142857142856
Atelier Shallie Plus: Alchemists of the Dusk Sea,PSV,2016.0,Role-Playing,Tecmo Koei,0.0,0.0,0.04,0.0,0.04,79.0,10.0,7.5,4.0,T,0.017857142857142856
Teenage Zombies: Invasion of the Alien Brain Thingys,DS,2008.0,Adventure,Ignition Entertainment,0.03,0.0,0.0,0.0,0.04,67.0,30.0,8.2,29.0,E10+,0.017857142857142856
RLH: Run Like Hell,X,2003.0,Shooter,Avalon Interactive,0.03,0.01,0.0,0.0,0.04,55.0,22.0,8.0,5.0,M,0.017857142857142856
Obscure,X,2004.0,Adventure,MC2 Entertainment,0.03,0.01,0.0,0.0,0.04,66.0,29.0,8.4,9.0,M,0.017857142857142856
World of Goo,PC,2008.0,Puzzle,2D Boy,0.0,0.03,0.0,0.01,0.04,90.0,26.0,8.5,610.0,E,0.017857142857142856
Secret Files 2: Puritas Cordis,PC,2009.0,Adventure,Deep Silver,0.0,0.03,0.0,0.0,0.04,64.0,14.0,7.1,18.0,T,0.017857142857142856
Monster Kingdom: Jewel Summoner,PSP,2006.0,Role-Playing,Sony Computer Entertainment,0.0,0.0,0.04,0.0,0.04,66.0,25.0,7.3,7.0,T,0.017857142857142856
Railroad Tycoon 3,PC,2003.0,Strategy,Gathering of Developers,0.0,0.03,0.0,0.0,0.04,80.0,19.0,7.7,57.0,E,0.017857142857142856
S.T.A.L.K.E.R.: Clear Sky,PC,2008.0,Shooter,Deep Silver,0.0,0.03,0.0,0.01,0.04,75.0,47.0,7.7,482.0,M,0.017857142857142856
LEGO Pirates of the Caribbean: The Video Game,PC,2011.0,Action,Disney Interactive Studios,0.03,0.0,0.0,0.0,0.04,73.0,11.0,6.6,17.0,E10+,0.017857142857142856
Painkiller: Hell Wars,X,2006.0,Shooter,DreamCatcher Interactive,0.03,0.01,0.0,0.0,0.04,68.0,33.0,7.4,16.0,M,0.017857142857142856
FunkMaster Flexs Digital Hitz Factory,PS2,2003.0,Misc,Jester Interactive,0.02,0.01,0.0,0.0,0.04,71.0,6.0,8.9,10.0,E,0.017857142857142856
World in Conflict,PC,2007.0,Strategy,Vivendi Games,0.0,0.03,0.0,0.01,0.04,89.0,44.0,8.1,303.0,T,0.017857142857142856
Tour de France 2014,PS4,2014.0,Sports,Focus Home Interactive,0.0,0.03,0.0,0.0,0.03,53.0,9.0,5.1,22.0,E,0.011904761904761904
Tomb Raider: Anniversary,PC,2007.0,Action,Eidos Interactive,0.0,0.03,0.0,0.01,0.03,83.0,26.0,8.0,244.0,T,0.011904761904761904
Infamous: First Light,PS4,2014.0,Action,Sony Computer Entertainment,0.0,0.03,0.0,0.0,0.03,73.0,70.0,7.5,586.0,T,0.011904761904761904
RedCard 20-03,X,2002.0,Sports,Midway Games,0.03,0.01,0.0,0.0,0.03,67.0,8.0,9.0,4.0,E,0.011904761904761904
Bounty Hounds,PSP,2006.0,Action,Namco Bandai Games,0.03,0.0,0.0,0.0,0.03,63.0,14.0,6.0,7.0,T,0.011904761904761904
LEGO Harry Potter: Years 1-4,PC,2010.0,Action,Warner Bros. Interactive Entertainment,0.02,0.01,0.0,0.0,0.03,79.0,15.0,7.8,60.0,E10+,0.011904761904761904
Hotel Giant 2,PC,2008.0,Strategy,JoWood Productions,0.0,0.03,0.0,0.0,0.03,58.0,7.0,2.5,19.0,E,0.011904761904761904
TOCA Race Driver 3,X,2006.0,Racing,Codemasters,0.03,0.01,0.0,0.0,0.03,84.0,25.0,8.0,6.0,E10+,0.011904761904761904
Silent Scope,GBA,2002.0,Shooter,Konami Digital Entertainment,0.02,0.01,0.0,0.0,0.03,70.0,5.0,8.0,5.0,T,0.011904761904761904
The Cursed Crusade,PC,2011.0,Action,DTP Entertainment,0.0,0.03,0.0,0.01,0.03,55.0,7.0,6.0,33.0,M,0.011904761904761904
DarkStar One,PC,2006.0,Simulation,Ubisoft,0.0,0.03,0.0,0.01,0.03,71.0,33.0,7.2,55.0,T,0.011904761904761904
JoJos Bizarre Adventure: Eyes of Heaven,PS4,2015.0,Fighting,Namco Bandai Games,0.0,0.0,0.03,0.0,0.03,61.0,35.0,7.3,45.0,T,0.011904761904761904
Hitman: Blood Money,PC,2006.0,Action,Eidos Interactive,0.0,0.03,0.0,0.01,0.03,82.0,35.0,8.8,533.0,M,0.011904761904761904
Planescape: Torment,PC,1998.0,Role-Playing,Interplay,0.01,0.02,0.0,0.0,0.03,91.0,22.0,9.2,819.0,T,0.011904761904761904
Star Wars Jedi Knight: Jedi Academy,PC,2003.0,Shooter,Activision,0.0,0.03,0.0,0.0,0.03,81.0,34.0,8.6,295.0,T,0.011904761904761904
Sabre Wulf,GBA,2004.0,Platform,THQ,0.02,0.01,0.0,0.0,0.03,75.0,27.0,8.0,4.0,E,0.011904761904761904
Alpha Protocol,PC,2010.0,Role-Playing,Sega,0.0,0.03,0.0,0.01,0.03,72.0,25.0,7.5,511.0,M,0.011904761904761904
Red Faction II,GC,2003.0,Shooter,THQ,0.03,0.01,0.0,0.0,0.03,79.0,12.0,7.3,4.0,M,0.011904761904761904
Battle Engine Aquila,PS2,2003.0,Shooter,Atari,0.02,0.01,0.0,0.0,0.03,73.0,17.0,9.0,5.0,T,0.011904761904761904
Special Forces: Nemesis Strike,X,2005.0,Shooter,Hip Interactive,0.03,0.01,0.0,0.0,0.03,60.0,10.0,6.5,4.0,M,0.011904761904761904
Womens Volleyball Championship,PS2,2007.0,Sports,Spike,0.0,0.0,0.03,0.0,0.03,32.0,7.0,4.0,4.0,E,0.011904761904761904
WRC: FIA World Rally Championship,PSP,2005.0,Racing,Sony Computer Entertainment,0.02,0.01,0.0,0.0,0.03,67.0,18.0,7.8,19.0,E,0.011904761904761904
XBLAZE Code: Embryo,PSV,2013.0,Adventure,Arc System Works,0.02,0.0,0.01,0.01,0.03,43.0,5.0,7.4,24.0,M,0.011904761904761904
Battle Assault 3 featuring Gundam Seed,PS2,2004.0,Action,Namco Bandai Games,0.02,0.01,0.0,0.0,0.03,48.0,9.0,8.7,7.0,T,0.011904761904761904
Crimson Tears,PS2,2004.0,Role-Playing,Capcom,0.02,0.01,0.0,0.0,0.03,62.0,30.0,7.8,4.0,T,0.011904761904761904
Superstars V8 Racing,PS3,2009.0,Racing,Black Bean Games,0.0,0.02,0.0,0.01,0.03,66.0,29.0,4.9,9.0,E,0.011904761904761904
Rapala Tournament Fishing!,X360,2006.0,Sports,Activision,0.03,0.0,0.0,0.0,0.03,41.0,4.0,8.0,6.0,E,0.011904761904761904
Rise of Nations: Rise of Legends,PC,2006.0,Strategy,Microsoft Game Studios,0.0,0.03,0.0,0.01,0.03,84.0,46.0,8.6,109.0,T,0.011904761904761904
DiRT Rally,PC,2016.0,Racing,Codemasters,0.0,0.03,0.0,0.0,0.03,86.0,33.0,8.7,290.0,E,0.011904761904761904
Supreme Ruler: Cold War,PC,2011.0,Strategy,Paradox Interactive,0.0,0.03,0.0,0.01,0.03,63.0,12.0,6.8,27.0,RP,0.011904761904761904
The Technomancer,XOne,2016.0,Role-Playing,Focus Home Interactive,0.02,0.01,0.0,0.0,0.03,68.0,12.0,7.3,56.0,M,0.011904761904761904
The Sum of All Fears,GC,2003.0,Shooter,Ubisoft,0.03,0.01,0.0,0.0,0.03,36.0,11.0,3.4,5.0,T,0.011904761904761904
Yumis Odd Odyssey,3DS,2013.0,Platform,Agatsuma Entertainment,0.0,0.0,0.03,0.0,0.03,74.0,13.0,7.7,23.0,E,0.011904761904761904
EverBlue 2,PS2,2002.0,Adventure,Capcom,0.02,0.01,0.0,0.0,0.03,59.0,21.0,7.5,4.0,E,0.011904761904761904
Electroplankton,DS,2005.0,Misc,Nintendo,0.01,0.0,0.02,0.0,0.03,71.0,49.0,7.0,37.0,E,0.011904761904761904
FIFA World Cup: Germany 2006,GBA,2006.0,Sports,Electronic Arts,0.02,0.01,0.0,0.0,0.03,57.0,4.0,6.9,7.0,E,0.011904761904761904
Earthworm Jim 2,GBA,2002.0,Platform,Vivendi Games,0.02,0.01,0.0,0.0,0.03,45.0,10.0,5.7,6.0,E,0.011904761904761904
MotoGP,PSP,2006.0,Racing,Sony Computer Entertainment,0.03,0.0,0.0,0.0,0.03,69.0,18.0,7.1,7.0,E,0.011904761904761904
Dungeon Maker: Hunting Ground,PSP,2006.0,Role-Playing,Global A Entertainment,0.03,0.0,0.0,0.0,0.03,70.0,18.0,6.4,8.0,E10+,0.011904761904761904
Call of Juarez: Bound in Blood,PC,2009.0,Shooter,Ubisoft,0.0,0.03,0.0,0.0,0.03,78.0,39.0,8.0,283.0,M,0.011904761904761904
Apache: Air Assault,PC,2010.0,Simulation,Just Flight,0.0,0.03,0.0,0.0,0.03,64.0,7.0,7.5,18.0,T,0.011904761904761904
Red Faction: Guerrilla,PC,2009.0,Shooter,THQ,0.0,0.03,0.0,0.01,0.03,82.0,29.0,7.5,309.0,M,0.011904761904761904
Prince of Persia: The Forgotten Sands,PC,2010.0,Action,Ubisoft,0.0,0.03,0.0,0.0,0.03,75.0,16.0,6.6,220.0,T,0.011904761904761904
Astonishia Story,PSP,2006.0,Role-Playing,Ubisoft,0.03,0.0,0.0,0.0,0.03,48.0,35.0,4.9,18.0,E10+,0.011904761904761904
Agatha Christies The ABC Murders,PS4,2016.0,Adventure,Microids,0.02,0.01,0.0,0.01,0.03,67.0,17.0,6.5,13.0,T,0.011904761904761904
RACE On,PC,2009.0,Racing,bitComposer Games,0.0,0.03,0.0,0.01,0.03,73.0,14.0,8.2,20.0,E,0.011904761904761904
Tork: Prehistoric Punk,X,2005.0,Platform,Microsoft Game Studios,0.02,0.01,0.0,0.0,0.03,62.0,21.0,6.2,6.0,E,0.011904761904761904
Trials Fusion,PC,2014.0,Racing,Ubisoft,0.0,0.03,0.0,0.0,0.03,80.0,12.0,6.8,97.0,E10+,0.011904761904761904
Overlord II,PC,2009.0,Action,Codemasters,0.0,0.03,0.0,0.0,0.03,79.0,32.0,8.1,159.0,T,0.011904761904761904
Jikandia: The Timeless Land,PSP,2010.0,Role-Playing,Idea Factory,0.03,0.0,0.0,0.0,0.03,60.0,5.0,7.2,5.0,T,0.011904761904761904
Toy Shop,DS,2008.0,Simulation,Majesco Entertainment,0.03,0.0,0.0,0.0,0.03,31.0,7.0,5.4,11.0,E,0.011904761904761904
Sorcery Saga: The Curse of the Great Curry God,PSV,2013.0,Role-Playing,Rising Star Games,0.0,0.0,0.03,0.0,0.03,65.0,17.0,7.3,44.0,T,0.011904761904761904
Mighty No. 9,XOne,2016.0,Platform,Deep Silver,0.03,0.0,0.0,0.0,0.03,55.0,13.0,4.2,94.0,E10+,0.011904761904761904
Dance Factory,PS2,2006.0,Action,Codemasters,0.02,0.01,0.0,0.0,0.03,56.0,22.0,5.8,8.0,E,0.011904761904761904
Combat Mission: Shock Force,PC,2007.0,Strategy,Paradox Interactive,0.0,0.03,0.0,0.0,0.03,62.0,15.0,3.3,86.0,T,0.011904761904761904
The Legend of Heroes III: Song of the Ocean,PSP,2006.0,Role-Playing,Namco Bandai Games,0.03,0.0,0.0,0.0,0.03,58.0,17.0,6.1,7.0,E10+,0.011904761904761904
F1 2002,GC,2002.0,Racing,Electronic Arts,0.02,0.01,0.0,0.0,0.03,72.0,7.0,7.8,4.0,E,0.011904761904761904
Men of War,PC,2009.0,Strategy,505 Games,0.01,0.02,0.0,0.0,0.03,80.0,22.0,8.1,137.0,M,0.011904761904761904
Transformers: Devastation,PC,2015.0,Action,Activision,0.0,0.03,0.0,0.0,0.03,74.0,9.0,7.6,56.0,T,0.011904761904761904
Alter Ego,PC,1985.0,Simulation,Activision,0.0,0.03,0.0,0.01,0.03,59.0,9.0,5.8,19.0,T,0.011904761904761904
Zero Escape: Virtues Last Reward,3DS,2012.0,Adventure,Rising Star Games,0.03,0.0,0.0,0.0,0.03,88.0,15.0,8.8,188.0,M,0.011904761904761904
Darkstalkers Resurrection,PS3,2013.0,Fighting,Capcom,0.0,0.0,0.03,0.0,0.03,80.0,33.0,7.3,27.0,T,0.011904761904761904
Neverwinter Nights,PC,2002.0,Role-Playing,Atari,0.0,0.03,0.0,0.0,0.03,91.0,34.0,8.2,493.0,T,0.011904761904761904
Digimon World 4,X,2005.0,Role-Playing,Atari,0.02,0.01,0.0,0.0,0.03,54.0,5.0,8.8,4.0,E,0.011904761904761904
Guilty Gear XX Accent Core Plus,Wii,2009.0,Fighting,PQube,0.01,0.02,0.0,0.0,0.03,76.0,10.0,7.3,9.0,T,0.011904761904761904
Aegis of Earth: Protonovus Assault,PS4,2016.0,Action,PQube,0.02,0.0,0.0,0.01,0.03,57.0,11.0,7.8,9.0,T,0.011904761904761904
Galleon: Islands of Mystery,X,2004.0,Action,SCi,0.02,0.01,0.0,0.0,0.03,67.0,40.0,7.0,10.0,T,0.011904761904761904
Sunny Garcia Surfing,PS2,2001.0,Sports,Ubisoft,0.02,0.01,0.0,0.0,0.03,61.0,11.0,7.9,7.0,E,0.011904761904761904
Lock On: Modern Air Combat,PC,2003.0,Simulation,Ubisoft,0.0,0.03,0.0,0.01,0.03,76.0,20.0,7.5,549.0,E,0.011904761904761904
Rabbids Land,WiiU,2012.0,Misc,Ubisoft,0.01,0.01,0.0,0.0,0.03,52.0,26.0,5.2,29.0,E10+,0.011904761904761904
Take On Helicopters,PC,2011.0,Simulation,Unknown,0.0,0.02,0.0,0.01,0.03,70.0,10.0,6.7,28.0,T,0.011904761904761904
Homeworld 2,PC,2003.0,Strategy,Vivendi Games,0.0,0.03,0.0,0.0,0.03,83.0,31.0,8.3,128.0,T,0.011904761904761904
Rayman 3: Hoodlum Havoc,PC,2003.0,Platform,Ubisoft,0.0,0.03,0.0,0.0,0.03,74.0,8.0,8.3,70.0,E,0.011904761904761904
S.L.A.I.: Steel Lancer Arena International,PS2,2005.0,Simulation,Konami Digital Entertainment,0.01,0.01,0.0,0.0,0.03,66.0,16.0,7.8,10.0,T,0.011904761904761904
Nacho Libre,DS,2006.0,Action,Majesco Entertainment,0.03,0.0,0.0,0.0,0.03,56.0,6.0,5.8,6.0,E10+,0.011904761904761904
Graffiti Kingdom,PS2,2004.0,Role-Playing,505 Games,0.01,0.01,0.0,0.0,0.03,71.0,27.0,7.1,12.0,E,0.011904761904761904
Klonoa 2: Dream Champ Tournament,GBA,2002.0,Platform,Namco Bandai Games,0.02,0.01,0.0,0.0,0.03,78.0,20.0,9.3,6.0,E,0.011904761904761904
N+,PSP,2007.0,Platform,Atari,0.03,0.0,0.0,0.0,0.03,79.0,21.0,7.8,18.0,E,0.011904761904761904
Knights of Honor,PC,2004.0,Strategy,Sunflowers,0.0,0.02,0.0,0.01,0.03,77.0,26.0,9.1,90.0,E10+,0.011904761904761904
Touhou Genso Rondo: Bullet Ballet,PS4,2016.0,Shooter,Nippon Ichi Software,0.02,0.0,0.0,0.01,0.03,55.0,19.0,4.7,34.0,E10+,0.011904761904761904
Final Fantasy XIV: Heavensward,PC,2015.0,Action,Square Enix,0.02,0.01,0.0,0.0,0.03,86.0,14.0,7.7,256.0,T,0.011904761904761904
Empire Earth II,PC,2005.0,Strategy,Vivendi Games,0.0,0.03,0.0,0.0,0.03,79.0,39.0,7.1,90.0,T,0.011904761904761904
Codename: Panzers Cold War,PC,2009.0,Strategy,Atari,0.0,0.02,0.0,0.0,0.03,67.0,28.0,5.8,8.0,T,0.011904761904761904
Doom,PC,1992.0,Shooter,id Software,0.02,0.0,0.0,0.0,0.03,85.0,44.0,8.3,1862.0,M,0.011904761904761904
Hot Pixel,PSP,2007.0,Puzzle,Atari,0.03,0.0,0.0,0.0,0.03,55.0,35.0,6.5,6.0,T,0.011904761904761904
Star Wars: The Force Unleashed II,PC,2010.0,Action,LucasArts,0.03,0.0,0.0,0.0,0.03,59.0,14.0,5.8,164.0,T,0.011904761904761904
Atomic Betty,GBA,2005.0,Puzzle,Atari,0.02,0.01,0.0,0.0,0.03,62.0,10.0,7.5,6.0,E,0.011904761904761904
Harry Potter and the Half-Blood Prince,PC,2009.0,Action,Electronic Arts,0.0,0.03,0.0,0.0,0.03,64.0,14.0,6.1,35.0,E10+,0.011904761904761904
Street Jam Basketball,GBA,2004.0,Sports,Zoo Digital Publishing,0.02,0.01,0.0,0.0,0.03,35.0,7.0,8.0,7.0,E,0.011904761904761904
SimCity,PC,1988.0,Simulation,Maxis,0.0,0.02,0.0,0.01,0.03,64.0,75.0,2.2,4578.0,E10+,0.011904761904761904
Doom 3 BFG Edition,PC,2012.0,Shooter,Bethesda Softworks,0.0,0.02,0.0,0.0,0.03,59.0,12.0,5.3,212.0,M,0.011904761904761904
Popeye: Rush for Spinach,GBA,2005.0,Platform,Atari,0.02,0.01,0.0,0.0,0.03,48.0,9.0,4.2,5.0,E,0.011904761904761904
Culdcept,PS2,2002.0,Strategy,Sega,0.01,0.01,0.0,0.0,0.03,78.0,26.0,8.9,9.0,T,0.011904761904761904
GTR Evolution,PC,2008.0,Racing,Atari,0.0,0.02,0.0,0.0,0.03,83.0,19.0,8.2,63.0,E,0.011904761904761904
NBA 2K13,PC,2012.0,Sports,Take-Two Interactive,0.0,0.02,0.0,0.0,0.03,90.0,5.0,6.8,130.0,E,0.011904761904761904
Sins of a Solar Empire,PC,2008.0,Strategy,Pinnacle,0.0,0.02,0.0,0.0,0.03,87.0,52.0,8.2,275.0,T,0.011904761904761904
NBA 08,PSP,2007.0,Sports,Sony Computer Entertainment,0.03,0.0,0.0,0.0,0.03,75.0,18.0,7.5,8.0,E,0.011904761904761904
Lords of the Fallen,PC,2014.0,Role-Playing,Square Enix,0.0,0.03,0.0,0.0,0.03,73.0,36.0,6.8,587.0,M,0.011904761904761904
Resident Evil 4,PC,2007.0,Action,Ubisoft,0.0,0.02,0.0,0.0,0.03,76.0,15.0,7.4,246.0,M,0.011904761904761904
Prototype: Biohazard Bundle,XOne,2016.0,Action,Activision,0.03,0.0,0.0,0.0,0.03,56.0,4.0,3.1,14.0,M,0.011904761904761904
007: Quantum of Solace,PC,2008.0,Action,Activision,0.01,0.01,0.0,0.0,0.03,70.0,18.0,6.3,55.0,T,0.011904761904761904
Psycho-Pass: Mandatory Happiness,PSV,2016.0,Adventure,Nippon Ichi Software,0.0,0.01,0.01,0.0,0.03,64.0,11.0,7.7,12.0,T,0.011904761904761904
Metal Dungeon,X,2002.0,Role-Playing,Xicat Interactive,0.02,0.01,0.0,0.0,0.03,44.0,14.0,7.2,5.0,T,0.011904761904761904
Phoenix Wright: Ace Attorney Trilogy,3DS,2014.0,Adventure,Capcom,0.0,0.0,0.03,0.0,0.03,81.0,34.0,9.0,76.0,T,0.011904761904761904
Drome Racers,GC,2003.0,Racing,Electronic Arts,0.02,0.01,0.0,0.0,0.03,54.0,5.0,6.6,5.0,E,0.011904761904761904
Commander: Conquest of the Americas,PC,2010.0,Strategy,Paradox Interactive,0.0,0.02,0.0,0.0,0.03,68.0,16.0,5.2,19.0,T,0.011904761904761904
Gekido Advance: Kintaros Revenge,GBA,2002.0,Action,Zoo Digital Publishing,0.02,0.01,0.0,0.0,0.03,70.0,7.0,7.0,4.0,T,0.011904761904761904
Pro Evolution Soccer 2017,PC,2016.0,Sports,Konami Digital Entertainment,0.0,0.03,0.0,0.0,0.03,69.0,9.0,3.7,148.0,E,0.011904761904761904
Race Driver 2006,PSP,2006.0,Racing,Codemasters,0.03,0.0,0.0,0.0,0.03,81.0,16.0,8.5,6.0,T,0.011904761904761904
Buffy the Vampire Slayer: Wrath of the Darkhul King,GBA,2003.0,Action,THQ,0.02,0.01,0.0,0.0,0.03,44.0,16.0,8.6,5.0,T,0.011904761904761904
Braid,PC,2009.0,Platform,Number None,0.0,0.02,0.0,0.0,0.03,90.0,11.0,8.6,823.0,E10+,0.011904761904761904
Spectral Souls: Resurrection of the Ethereal Empires,PSP,2005.0,Role-Playing,Idea Factory,0.03,0.0,0.0,0.0,0.03,47.0,27.0,8.2,12.0,T,0.011904761904761904
Syberia II,X,2004.0,Adventure,Ubisoft,0.02,0.01,0.0,0.0,0.03,71.0,7.0,8.7,6.0,T,0.011904761904761904
Syberia,PC,2002.0,Action,Microids,0.0,0.02,0.0,0.0,0.03,82.0,26.0,8.5,239.0,T,0.011904761904761904
Monsters vs. Aliens,PC,2009.0,Action,Activision,0.01,0.01,0.0,0.0,0.03,63.0,8.0,6.2,5.0,E10+,0.011904761904761904
Turn It Around,DS,2006.0,Action,505 Games,0.03,0.0,0.0,0.0,0.03,39.0,11.0,4.5,4.0,E,0.011904761904761904
Jack Keane,PC,2008.0,Adventure,Kalypso Media,0.0,0.02,0.0,0.0,0.03,69.0,25.0,7.0,21.0,T,0.011904761904761904
Overcooked,XOne,2016.0,Action,Sold Out,0.02,0.0,0.0,0.0,0.03,79.0,12.0,6.1,19.0,E,0.011904761904761904
Darksiders: Warmastered Edition,XOne,2016.0,Action,Nordic Games,0.02,0.0,0.0,0.0,0.03,80.0,17.0,8.0,16.0,M,0.011904761904761904
Battle vs. Chess,PC,2011.0,Misc,TopWare Interactive,0.0,0.02,0.0,0.0,0.03,69.0,5.0,5.9,12.0,T,0.011904761904761904
Ride,PC,2015.0,Racing,Milestone S.r.l.,0.0,0.03,0.0,0.0,0.03,68.0,8.0,4.8,30.0,E,0.011904761904761904
MechAssault: Phantom War,DS,2006.0,Simulation,Majesco Entertainment,0.03,0.0,0.0,0.0,0.03,66.0,16.0,4.5,4.0,T,0.011904761904761904
The Last Guy,PS3,2009.0,Action,Sony Computer Entertainment,0.0,0.0,0.03,0.0,0.03,77.0,33.0,6.9,30.0,E10+,0.011904761904761904
Max Payne,GBA,2003.0,Shooter,Take-Two Interactive,0.02,0.01,0.0,0.0,0.03,78.0,33.0,7.9,14.0,M,0.011904761904761904
Xblaze: Lost Memories,PS3,2015.0,Adventure,Arc System Works,0.02,0.0,0.0,0.01,0.03,63.0,4.0,6.4,5.0,M,0.011904761904761904
Cossacks: European Wars,PC,2001.0,Strategy,Strategy First,0.0,0.02,0.0,0.0,0.03,74.0,16.0,8.6,60.0,T,0.011904761904761904
Star Trek: Tactical Assault,PSP,2006.0,Strategy,Ubisoft,0.02,0.0,0.0,0.0,0.03,64.0,15.0,7.9,10.0,E,0.011904761904761904
MX vs. ATV Supercross,PS3,2014.0,Racing,Nordic Games,0.02,0.01,0.0,0.0,0.03,58.0,4.0,3.5,4.0,E,0.011904761904761904
NBA 2K7,X,2006.0,Sports,Take-Two Interactive,0.02,0.01,0.0,0.0,0.03,83.0,8.0,8.6,5.0,E,0.011904761904761904
Carmageddon: Max Damage,XOne,2016.0,Action,Stainless Games,0.02,0.01,0.0,0.0,0.03,52.0,15.0,7.0,13.0,M,0.011904761904761904
Warhammer: Mark of Chaos,PC,2006.0,Strategy,Deep Silver,0.0,0.02,0.0,0.0,0.03,73.0,32.0,7.4,58.0,M,0.011904761904761904
Driver: Parallel Lines,Wii,2007.0,Racing,Ubisoft,0.01,0.01,0.0,0.0,0.03,59.0,9.0,6.0,20.0,M,0.011904761904761904
Battlefield Vietnam,PC,2004.0,Shooter,Electronic Arts,0.0,0.02,0.0,0.0,0.03,84.0,48.0,7.5,134.0,T,0.011904761904761904
Warship Gunner 2,PS2,2006.0,Simulation,Tecmo Koei,0.01,0.01,0.0,0.0,0.03,62.0,13.0,8.5,11.0,T,0.011904761904761904
Gotcha Force,GC,2003.0,Shooter,Capcom,0.01,0.0,0.01,0.0,0.03,56.0,24.0,8.3,18.0,E,0.011904761904761904
Age of Conan: Rise of the Godslayer,PC,2010.0,Role-Playing,Funcom,0.0,0.02,0.0,0.0,0.03,83.0,14.0,8.4,52.0,M,0.011904761904761904
Buffy the Vampire Slayer: Chaos Bleeds,GC,2003.0,Action,Vivendi Games,0.02,0.01,0.0,0.0,0.03,75.0,18.0,9.0,9.0,T,0.011904761904761904
Max Payne 2: The Fall of Max Payne,PC,2003.0,Shooter,Take-Two Interactive,0.0,0.02,0.0,0.0,0.03,86.0,46.0,9.0,808.0,M,0.011904761904761904
Jet Grind Radio,GBA,2003.0,Action,Sega,0.02,0.01,0.0,0.0,0.03,74.0,22.0,9.3,6.0,E,0.011904761904761904
Magicka,PC,2011.0,Role-Playing,Paradox Interactive,0.0,0.02,0.0,0.01,0.03,74.0,44.0,7.6,605.0,T,0.011904761904761904
Baldurs Gate: Dark Alliance,GBA,2004.0,Role-Playing,"Destination Software, Inc",0.02,0.01,0.0,0.0,0.03,76.0,17.0,6.5,11.0,T,0.011904761904761904
NHL 07,X,2006.0,Sports,Electronic Arts,0.02,0.01,0.0,0.0,0.03,75.0,14.0,7.7,6.0,E10+,0.011904761904761904
Guild Wars: Nightfall,PC,2006.0,Role-Playing,NCSoft,0.0,0.02,0.0,0.0,0.03,84.0,30.0,8.7,104.0,T,0.011904761904761904
The Peanuts Movie: Snoopys Grand Adventure,PS4,2015.0,Action,Activision,0.0,0.02,0.0,0.0,0.03,59.0,4.0,6.6,19.0,E,0.011904761904761904
Medal of Honor: Vanguard,PS2,2007.0,Shooter,Electronic Arts,0.0,0.0,0.03,0.0,0.03,63.0,29.0,6.1,34.0,T,0.011904761904761904
MySims,PC,2008.0,Simulation,Electronic Arts,0.0,0.02,0.0,0.0,0.03,70.0,12.0,6.4,8.0,E,0.011904761904761904
Super Monkey Ball Adventure,PS2,2006.0,Platform,Sega,0.01,0.01,0.0,0.0,0.03,53.0,32.0,6.7,10.0,E,0.011904761904761904
Madden NFL 07,GBA,2006.0,Sports,Electronic Arts,0.02,0.01,0.0,0.0,0.03,68.0,4.0,9.3,4.0,E,0.011904761904761904
The Sims 2: Bon Voyage,PC,2007.0,Simulation,Electronic Arts,0.01,0.01,0.0,0.0,0.03,74.0,9.0,7.3,24.0,T,0.011904761904761904
Star Wars The Clone Wars: Republic Heroes,PC,2009.0,Action,LucasArts,0.0,0.02,0.0,0.0,0.03,46.0,9.0,4.7,46.0,T,0.011904761904761904
AniMates!,DS,2007.0,Simulation,Lexicon Entertainment,0.02,0.0,0.0,0.0,0.03,33.0,4.0,2.5,4.0,E,0.011904761904761904
Bully: Scholarship Edition,PC,2008.0,Action,Take-Two Interactive,0.0,0.02,0.0,0.0,0.03,72.0,11.0,7.5,261.0,T,0.011904761904761904
Battlefield 2142,PC,2006.0,Shooter,Electronic Arts,0.0,0.02,0.0,0.0,0.03,80.0,48.0,6.8,327.0,T,0.011904761904761904
Justice League Heroes: The Flash,GBA,2006.0,Action,Eidos Interactive,0.02,0.01,0.0,0.0,0.03,72.0,8.0,7.4,7.0,E10+,0.011904761904761904
Air Conflicts: Secret Wars,PC,2011.0,Simulation,bitComposer Games,0.0,0.02,0.0,0.01,0.03,65.0,5.0,6.4,24.0,T,0.011904761904761904
Metal Saga,PS2,2005.0,Role-Playing,Success,0.01,0.01,0.0,0.0,0.03,62.0,26.0,7.3,9.0,T,0.011904761904761904
Divinity II: Flames of Vengeance,PC,2010.0,Role-Playing,DTP Entertainment,0.0,0.02,0.0,0.01,0.03,72.0,4.0,8.3,15.0,M,0.011904761904761904
Lost Planet 2,PC,2010.0,Shooter,Capcom,0.0,0.02,0.0,0.0,0.03,63.0,15.0,6.3,87.0,T,0.011904761904761904
X3: Terran Conflict,PC,2008.0,Simulation,Deep Silver,0.0,0.02,0.0,0.0,0.03,73.0,16.0,7.9,222.0,T,0.011904761904761904
SWAT 4,PC,2005.0,Shooter,Vivendi Games,0.0,0.02,0.0,0.0,0.03,85.0,49.0,8.6,229.0,M,0.011904761904761904
Battlefield 1942,PC,2002.0,Shooter,Electronic Arts,0.01,0.01,0.0,0.0,0.03,89.0,27.0,8.6,329.0,T,0.011904761904761904
Judge Dredd: Dredd Vs Death,PS2,2003.0,Shooter,BAM! Entertainment,0.01,0.01,0.0,0.0,0.03,52.0,13.0,5.3,9.0,M,0.011904761904761904
Overcooked,PS4,2016.0,Action,Sold Out,0.02,0.0,0.0,0.0,0.03,78.0,24.0,7.7,31.0,E,0.011904761904761904
Dungeon Siege II,PC,2005.0,Role-Playing,Microsoft Game Studios,0.0,0.02,0.0,0.0,0.03,80.0,51.0,7.9,163.0,M,0.011904761904761904
Napoleon Dynamite: The Game,DS,2007.0,Puzzle,Crave Entertainment,0.02,0.0,0.0,0.0,0.03,45.0,9.0,7.3,4.0,E10+,0.011904761904761904
Battlestations: Pacific,PC,2009.0,Strategy,Eidos Interactive,0.0,0.02,0.0,0.0,0.03,74.0,31.0,8.4,46.0,T,0.011904761904761904
Blazing Angels: Squadrons of WWII,PC,2006.0,Simulation,Ubisoft,0.02,0.0,0.0,0.0,0.03,65.0,16.0,4.6,17.0,T,0.011904761904761904
GRID Autosport,PC,2014.0,Racing,Codemasters,0.0,0.02,0.0,0.0,0.02,78.0,35.0,6.2,257.0,E,0.005952380952380953
Star Wars: Empire at War - Forces of Corruption,PC,2006.0,Strategy,LucasArts,0.0,0.02,0.0,0.0,0.02,75.0,25.0,8.7,80.0,T,0.005952380952380953
ZooCube,GC,2002.0,Puzzle,Acclaim Entertainment,0.02,0.0,0.0,0.0,0.02,67.0,15.0,6.1,7.0,E,0.005952380952380953
Sherlock Holmes: The Devils Daughter,PS4,2016.0,Adventure,Bigben Interactive,0.02,0.0,0.0,0.0,0.02,71.0,28.0,6.8,67.0,T,0.005952380952380953
The Lord of the Rings: Conquest,PC,2009.0,Action,Electronic Arts,0.0,0.02,0.0,0.0,0.02,57.0,24.0,6.7,42.0,T,0.005952380952380953
Stake: Fortune Fighters,X,2003.0,Fighting,Metro 3D,0.02,0.01,0.0,0.0,0.02,26.0,8.0,3.7,6.0,T,0.005952380952380953
Serious Sam Advance,GBA,2004.0,Shooter,Global Star,0.02,0.01,0.0,0.0,0.02,51.0,9.0,7.2,10.0,M,0.005952380952380953
Omega Quintet,PS4,2014.0,Role-Playing,Compile Heart,0.0,0.0,0.02,0.0,0.02,58.0,22.0,7.1,81.0,T,0.005952380952380953
Cold War,X,2005.0,Shooter,DreamCatcher Interactive,0.02,0.01,0.0,0.0,0.02,60.0,25.0,8.0,4.0,T,0.005952380952380953
Steel Battalion: Line of Contact,X,2004.0,Simulation,Capcom,0.02,0.01,0.0,0.0,0.02,70.0,19.0,8.0,8.0,T,0.005952380952380953
Viva Pinata,PC,2007.0,Simulation,Microsoft Game Studios,0.0,0.02,0.0,0.0,0.02,78.0,20.0,7.8,20.0,E,0.005952380952380953
NBA 2K17,PC,2016.0,Sports,Take-Two Interactive,0.0,0.02,0.0,0.0,0.02,90.0,6.0,6.3,56.0,E,0.005952380952380953
NBA Starting Five,X,2002.0,Sports,Konami Digital Entertainment,0.02,0.01,0.0,0.0,0.02,48.0,4.0,5.5,4.0,E,0.005952380952380953
Spy Hunter: Nowhere To Run,PS2,2006.0,Racing,Midway Games,0.01,0.01,0.0,0.0,0.02,51.0,21.0,6.0,6.0,T,0.005952380952380953
Elven Legacy,PC,2009.0,Strategy,Paradox Interactive,0.02,0.0,0.0,0.0,0.02,71.0,27.0,7.1,38.0,T,0.005952380952380953
"Ed, Edd n Eddy: The Mis-Edventures",X,2005.0,Platform,Midway Games,0.02,0.01,0.0,0.0,0.02,56.0,6.0,7.7,6.0,E,0.005952380952380953
Neverwinter Nights 2,PC,2006.0,Role-Playing,Atari,0.0,0.02,0.0,0.0,0.02,82.0,46.0,6.5,569.0,T,0.005952380952380953
IL-2 Sturmovik: Forgotten Battles,PC,2003.0,Simulation,Ubisoft,0.0,0.02,0.0,0.0,0.02,86.0,12.0,8.6,39.0,T,0.005952380952380953
Jurassic Park: Operation Genesis,PC,2003.0,Simulation,Vivendi Games,0.0,0.02,0.0,0.0,0.02,72.0,15.0,8.7,55.0,T,0.005952380952380953
Warhammer Online: Age of Reckoning,PC,2008.0,Role-Playing,GOA,0.0,0.02,0.0,0.0,0.02,86.0,54.0,7.9,374.0,T,0.005952380952380953
Worms,PS3,2009.0,Strategy,Sony Computer Entertainment,0.0,0.02,0.0,0.01,0.02,76.0,9.0,6.9,18.0,E10+,0.005952380952380953
ParaWorld,PC,2006.0,Strategy,Deep Silver,0.0,0.02,0.0,0.0,0.02,71.0,29.0,8.3,23.0,T,0.005952380952380953
Capcom Digital Collection,X360,2012.0,Action,Capcom,0.02,0.01,0.0,0.0,0.02,65.0,11.0,5.3,4.0,T,0.005952380952380953
AMF Xtreme Bowling,PS2,2006.0,Sports,Mastertronic,0.01,0.01,0.0,0.0,0.02,30.0,4.0,4.2,5.0,E,0.005952380952380953
Total Overdose: A Gunslingers Tale in Mexico,X,2005.0,Shooter,Eidos Interactive,0.02,0.01,0.0,0.0,0.02,71.0,28.0,9.2,27.0,M,0.005952380952380953
The Settlers: Rise of an Empire,PC,2007.0,Strategy,Ubisoft,0.01,0.01,0.0,0.0,0.02,66.0,19.0,7.7,44.0,E10+,0.005952380952380953
Tank Beat,DS,2006.0,Strategy,Midas Interactive Entertainment,0.01,0.01,0.0,0.0,0.02,40.0,12.0,5.4,8.0,E10+,0.005952380952380953
Rengoku II:  The Stairway To H.E.A.V.E.N.,PSP,2006.0,Action,Konami Digital Entertainment,0.02,0.0,0.0,0.0,0.02,51.0,24.0,7.6,14.0,T,0.005952380952380953
Anima - Gate of Memories,PS4,2016.0,Action,Avanquest,0.0,0.02,0.0,0.0,0.02,52.0,13.0,7.9,34.0,T,0.005952380952380953
George of the Jungle and the Search for the Secret,Wii,2008.0,Platform,Ignition Entertainment,0.02,0.0,0.0,0.0,0.02,35.0,10.0,4.0,6.0,E,0.005952380952380953
Inkheart,DS,2009.0,Adventure,DreamCatcher Interactive,0.02,0.0,0.0,0.0,0.02,39.0,8.0,2.2,5.0,E,0.005952380952380953
Demigod,PC,2009.0,Strategy,Atari,0.0,0.02,0.0,0.0,0.02,76.0,50.0,7.9,183.0,T,0.005952380952380953
Stronghold Crusader Extreme,PC,2008.0,Strategy,Gamecock,0.0,0.02,0.0,0.0,0.02,45.0,11.0,6.7,46.0,T,0.005952380952380953
Mage Knight: Destinys Soldier,DS,2006.0,Strategy,Namco Bandai Games,0.02,0.0,0.0,0.0,0.02,59.0,8.0,7.1,11.0,E10+,0.005952380952380953
DemiKids: Light Version,GBA,2002.0,Role-Playing,Atlus,0.02,0.01,0.0,0.0,0.02,62.0,8.0,8.4,16.0,E,0.005952380952380953
Cities XL 2011,PC,2010.0,Simulation,Focus Home Interactive,0.0,0.02,0.0,0.0,0.02,70.0,17.0,5.7,39.0,E,0.005952380952380953
Star Trek Online,PC,2010.0,Role-Playing,Atari,0.0,0.02,0.0,0.0,0.02,66.0,34.0,6.2,695.0,T,0.005952380952380953
Line Rider 2: Unbound,Wii,2008.0,Puzzle,Deep Silver,0.02,0.0,0.0,0.0,0.02,62.0,12.0,6.4,5.0,E,0.005952380952380953
SimCity Societies,PC,2007.0,Simulation,Electronic Arts,0.0,0.02,0.0,0.0,0.02,63.0,27.0,4.3,95.0,E10+,0.005952380952380953
Lumo,PS4,2016.0,Puzzle,Rising Star Games,0.02,0.0,0.0,0.0,0.02,73.0,24.0,5.8,14.0,E10+,0.005952380952380953
Tom Clancys Rainbow Six: Vegas 2,PC,2008.0,Shooter,Ubisoft,0.0,0.02,0.0,0.0,0.02,78.0,20.0,7.3,185.0,M,0.005952380952380953
DiRT,PC,2007.0,Racing,Codemasters,0.0,0.02,0.0,0.0,0.02,84.0,20.0,7.3,92.0,E,0.005952380952380953
Tropico 4: Modern Times,PC,2012.0,Strategy,Kalypso Media,0.0,0.02,0.0,0.0,0.02,78.0,11.0,8.0,58.0,T,0.005952380952380953
ScrapLand,X,2005.0,Action,Deep Silver,0.02,0.0,0.0,0.0,0.02,73.0,20.0,7.4,5.0,T,0.005952380952380953
Brothers in Arms: Hells Highway,PC,2008.0,Shooter,Ubisoft,0.0,0.02,0.0,0.0,0.02,79.0,22.0,7.9,131.0,M,0.005952380952380953
Ceville,PC,2009.0,Action,Kalypso Media,0.0,0.02,0.0,0.0,0.02,73.0,17.0,8.2,21.0,E,0.005952380952380953
Falcon 4.0: Allied Force,PC,2005.0,Simulation,Graphsim Entertainment,0.0,0.02,0.0,0.0,0.02,90.0,7.0,8.6,37.0,T,0.005952380952380953
Brandish: The Dark Revenant,PSP,2009.0,Role-Playing,Falcom Corporation,0.0,0.0,0.02,0.0,0.02,78.0,9.0,8.3,12.0,T,0.005952380952380953
Summon Night: Swordcraft Story,GBA,2003.0,Role-Playing,Banpresto,0.02,0.01,0.0,0.0,0.02,77.0,20.0,8.1,19.0,E10+,0.005952380952380953
Pro Fishing Challenge,X,2004.0,Sports,Atlus,0.02,0.0,0.0,0.0,0.02,62.0,11.0,9.1,9.0,E,0.005952380952380953
Rule of Rose,PS2,2006.0,Action,505 Games,0.01,0.01,0.0,0.0,0.02,59.0,44.0,8.6,52.0,M,0.005952380952380953
RedCard 20-03,GC,2002.0,Sports,Midway Games,0.02,0.0,0.0,0.0,0.02,71.0,11.0,7.4,5.0,E,0.005952380952380953
Aragami,PS4,2016.0,Action,FuRyu Corporation,0.02,0.0,0.0,0.0,0.02,71.0,29.0,7.6,22.0,M,0.005952380952380953
GT Legends,PC,2005.0,Racing,Atari,0.0,0.02,0.0,0.0,0.02,84.0,21.0,8.6,44.0,E,0.005952380952380953
Pac-Man World Rally,PS2,2006.0,Racing,Namco Bandai Games,0.01,0.01,0.0,0.0,0.02,54.0,20.0,7.4,5.0,E,0.005952380952380953
Kung Fu Panda,PC,2008.0,Action,Activision,0.0,0.02,0.0,0.0,0.02,71.0,11.0,7.8,12.0,E10+,0.005952380952380953
Street Fighter X Tekken,PC,2012.0,Fighting,Capcom,0.0,0.02,0.0,0.0,0.02,79.0,8.0,6.4,134.0,T,0.005952380952380953
Frontlines: Fuel of War,PC,2008.0,Shooter,THQ,0.0,0.02,0.0,0.0,0.02,73.0,19.0,6.9,171.0,T,0.005952380952380953
Raven Squad: Operation Hidden Dagger,PC,2009.0,Shooter,Evolved Games,0.02,0.0,0.0,0.0,0.02,39.0,11.0,3.1,61.0,T,0.005952380952380953
Tom Clancys EndWar,PC,2009.0,Strategy,Ubisoft,0.0,0.02,0.0,0.0,0.02,68.0,24.0,6.7,42.0,T,0.005952380952380953
Zathura,X,2005.0,Adventure,Take-Two Interactive,0.02,0.0,0.0,0.0,0.02,48.0,15.0,5.5,4.0,E10+,0.005952380952380953
Guitar Hero III: Legends of Rock,PC,2007.0,Misc,Aspyr,0.02,0.0,0.0,0.0,0.02,79.0,15.0,7.2,63.0,T,0.005952380952380953
Plants vs. Zombies: Garden Warfare,PC,2014.0,Shooter,Electronic Arts,0.0,0.02,0.0,0.0,0.02,78.0,11.0,7.8,187.0,E10+,0.005952380952380953
Test Drive Unlimited,PC,2007.0,Racing,Atari,0.0,0.02,0.0,0.0,0.02,79.0,18.0,8.1,124.0,T,0.005952380952380953
F1 Race Stars,PC,2012.0,Racing,Codemasters,0.0,0.02,0.0,0.0,0.02,62.0,8.0,5.4,46.0,E,0.005952380952380953
Eureka Seven Vol. 2: The New Vision,PS2,2006.0,Shooter,Namco Bandai Games,0.0,0.0,0.02,0.0,0.02,40.0,17.0,7.0,5.0,T,0.005952380952380953
RollerCoaster Tycoon World,PC,2016.0,Simulation,Atari,0.0,0.02,0.0,0.0,0.02,43.0,7.0,2.6,38.0,E,0.005952380952380953
Greys Anatomy: The Video Game,PC,2009.0,Adventure,Ubisoft,0.0,0.02,0.0,0.0,0.02,36.0,4.0,3.9,20.0,T,0.005952380952380953
Serious Sam: Next Encounter,GC,2004.0,Shooter,Global Star,0.02,0.0,0.0,0.0,0.02,69.0,18.0,8.4,9.0,M,0.005952380952380953
Left 4 Dead,PC,2008.0,Shooter,Electronic Arts,0.0,0.02,0.0,0.0,0.02,89.0,58.0,9.2,3725.0,M,0.005952380952380953
Knights Apprentice: Memoricks Adventures,X,2004.0,Action,Microids,0.02,0.0,0.0,0.0,0.02,53.0,11.0,4.5,8.0,T,0.005952380952380953
Freedom Wings,DS,2006.0,Simulation,Natsume,0.02,0.0,0.0,0.0,0.02,46.0,7.0,7.7,6.0,E10+,0.005952380952380953
Dynasty Warriors 8: Empires,PSV,2015.0,Action,Tecmo Koei,0.0,0.0,0.02,0.0,0.02,70.0,15.0,7.4,9.0,T,0.005952380952380953
Iron Phoenix,X,2005.0,Fighting,Sega,0.02,0.0,0.0,0.0,0.02,58.0,11.0,6.5,4.0,T,0.005952380952380953
Kuon,PS2,2004.0,Adventure,Indie Games,0.01,0.01,0.0,0.0,0.02,57.0,20.0,7.7,9.0,M,0.005952380952380953
Fuel,PC,2009.0,Racing,Codemasters,0.0,0.02,0.0,0.0,0.02,67.0,16.0,6.7,86.0,E,0.005952380952380953
Dungeon Defenders,PC,2011.0,Role-Playing,Unknown,0.02,0.0,0.0,0.0,0.02,81.0,26.0,7.3,400.0,E10+,0.005952380952380953
Group S Challenge,X,2003.0,Racing,Capcom,0.02,0.0,0.0,0.0,0.02,57.0,17.0,6.0,5.0,E,0.005952380952380953
Indigo Prophecy,PC,2005.0,Adventure,Atari,0.0,0.02,0.0,0.0,0.02,85.0,41.0,8.3,381.0,M,0.005952380952380953
Overlord,PC,2007.0,Strategy,Codemasters,0.0,0.02,0.0,0.0,0.02,81.0,27.0,8.1,223.0,T,0.005952380952380953
Balls of Fury,Wii,2007.0,Sports,Zoo Digital Publishing,0.02,0.0,0.0,0.0,0.02,19.0,6.0,2.8,25.0,E10+,0.005952380952380953
Quake 4,PC,2005.0,Shooter,Activision,0.0,0.02,0.0,0.0,0.02,81.0,62.0,7.6,285.0,M,0.005952380952380953
FIFA Soccer 09,PC,2008.0,Sports,Electronic Arts,0.0,0.02,0.0,0.0,0.02,77.0,15.0,6.8,36.0,E,0.005952380952380953
East India Company,PC,2009.0,Strategy,Paradox Interactive,0.02,0.0,0.0,0.0,0.02,67.0,28.0,5.7,49.0,T,0.005952380952380953
The Lord of the Rings: The Battle for Middle-Earth II,PC,2006.0,Strategy,Electronic Arts,0.01,0.01,0.0,0.0,0.02,84.0,36.0,7.5,368.0,T,0.005952380952380953
XGRA: Extreme G Racing Association,GC,2003.0,Racing,Acclaim Entertainment,0.02,0.0,0.0,0.0,0.02,69.0,13.0,7.0,5.0,T,0.005952380952380953
Max Payne,PC,2001.0,Shooter,Take-Two Interactive,0.0,0.02,0.0,0.0,0.02,89.0,32.0,9.1,1031.0,M,0.005952380952380953
Sniper Elite V2,WiiU,2013.0,Shooter,505 Games,0.0,0.02,0.0,0.0,0.02,58.0,5.0,5.8,30.0,M,0.005952380952380953
SBK: Snowboard Kids,DS,2005.0,Sports,Rising Star Games,0.02,0.0,0.0,0.0,0.02,63.0,14.0,6.5,4.0,E,0.005952380952380953
Homeworld,PC,1998.0,Strategy,Vivendi Games,0.0,0.02,0.0,0.0,0.02,93.0,20.0,9.0,328.0,E,0.005952380952380953
The Fast and the Furious,PSP,2007.0,Racing,Deep Silver,0.02,0.0,0.0,0.0,0.02,58.0,7.0,5.3,6.0,T,0.005952380952380953
Order of War,PC,2009.0,Strategy,Square Enix,0.0,0.01,0.0,0.0,0.02,69.0,39.0,7.3,73.0,T,0.005952380952380953
The Awakened Fate Ultimatum,PS3,2014.0,Role-Playing,Nippon Ichi Software,0.0,0.0,0.02,0.0,0.02,65.0,20.0,7.3,23.0,T,0.005952380952380953
Sacred 3,PC,2014.0,Role-Playing,Deep Silver,0.0,0.02,0.0,0.0,0.02,57.0,47.0,1.4,547.0,M,0.005952380952380953
Maximum Capacity: Hotel Giant,PC,2002.0,Strategy,JoWood Productions,0.0,0.02,0.0,0.0,0.02,59.0,11.0,7.7,9.0,T,0.005952380952380953
Legend: Hand of God,PC,2007.0,Role-Playing,DTP Entertainment,0.0,0.02,0.0,0.0,0.02,57.0,9.0,5.8,19.0,M,0.005952380952380953
Lara Croft and the Temple of Osiris,PC,2014.0,Action,Square Enix,0.0,0.02,0.0,0.0,0.02,73.0,17.0,5.4,53.0,T,0.005952380952380953
SAW,PC,2009.0,Action,Konami Digital Entertainment,0.0,0.02,0.0,0.0,0.02,55.0,6.0,6.0,31.0,M,0.005952380952380953
Spider-Man 3,PC,2007.0,Platform,Activision,0.02,0.0,0.0,0.0,0.02,62.0,16.0,7.2,30.0,T,0.005952380952380953
Spider-Man: Web of Shadows,PC,2008.0,Action,Activision,0.0,0.02,0.0,0.0,0.02,52.0,11.0,7.8,57.0,T,0.005952380952380953
Headhunter: Redemption,X,2004.0,Action,Sega,0.02,0.0,0.0,0.0,0.02,59.0,26.0,6.8,4.0,M,0.005952380952380953
The Lord of the Rings Online: Mines of Moria,PC,2008.0,Role-Playing,Codemasters Online,0.0,0.02,0.0,0.0,0.02,85.0,24.0,8.2,99.0,T,0.005952380952380953
Chicago Enforcer,X,2005.0,Shooter,Kemco,0.02,0.0,0.0,0.0,0.02,33.0,9.0,2.8,4.0,M,0.005952380952380953
Stormrise,PC,2009.0,Strategy,Sega,0.0,0.02,0.0,0.0,0.02,42.0,15.0,4.9,22.0,M,0.005952380952380953
Painkiller,PC,2004.0,Shooter,DreamCatcher Interactive,0.0,0.02,0.0,0.0,0.02,81.0,62.0,8.1,288.0,M,0.005952380952380953
Quantum Break,PC,2016.0,Action,Microsoft Game Studios,0.0,0.02,0.0,0.0,0.02,66.0,14.0,4.4,552.0,M,0.005952380952380953
Ruff Trigger: The Vanocore Conspiracy,PS2,2006.0,Platform,Natsume,0.01,0.01,0.0,0.0,0.02,57.0,8.0,7.0,7.0,E10+,0.005952380952380953
Nervous Brickdown,DS,2007.0,Puzzle,Eidos Interactive,0.0,0.01,0.0,0.0,0.02,70.0,21.0,7.5,11.0,E,0.005952380952380953
XGRA: Extreme G Racing Association,X,2003.0,Racing,Acclaim Entertainment,0.02,0.0,0.0,0.0,0.02,66.0,15.0,6.8,5.0,T,0.005952380952380953
Motocross Mania 3,X,2005.0,Racing,Take-Two Interactive,0.01,0.0,0.0,0.0,0.02,38.0,9.0,3.6,7.0,T,0.005952380952380953
Fist of the North Star: Kens Rage 2,WiiU,2013.0,Fighting,Tecmo Koei,0.0,0.0,0.02,0.0,0.02,40.0,4.0,5.8,18.0,M,0.005952380952380953
Hellgate: London,PC,2007.0,Role-Playing,Electronic Arts,0.0,0.02,0.0,0.0,0.02,70.0,40.0,6.3,375.0,M,0.005952380952380953
Tenkai Knights: Brave Battle,3DS,2014.0,Action,Namco Bandai Games,0.01,0.01,0.0,0.0,0.02,26.0,10.0,2.4,22.0,E10+,0.005952380952380953
TOCA Race Driver 3,PC,2006.0,Racing,Codemasters,0.0,0.02,0.0,0.0,0.02,84.0,16.0,7.8,54.0,E10+,0.005952380952380953
Broken Sword 5: The Serpents Curse,XOne,2015.0,Adventure,Revolution Software,0.0,0.02,0.0,0.0,0.02,77.0,12.0,7.2,11.0,T,0.005952380952380953
Cartoon Network Battle Crashers,PS4,2016.0,Action,FuRyu Corporation,0.02,0.0,0.0,0.0,0.02,21.0,4.0,1.3,9.0,E10+,0.005952380952380953
Super Dungeon Bros,PS4,2016.0,Action,Nordic Games,0.02,0.0,0.0,0.0,0.02,43.0,10.0,2.3,7.0,E10+,0.005952380952380953
Pump It Up: Exceed,X,2005.0,Misc,Mastiff,0.01,0.0,0.0,0.0,0.02,74.0,9.0,7.5,4.0,T,0.005952380952380953
Just Sing,PS4,2016.0,Misc,Ubisoft,0.02,0.0,0.0,0.0,0.02,60.0,5.0,7.0,7.0,E10+,0.005952380952380953
Battle Princess of Arcadias,PS3,2013.0,Role-Playing,Nippon Ichi Software,0.0,0.0,0.02,0.0,0.02,69.0,22.0,7.9,25.0,T,0.005952380952380953
Ridge Racer Unbounded,PC,2012.0,Racing,Namco Bandai Games,0.0,0.02,0.0,0.0,0.02,72.0,9.0,6.0,83.0,T,0.005952380952380953
Digimon Rumble Arena 2,X,2004.0,Fighting,Atari,0.01,0.0,0.0,0.0,0.02,65.0,8.0,8.8,4.0,T,0.005952380952380953
Mini Ninjas,PC,2009.0,Action,Eidos Interactive,0.0,0.02,0.0,0.0,0.02,74.0,14.0,8.3,78.0,E10+,0.005952380952380953
Tom Clancys Splinter Cell Classic Trilogy HD,PS3,2011.0,Action,Ubisoft,0.02,0.0,0.0,0.0,0.02,67.0,21.0,6.8,29.0,M,0.005952380952380953
Crysis: Warhead,PC,2008.0,Shooter,Electronic Arts,0.0,0.02,0.0,0.0,0.02,84.0,56.0,7.9,519.0,M,0.005952380952380953
Hogs of War,PS,2000.0,Strategy,Infogrames,0.01,0.01,0.0,0.0,0.02,62.0,10.0,8.7,32.0,T,0.005952380952380953
Still Life 2,PC,2009.0,Adventure,Rondomedia,0.0,0.02,0.0,0.0,0.02,67.0,15.0,5.7,54.0,M,0.005952380952380953
The Crew: Wild Run,XOne,2015.0,Action,Ubisoft,0.0,0.02,0.0,0.0,0.02,65.0,5.0,6.6,21.0,T,0.005952380952380953
Vietcong,PC,2003.0,Shooter,Gathering of Developers,0.0,0.02,0.0,0.0,0.02,74.0,22.0,8.7,76.0,T,0.005952380952380953
Point Blank 3,PS,2000.0,Shooter,Namco Bandai Games,0.01,0.01,0.0,0.0,0.02,78.0,5.0,8.4,5.0,T,0.005952380952380953
Pillars of Eternity,PC,2014.0,Role-Playing,Paradox Interactive,0.0,0.02,0.0,0.0,0.02,89.0,71.0,8.3,2200.0,M,0.005952380952380953
Charlies Angels,GC,2003.0,Action,Ubisoft,0.01,0.0,0.0,0.0,0.02,23.0,21.0,3.3,23.0,T,0.005952380952380953
The Testament of Sherlock Holmes,X360,2012.0,Adventure,Focus Home Interactive,0.0,0.02,0.0,0.0,0.02,64.0,24.0,7.6,30.0,M,0.005952380952380953
uDraw Studio: Instant Artist,X360,2011.0,Misc,THQ,0.01,0.01,0.0,0.0,0.02,54.0,5.0,5.7,6.0,E,0.005952380952380953
Starship Troopers,PC,2005.0,Shooter,Empire Interactive,0.0,0.02,0.0,0.0,0.02,46.0,18.0,6.1,29.0,M,0.005952380952380953
Marvel Avengers: Battle for Earth,X360,2012.0,Action,Ubisoft,0.02,0.0,0.0,0.0,0.02,62.0,11.0,7.3,12.0,T,0.005952380952380953
Urban Chaos: Riot Response,X,2006.0,Shooter,Eidos Interactive,0.01,0.0,0.0,0.0,0.02,72.0,34.0,8.6,9.0,M,0.005952380952380953
The Crew: Wild Run,PC,2015.0,Action,Ubisoft,0.0,0.02,0.0,0.0,0.02,74.0,6.0,7.4,41.0,T,0.005952380952380953
Heroes of the Pacific,PC,2005.0,Simulation,Codemasters,0.0,0.02,0.0,0.0,0.02,76.0,18.0,6.7,19.0,T,0.005952380952380953
Broken Sword: The Sleeping Dragon,X,2003.0,Adventure,THQ,0.01,0.0,0.0,0.0,0.02,77.0,24.0,8.3,12.0,T,0.005952380952380953
Darksiders,PS3,2010.0,Action,THQ,0.01,0.0,0.0,0.0,0.02,82.0,73.0,7.9,321.0,M,0.005952380952380953
Tycoon City: New York,PC,2006.0,Strategy,Atari,0.0,0.02,0.0,0.0,0.02,67.0,30.0,8.3,4.0,T,0.005952380952380953
Chili Con Carnage,PSP,2007.0,Shooter,Eidos Interactive,0.0,0.01,0.0,0.0,0.02,74.0,37.0,7.9,14.0,M,0.005952380952380953
NHL 09,PC,2008.0,Sports,Electronic Arts,0.0,0.02,0.0,0.0,0.02,62.0,6.0,4.1,30.0,E10+,0.005952380952380953
WorldShift,PC,2009.0,Strategy,Playlogic Game Factory,0.02,0.0,0.0,0.0,0.02,63.0,9.0,8.1,8.0,T,0.005952380952380953
Legendary,PC,2008.0,Shooter,Atari,0.0,0.01,0.0,0.0,0.02,50.0,23.0,6.6,104.0,M,0.005952380952380953
Red Ninja: End of Honor,X,2005.0,Action,Vivendi Games,0.01,0.0,0.0,0.0,0.02,46.0,25.0,4.0,5.0,M,0.005952380952380953
Commandos 3: Destination Berlin,PC,2003.0,Strategy,Eidos Interactive,0.0,0.02,0.0,0.0,0.02,72.0,24.0,7.5,84.0,T,0.005952380952380953
James Bond 007: Blood Stone,PC,2010.0,Shooter,Activision,0.02,0.0,0.0,0.0,0.02,63.0,17.0,7.1,72.0,T,0.005952380952380953
Puzzle Quest: Challenge of the Warlords,PSP,2007.0,Puzzle,D3Publisher,0.01,0.0,0.0,0.0,0.02,84.0,32.0,8.0,19.0,E10+,0.005952380952380953
Emergency Mayhem,Wii,2008.0,Racing,Codemasters,0.02,0.0,0.0,0.0,0.02,40.0,21.0,4.3,4.0,T,0.005952380952380953
Uru: Ages Beyond Myst,PC,2003.0,Adventure,Ubisoft,0.0,0.02,0.0,0.0,0.02,79.0,22.0,7.5,30.0,E,0.005952380952380953
TMNT: Mutant Melee,X,2005.0,Fighting,Konami Digital Entertainment,0.01,0.0,0.0,0.0,0.02,43.0,13.0,4.8,5.0,T,0.005952380952380953
RoboCop,X,2003.0,Shooter,Titus,0.01,0.0,0.0,0.0,0.02,30.0,9.0,3.6,12.0,M,0.005952380952380953
Blood Bowl: Legendary Edition,PC,2010.0,Sports,Focus Home Interactive,0.0,0.01,0.0,0.0,0.02,73.0,13.0,6.4,75.0,T,0.005952380952380953
Worms,X360,2007.0,Strategy,Microsoft Game Studios,0.0,0.02,0.0,0.0,0.02,75.0,25.0,6.9,28.0,E10+,0.005952380952380953
Invizimals: The Lost Kingdom,PS3,2013.0,Action,Sony Computer Entertainment,0.0,0.02,0.0,0.0,0.02,50.0,16.0,5.0,14.0,E10+,0.005952380952380953
NHL 2K3,GC,2002.0,Sports,Sega,0.01,0.0,0.0,0.0,0.02,89.0,11.0,8.0,6.0,E,0.005952380952380953
Space Channel 5: Ulalas Cosmic Attack,GBA,2002.0,Misc,Atari,0.01,0.0,0.0,0.0,0.02,55.0,15.0,8.0,5.0,E,0.005952380952380953
Virtua Quest,PS2,2004.0,Role-Playing,Sega,0.01,0.01,0.0,0.0,0.02,53.0,17.0,7.6,5.0,T,0.005952380952380953
Worms: WMD,XOne,2016.0,Action,Sold Out,0.02,0.0,0.0,0.0,0.02,75.0,24.0,8.1,7.0,E10+,0.005952380952380953
Castle Shikigami 2,PS2,2004.0,Shooter,Play It,0.01,0.01,0.0,0.0,0.02,67.0,4.0,7.4,8.0,E,0.005952380952380953
Peggle Nights,PC,2008.0,Puzzle,PopCap Games,0.0,0.01,0.0,0.0,0.02,76.0,15.0,8.1,24.0,E,0.005952380952380953
Sherlock Holmes: The Devils Daughter,XOne,2016.0,Adventure,Bigben Interactive,0.02,0.0,0.0,0.0,0.02,66.0,11.0,7.7,25.0,T,0.005952380952380953
Pulse Racer,X,2003.0,Racing,Jaleco,0.01,0.0,0.0,0.0,0.02,24.0,7.0,2.8,17.0,E,0.005952380952380953
Azure Striker Gunvolt,3DS,2016.0,Action,Yacht Club Games,0.02,0.0,0.0,0.0,0.02,77.0,20.0,8.4,63.0,E10+,0.005952380952380953
Combat Flight Simulator 3: Battle for Europe,PC,2002.0,Simulation,Microsoft Game Studios,0.01,0.01,0.0,0.0,0.02,69.0,16.0,6.5,22.0,E,0.005952380952380953
Rogue Trooper,X,2006.0,Shooter,Eidos Interactive,0.01,0.0,0.0,0.0,0.02,71.0,37.0,8.5,11.0,T,0.005952380952380953
NBA 07,PS2,2006.0,Sports,Sony Computer Entertainment,0.01,0.01,0.0,0.0,0.02,63.0,24.0,6.8,5.0,E,0.005952380952380953
Tomb Raider: Legend,PC,2006.0,Action,Eidos Interactive,0.0,0.01,0.0,0.0,0.02,82.0,31.0,7.9,251.0,T,0.005952380952380953
Dungeons 2,PS4,2016.0,Role-Playing,Kalypso Media,0.01,0.0,0.0,0.0,0.02,61.0,9.0,7.9,14.0,T,0.005952380952380953
Ride 2,PC,2016.0,Racing,Milestone S.r.l,0.0,0.02,0.0,0.0,0.02,78.0,4.0,7.9,14.0,E,0.005952380952380953
Pirates: Legend of the Black Buccaneer,PS2,2006.0,Adventure,10TACLE Studios,0.01,0.01,0.0,0.0,0.02,42.0,4.0,7.0,5.0,T,0.005952380952380953
Aedis Eclipse: Generation of Chaos,PSP,2006.0,Role-Playing,Idea Factory,0.02,0.0,0.0,0.0,0.02,62.0,20.0,6.5,11.0,E10+,0.005952380952380953
Without Warning,X,2005.0,Shooter,Capcom,0.01,0.0,0.0,0.0,0.02,45.0,25.0,2.0,5.0,M,0.005952380952380953
Digimon Rumble Arena,PS,2001.0,Fighting,Namco Bandai Games,0.01,0.01,0.0,0.0,0.02,64.0,5.0,8.8,71.0,E,0.005952380952380953
Final Fight: Streetwise,X,2006.0,Action,Capcom,0.01,0.0,0.0,0.0,0.02,42.0,29.0,4.0,4.0,M,0.005952380952380953
Goblin Commander: Unleash the Horde,GC,2003.0,Strategy,Jaleco,0.01,0.0,0.0,0.0,0.02,71.0,19.0,7.8,6.0,T,0.005952380952380953
Top Gear RPM Tuning,X,2005.0,Racing,Wanadoo,0.01,0.0,0.0,0.0,0.02,45.0,10.0,8.0,5.0,T,0.005952380952380953
Dungeons - The Dark Lord,PC,2011.0,Strategy,Kalypso Media,0.0,0.01,0.0,0.0,0.02,72.0,6.0,5.6,16.0,M,0.005952380952380953
Divinity: Original Sin,PC,2014.0,Role-Playing,Focus Home Interactive,0.0,0.02,0.0,0.0,0.02,87.0,59.0,8.7,2094.0,M,0.005952380952380953
Just Cause,PC,2006.0,Action,Eidos Interactive,0.0,0.01,0.0,0.0,0.02,75.0,21.0,7.3,207.0,M,0.005952380952380953
Unreal Tournament 2004,PC,2004.0,Shooter,Atari,0.0,0.01,0.0,0.0,0.02,93.0,48.0,8.9,542.0,M,0.005952380952380953
Pirates of the Burning Sea,PC,2008.0,Role-Playing,Koch Media,0.0,0.01,0.0,0.0,0.02,76.0,30.0,7.6,61.0,T,0.005952380952380953
Republique,PS4,2016.0,Action,Nippon Ichi Software,0.0,0.01,0.01,0.0,0.02,72.0,35.0,5.9,30.0,M,0.005952380952380953
Army Men: Major Malfunction,X,2006.0,Shooter,Global Star,0.01,0.0,0.0,0.0,0.02,36.0,6.0,4.0,5.0,T,0.005952380952380953
The Longest Journey,PC,1999.0,Adventure,Empire Interactive,0.0,0.01,0.0,0.0,0.02,91.0,26.0,8.9,443.0,M,0.005952380952380953
Super Stardust Ultra VR,PS4,2016.0,Shooter,Sony Computer Entertainment,0.0,0.01,0.0,0.0,0.02,66.0,13.0,6.2,13.0,E10+,0.005952380952380953
Lost: Via Domus,PC,2008.0,Action,Ubisoft,0.0,0.01,0.0,0.0,0.02,52.0,22.0,6.0,38.0,T,0.005952380952380953
The Haunted: Hells Reach,PC,2011.0,Shooter,Visco,0.02,0.0,0.0,0.0,0.02,51.0,8.0,7.6,47.0,M,0.005952380952380953
Disciples III: Renaissance,PC,2010.0,Strategy,Kalypso Media,0.0,0.01,0.0,0.0,0.02,56.0,36.0,5.4,105.0,T,0.005952380952380953
Judge Dredd: Dredd Vs Death,X,2003.0,Shooter,Vivendi Games,0.01,0.0,0.0,0.0,0.02,57.0,17.0,6.7,7.0,M,0.005952380952380953
Dark Void,PC,2010.0,Action,Capcom,0.0,0.01,0.0,0.0,0.02,57.0,22.0,5.1,67.0,T,0.005952380952380953
Stronghold Legends,PC,2006.0,Strategy,Take-Two Interactive,0.0,0.01,0.0,0.0,0.02,57.0,19.0,7.2,44.0,T,0.005952380952380953
Worms World Party,PC,2001.0,Strategy,Virgin Interactive,0.0,0.01,0.0,0.0,0.02,75.0,8.0,7.6,69.0,E,0.005952380952380953
Gears of War,PC,2007.0,Shooter,Microsoft Game Studios,0.0,0.01,0.0,0.0,0.02,87.0,36.0,7.8,573.0,M,0.005952380952380953
Dragon Booster,DS,2005.0,Shooter,Konami Digital Entertainment,0.02,0.0,0.0,0.0,0.02,33.0,14.0,7.0,9.0,E,0.005952380952380953
Post Mortem,PC,2003.0,Adventure,Microids,0.0,0.01,0.0,0.0,0.02,71.0,25.0,8.0,28.0,M,0.005952380952380953
LEGO Star Wars II: The Original Trilogy,PC,2006.0,Action,Activision,0.0,0.01,0.0,0.0,0.02,86.0,20.0,8.2,65.0,E10+,0.005952380952380953
Star Trek: Legacy,PC,2006.0,Simulation,Ubisoft,0.0,0.01,0.0,0.0,0.02,56.0,25.0,4.0,35.0,E10+,0.005952380952380953
Wall-E,PC,2008.0,Platform,THQ,0.0,0.01,0.0,0.0,0.02,58.0,6.0,6.8,17.0,E,0.005952380952380953
Majesty 2: The Fantasy Kingdom Sim,PC,2009.0,Simulation,Paradox Interactive,0.01,0.0,0.0,0.0,0.02,72.0,31.0,7.3,129.0,T,0.005952380952380953
Carmageddon: Max Damage,PS4,2016.0,Action,Stainless Games,0.01,0.0,0.0,0.0,0.02,51.0,28.0,5.5,39.0,M,0.005952380952380953
Sniper Elite,PC,2005.0,Shooter,MC2 Entertainment,0.0,0.01,0.0,0.0,0.02,76.0,13.0,8.0,143.0,M,0.005952380952380953
A Vampyre Story,PC,2008.0,Adventure,Crimson Cow,0.0,0.01,0.0,0.0,0.02,75.0,33.0,8.5,25.0,T,0.005952380952380953
Syberia II,PC,2004.0,Adventure,MC2 Entertainment,0.0,0.01,0.0,0.0,0.02,80.0,23.0,8.4,152.0,T,0.005952380952380953
Antz Extreme Racing,X,2002.0,Racing,Empire Interactive,0.01,0.0,0.0,0.0,0.02,35.0,4.0,8.7,10.0,E,0.005952380952380953
Assetto Corsa,XOne,2016.0,Racing,505 Games,0.0,0.01,0.0,0.0,0.02,63.0,9.0,6.7,27.0,E,0.005952380952380953
Enemy Territory: Quake Wars,PC,2007.0,Shooter,Activision,0.01,0.0,0.0,0.0,0.02,84.0,55.0,8.3,231.0,T,0.005952380952380953
Kao the Kangaroo Round 2,PS2,2005.0,Platform,JoWood Productions,0.01,0.01,0.0,0.0,0.02,58.0,12.0,8.7,7.0,E,0.005952380952380953
Colin McRae Rally 2005,PC,2004.0,Racing,Codemasters,0.0,0.01,0.0,0.0,0.02,83.0,11.0,7.2,52.0,E,0.005952380952380953
Online Chess Kingdoms,PSP,2006.0,Misc,Konami Digital Entertainment,0.01,0.0,0.0,0.0,0.02,60.0,17.0,6.8,6.0,E,0.005952380952380953
FIFA Soccer 08,PC,2007.0,Sports,Electronic Arts,0.0,0.01,0.0,0.0,0.02,77.0,7.0,6.1,50.0,E,0.005952380952380953
Hummer Badlands,X,2006.0,Racing,Global Star,0.01,0.0,0.0,0.0,0.02,44.0,7.0,6.0,5.0,E,0.005952380952380953
Sherlock Holmes: The Devils Daughter,PC,2016.0,Adventure,Bigben Interactive,0.0,0.01,0.0,0.0,0.02,65.0,18.0,7.2,75.0,T,0.005952380952380953
Just Cause,PS2,2006.0,Action,Eidos Interactive,0.01,0.01,0.0,0.0,0.02,67.0,23.0,7.9,41.0,M,0.005952380952380953
Valentino Rossi: The Game,PC,2016.0,Racing,Namco Bandai Games,0.0,0.01,0.0,0.0,0.02,72.0,4.0,6.2,14.0,E,0.005952380952380953
Drone Tactics,DS,2007.0,Strategy,Success,0.01,0.0,0.0,0.0,0.02,74.0,12.0,7.4,7.0,E10+,0.005952380952380953
DuckTales: Remastered,PC,2013.0,Action,Capcom,0.0,0.01,0.0,0.0,0.02,66.0,6.0,7.5,156.0,E,0.005952380952380953
Evil Genius,PC,2004.0,Strategy,Vivendi Games,0.0,0.01,0.0,0.0,0.02,75.0,51.0,8.3,106.0,T,0.005952380952380953
Imperium Romanum,PC,2008.0,Strategy,Kalypso Media,0.0,0.01,0.0,0.0,0.02,63.0,19.0,7.5,24.0,E10+,0.005952380952380953
Blackthorne,GBA,2003.0,Action,Activision,0.01,0.0,0.0,0.0,0.01,67.0,10.0,7.6,5.0,T,0.0
Contrast,PC,2013.0,Platform,Focus Home Interactive,0.0,0.01,0.0,0.0,0.01,62.0,24.0,7.7,172.0,T,0.0
Space Invaders Revolution,DS,2005.0,Shooter,Rising Star Games,0.01,0.0,0.0,0.0,0.01,49.0,9.0,5.2,5.0,E,0.0
Turok,PC,2008.0,Action,Touchstone,0.0,0.01,0.0,0.0,0.01,65.0,16.0,6.4,56.0,M,0.0
Sengoku,PC,2011.0,Strategy,Paradox Interactive,0.0,0.01,0.0,0.0,0.01,70.0,13.0,6.8,86.0,T,0.0
Ship Simulator 2008,PC,2007.0,Simulation,Lighthouse Interactive,0.0,0.01,0.0,0.0,0.01,62.0,9.0,6.6,8.0,E,0.0
The Technomancer,PC,2016.0,Role-Playing,Focus Home Interactive,0.0,0.01,0.0,0.0,0.01,56.0,34.0,6.8,152.0,M,0.0
Guild Wars: Factions,PC,2006.0,Role-Playing,NCSoft,0.0,0.01,0.0,0.0,0.01,84.0,39.0,8.5,128.0,T,0.0
Don Bradman Cricket 14,PS3,2014.0,Sports,Tru Blu Entertainment,0.0,0.01,0.0,0.0,0.01,73.0,5.0,7.0,56.0,E,0.0
Codename: Panzers Phase Two,PC,2005.0,Strategy,CDV Software Entertainment,0.0,0.01,0.0,0.0,0.01,80.0,36.0,8.1,15.0,T,0.0
The Last Remnant,PC,2009.0,Role-Playing,Square Enix,0.0,0.01,0.0,0.0,0.01,66.0,23.0,8.3,241.0,M,0.0
Unreal Tournament 2003,PC,2002.0,Shooter,Atari,0.0,0.01,0.0,0.0,0.01,86.0,27.0,8.2,99.0,M,0.0
Aquaman: Battle for Atlantis,X,2003.0,Action,TDK Mediactive,0.01,0.0,0.0,0.0,0.01,26.0,13.0,2.7,15.0,T,0.0
Call of Juarez,PC,2006.0,Shooter,Ubisoft,0.0,0.01,0.0,0.0,0.01,72.0,25.0,7.8,224.0,M,0.0
Neverwinter Nights 2: Mask of the Betrayer,PC,2007.0,Role-Playing,Atari,0.0,0.01,0.0,0.0,0.01,82.0,25.0,8.8,183.0,T,0.0
Mortal Kombat: Tournament Edition,GBA,2003.0,Fighting,Midway Games,0.01,0.0,0.0,0.0,0.01,75.0,14.0,8.1,8.0,M,0.0
Grand Theft Auto III,PC,2002.0,Action,Take-Two Interactive,0.0,0.01,0.0,0.0,0.01,93.0,20.0,8.4,815.0,M,0.0
Rayman Raving Rabbids,PC,2006.0,Misc,Ubisoft,0.0,0.01,0.0,0.0,0.01,58.0,6.0,7.7,32.0,E,0.0
LifeSigns: Surgical Unit,DS,2005.0,Simulation,JoWood Productions,0.01,0.01,0.0,0.0,0.01,61.0,17.0,7.8,5.0,T,0.0
Grooverider: Slot Car Thunder,X,2003.0,Racing,Encore,0.01,0.0,0.0,0.0,0.01,45.0,9.0,7.3,8.0,E,0.0
Impossible Creatures,PC,2002.0,Strategy,Microsoft Game Studios,0.0,0.01,0.0,0.0,0.01,72.0,30.0,8.0,39.0,T,0.0
Aeon Flux,X,2005.0,Action,THQ,0.01,0.0,0.0,0.0,0.01,69.0,27.0,3.0,4.0,T,0.0
Serious Sam II,PC,2005.0,Shooter,Take-Two Interactive,0.0,0.01,0.0,0.0,0.01,74.0,31.0,7.0,153.0,M,0.0
Fast Racing Neo ,WiiU,2016.0,Action,Nintendo,0.0,0.01,0.0,0.0,0.01,81.0,46.0,8.5,151.0,E,0.0
Monster Rancher Advance 2,GBA,2002.0,Simulation,Tecmo Koei,0.01,0.0,0.0,0.0,0.01,79.0,5.0,9.4,9.0,E,0.0
Madden NFL 13,PS3,2012.0,Sports,Electronic Arts,0.0,0.01,0.0,0.0,0.01,83.0,22.0,5.5,101.0,E,0.0
Theatre Of War,PC,2007.0,Strategy,Kalypso Media,0.0,0.01,0.0,0.0,0.01,66.0,13.0,6.2,21.0,T,0.0
IL-2 Sturmovik,PC,2001.0,Simulation,Blue Byte,0.0,0.01,0.0,0.0,0.01,91.0,12.0,8.7,131.0,T,0.0
Earths Dawn,PS4,2016.0,Action,Rising Star Games,0.01,0.0,0.0,0.0,0.01,70.0,11.0,8.3,6.0,T,0.0
htoL#NiQ: The Firefly Diary,PSV,2014.0,Platform,Nippon Ichi Software,0.0,0.0,0.01,0.0,0.01,58.0,16.0,7.7,23.0,T,0.0
Doki-Doki Universe,PSV,2013.0,Adventure,Sony Computer Entertainment,0.0,0.01,0.0,0.0,0.01,66.0,7.0,5.7,16.0,E10+,0.0
Homeworld Remastered Collection,PC,2015.0,Strategy,Gearbox Software,0.0,0.01,0.0,0.0,0.01,86.0,49.0,8.2,326.0,E10+,0.0
Metal Slug Anthology,PS2,2007.0,Shooter,Ignition Entertainment,0.0,0.0,0.01,0.0,0.01,80.0,20.0,8.1,16.0,T,0.0
Saints Row: Gat out of Hell,XOne,2015.0,Action,Deep Silver,0.0,0.01,0.0,0.0,0.01,65.0,16.0,6.0,27.0,M,0.0
BattleForge,PC,2009.0,Strategy,Electronic Arts,0.0,0.01,0.0,0.0,0.01,75.0,37.0,7.0,112.0,T,0.0
Groovin Blocks,Wii,2009.0,Puzzle,Zoo Games,0.01,0.0,0.0,0.0,0.01,75.0,13.0,8.5,6.0,E,0.0
Rail Simulator,PC,2007.0,Simulation,Electronic Arts,0.0,0.01,0.0,0.0,0.01,72.0,13.0,6.9,24.0,E,0.0
Banjo-Kazooie,X360,2008.0,Platform,Microsoft Game Studios,0.0,0.01,0.0,0.0,0.01,77.0,17.0,8.2,70.0,E,0.0
Spider-Man: Friend or Foe,PC,2007.0,Action,Activision,0.01,0.0,0.0,0.0,0.01,57.0,9.0,5.3,11.0,E10+,0.0
Harry Potter and the Chamber of Secrets,PC,2002.0,Action,Electronic Arts,0.0,0.01,0.0,0.0,0.01,77.0,8.0,8.4,96.0,E,0.0
Marvel: Ultimate Alliance,PC,2006.0,Role-Playing,Activision,0.01,0.0,0.0,0.0,0.01,82.0,22.0,8.0,52.0,T,0.0
F.E.A.R. Perseus Mandate,PC,2007.0,Shooter,Vivendi Games,0.01,0.0,0.0,0.0,0.01,61.0,27.0,7.4,108.0,M,0.0
Deus Ex,PC,2000.0,Role-Playing,Eidos Interactive,0.0,0.01,0.0,0.0,0.01,90.0,28.0,9.3,1075.0,M,0.0
Aquaman: Battle for Atlantis,GC,2003.0,Action,TDK Mediactive,0.01,0.0,0.0,0.0,0.01,27.0,9.0,3.1,19.0,T,0.0
Mario vs. Donkey Kong: Tipping Stars,WiiU,2015.0,Puzzle,Nintendo,0.0,0.0,0.01,0.0,0.01,70.0,26.0,7.4,72.0,E,0.0
Goat Simulator,XOne,2016.0,Simulation,Koch Media,0.0,0.01,0.0,0.0,0.01,53.0,15.0,6.2,65.0,T,0.0
Art Academy: Home Studio,WiiU,2015.0,Misc,Nintendo,0.0,0.0,0.01,0.0,0.01,82.0,9.0,8.3,20.0,E,0.0
Tiger Woods PGA Tour 2005,PC,2004.0,Sports,Electronic Arts,0.0,0.01,0.0,0.0,0.01,91.0,16.0,4.5,39.0,E,0.0
Dokuro,PSV,2012.0,Action,GungHo,0.0,0.0,0.01,0.0,0.01,76.0,26.0,8.0,18.0,E10+,0.0
Smugglers Run,GBA,2002.0,Racing,Rebellion,0.01,0.0,0.0,0.0,0.01,41.0,5.0,4.3,12.0,E,0.0
TimeShift,PC,2007.0,Shooter,Vivendi Games,0.01,0.0,0.0,0.0,0.01,71.0,30.0,7.6,126.0,M,0.0
The Chronicles of Riddick: Assault on Dark Athena,PC,2009.0,Shooter,Vivendi Games,0.0,0.01,0.0,0.0,0.01,80.0,26.0,8.0,136.0,M,0.0
Freaky Flyers,GC,2003.0,Racing,Midway Games,0.01,0.0,0.0,0.0,0.01,69.0,14.0,6.5,6.0,T,0.0
Legend of Kay Anniversary,WiiU,2015.0,Action,Nordic Games,0.0,0.01,0.0,0.0,0.01,67.0,9.0,7.1,35.0,E10+,0.0
Conflict: Denied Ops,PC,2008.0,Shooter,Eidos Interactive,0.0,0.01,0.0,0.0,0.01,58.0,18.0,4.8,54.0,M,0.0
FlatOut: Ultimate Carnage,PC,2008.0,Racing,Empire Interactive,0.0,0.01,0.0,0.0,0.01,79.0,16.0,7.7,129.0,T,0.0
Battlestations: Midway,PC,2007.0,Strategy,Eidos Interactive,0.0,0.01,0.0,0.0,0.01,76.0,20.0,7.3,46.0,T,0.0
Greg Hastings Tournament Paintball Maxd,PS2,2006.0,Shooter,Activision,0.01,0.0,0.0,0.0,0.01,70.0,8.0,9.2,32.0,E10+,0.0
TrackMania Turbo,PC,2016.0,Action,Ubisoft,0.0,0.01,0.0,0.0,0.01,79.0,13.0,6.8,43.0,E,0.0
Werewolves Within,PS4,2016.0,Misc,Ubisoft,0.01,0.0,0.0,0.0,0.01,75.0,13.0,7.0,18.0,E,0.0
Inversion,PC,2012.0,Shooter,Namco Bandai Games,0.01,0.0,0.0,0.0,0.01,59.0,6.0,6.7,109.0,M,0.0
Powerdrome,X,2004.0,Racing,Evolved Games,0.01,0.0,0.0,0.0,0.01,69.0,12.0,7.0,9.0,T,0.0
Fullmetal Alchemist: Trading Card Game,DS,2007.0,Misc,Destineer,0.01,0.0,0.0,0.0,0.01,61.0,7.0,7.5,4.0,T,0.0
Myst,PSP,2006.0,Adventure,Midway Games,0.0,0.01,0.0,0.0,0.01,69.0,4.0,4.8,5.0,E,0.0
Darkened Skye,GC,2002.0,Adventure,TDK Mediactive,0.01,0.0,0.0,0.0,0.01,61.0,12.0,6.4,7.0,T,0.0
Juiced 2: Hot Import Nights,PC,2007.0,Racing,THQ,0.0,0.01,0.0,0.0,0.01,61.0,6.0,5.0,43.0,T,0.0
Dungeon Explorer: Warriors of Ancient Arts,PSP,2007.0,Role-Playing,Rising Star Games,0.01,0.0,0.0,0.0,0.01,56.0,13.0,5.5,4.0,T,0.0
Virtua Quest,GC,2004.0,Role-Playing,Sega,0.01,0.0,0.0,0.0,0.01,55.0,19.0,5.5,12.0,T,0.0
Icewind Dale II,PC,2002.0,Role-Playing,Interplay,0.0,0.01,0.0,0.0,0.01,83.0,22.0,8.3,147.0,T,0.0
Hoshigami: Ruining Blue Earth Remix,DS,2007.0,Role-Playing,505 Games,0.0,0.0,0.01,0.0,0.01,55.0,13.0,7.9,11.0,T,0.0
Alone in the Dark,PC,2008.0,Adventure,Atari,0.0,0.01,0.0,0.0,0.01,55.0,19.0,5.7,148.0,M,0.0
Pro Evolution Soccer 2010,PC,2009.0,Sports,Konami Digital Entertainment,0.0,0.01,0.0,0.0,0.01,78.0,8.0,6.9,49.0,E,0.0
Clive Barkers Jericho,PC,2007.0,Shooter,Codemasters,0.0,0.01,0.0,0.0,0.01,63.0,25.0,7.5,220.0,M,0.0
Madagascar: Escape 2 Africa,PC,2008.0,Action,Activision,0.01,0.0,0.0,0.0,0.01,58.0,6.0,8.0,4.0,E10+,0.0
Sega Rally Revo,PC,2007.0,Racing,Sega,0.0,0.01,0.0,0.0,0.01,74.0,9.0,7.6,18.0,E,0.0
Wade Hixtons Counter Punch,GBA,2004.0,Sports,"Destination Software, Inc",0.01,0.0,0.0,0.0,0.01,78.0,13.0,9.5,4.0,T,0.0
Kings Bounty: Armored Princess,PC,2009.0,Role-Playing,1C Company,0.0,0.01,0.0,0.0,0.01,82.0,25.0,8.6,159.0,T,0.0
Egg Mania: Eggstreme Madness,GC,2002.0,Puzzle,Kemco,0.01,0.0,0.0,0.0,0.01,64.0,7.0,8.0,4.0,E,0.0
The Eye of Judgment: Legends,PSP,2010.0,Strategy,Sony Computer Entertainment,0.0,0.0,0.01,0.0,0.01,69.0,17.0,7.9,16.0,E10+,0.0
Transformers: Fall of Cybertron,PC,2012.0,Action,Activision,0.01,0.0,0.0,0.0,0.01,78.0,13.0,7.9,121.0,T,0.0
Micro Machines V4,PS2,2006.0,Racing,Codemasters,0.01,0.0,0.0,0.0,0.01,64.0,35.0,6.8,8.0,E,0.0
The Dwarves,PC,2016.0,Role-Playing,THQ Nordic,0.0,0.01,0.0,0.0,0.01,64.0,13.0,6.2,38.0,M,0.0
Skullgirls: 2nd Encore,PS4,2016.0,Fighting,Arc System Works,0.0,0.0,0.01,0.0,0.01,82.0,18.0,7.6,26.0,T,0.0
The Dwarves,PS4,2016.0,Role-Playing,THQ Nordic,0.01,0.0,0.0,0.0,0.01,60.0,11.0,5.4,16.0,M,0.0
Dragon Ball Z for Kinect,X360,2012.0,Fighting,Namco Bandai Games,0.01,0.0,0.0,0.0,0.01,49.0,32.0,2.1,39.0,T,0.0
Trine,PC,2009.0,Action,Nobilis,0.0,0.01,0.0,0.0,0.01,80.0,50.0,8.2,493.0,E10+,0.0
Legacy of Kain: Defiance,PC,2003.0,Action,Eidos Interactive,0.0,0.01,0.0,0.0,0.01,70.0,11.0,8.7,68.0,M,0.0
Hospital Tycoon,PC,2007.0,Strategy,Codemasters,0.0,0.01,0.0,0.0,0.01,51.0,8.0,3.8,29.0,E10+,0.0
S\xc3\xa9bastien Loeb Rally Evo,XOne,2016.0,Racing,Milestone S.r.l,0.0,0.01,0.0,0.0,0.01,63.0,8.0,8.2,22.0,E,0.0
Karnaaj Rally,GBA,2003.0,Racing,Jaleco,0.01,0.0,0.0,0.0,0.01,81.0,9.0,7.6,5.0,E,0.0
Metal Gear Solid V: Ground Zeroes,PC,2014.0,Action,Konami Digital Entertainment,0.0,0.01,0.0,0.0,0.01,80.0,20.0,7.7,415.0,M,0.0
E.T. The Extra-Terrestrial,GBA,2001.0,Action,NewKidCo,0.01,0.0,0.0,0.0,0.01,46.0,4.0,2.2,23.0,E,0.0
Super Robot Taisen: Original Generation,GBA,2002.0,Role-Playing,Banpresto,0.01,0.0,0.0,0.0,0.01,72.0,13.0,9.3,4.0,T,0.0
Mortal Kombat: Deadly Alliance,GBA,2002.0,Fighting,Midway Games,0.01,0.0,0.0,0.0,0.01,81.0,12.0,8.9,10.0,M,0.0
Breach,PC,2011.0,Shooter,Destineer,0.01,0.0,0.0,0.0,0.01,61.0,12.0,5.8,43.0,T,0.0
STORM: Frontline Nation,PC,2011.0,Strategy,Unknown,0.0,0.01,0.0,0.0,0.01,60.0,12.0,7.2,13.0,E10+,0.0
Battle Fantasia,PS3,2008.0,Fighting,505 Games,0.0,0.0,0.01,0.0,0.01,67.0,9.0,6.1,9.0,T,0.0
Champions Online,PC,2009.0,Role-Playing,Atari,0.0,0.01,0.0,0.0,0.01,72.0,40.0,6.2,251.0,T,0.0
Crusty Demons,X,2006.0,Racing,Evolved Games,0.01,0.0,0.0,0.0,0.01,51.0,21.0,6.5,4.0,M,0.0
Ultimate Beach Soccer,X,2003.0,Sports,Wanadoo,0.01,0.0,0.0,0.0,0.01,39.0,8.0,6.8,5.0,E,0.0
Damnation,PC,2009.0,Shooter,Codemasters,0.0,0.01,0.0,0.0,0.01,41.0,17.0,4.2,70.0,M,0.0
ScreamRide,XOne,2015.0,Simulation,Microsoft Game Studios,0.0,0.01,0.0,0.0,0.01,71.0,63.0,4.8,228.0,E10+,0.0
Wanted: Weapons of Fate,PC,2009.0,Shooter,Warner Bros. Interactive Entertainment,0.0,0.01,0.0,0.0,0.01,62.0,24.0,7.3,59.0,M,0.0
Full Auto 2: Battlelines,PSP,2007.0,Racing,Sega,0.0,0.0,0.0,0.0,0.01,53.0,19.0,7.0,6.0,E10+,0.0
Ori and the Blind Forest,PC,2015.0,Platform,Microsoft Game Studios,0.0,0.01,0.0,0.0,0.01,88.0,12.0,8.7,918.0,E,0.0
Spore Galactic Adventures,PC,2009.0,Strategy,Electronic Arts,0.0,0.01,0.0,0.0,0.01,70.0,32.0,7.2,65.0,E10+,0.0
The Sims 2: Celebration Stuff,PC,2007.0,Simulation,Electronic Arts,0.0,0.01,0.0,0.0,0.01,75.0,5.0,6.6,5.0,T,0.0
Sherlock Holmes vs. Jack the Ripper,PC,2009.0,Adventure,Focus Home Interactive,0.0,0.01,0.0,0.0,0.01,73.0,26.0,8.1,43.0,T,0.0
Emperor: Rise of the Middle Kingdom,PC,2002.0,Strategy,Vivendi Games,0.0,0.01,0.0,0.0,0.01,77.0,15.0,8.3,29.0,E,0.0
Grand Theft Auto Online,PS3,2013.0,Shooter,Take-Two Interactive,0.0,0.01,0.0,0.0,0.01,83.0,4.0,5.7,153.0,M,0.0
Gun,PC,2005.0,Shooter,Activision,0.0,0.01,0.0,0.0,0.01,76.0,24.0,8.1,121.0,M,0.0
Bound By Flame,X360,2014.0,Role-Playing,Focus Home Interactive,0.0,0.01,0.0,0.0,0.01,56.0,5.0,6.8,45.0,M,0.0
Necrovision,PC,2009.0,Shooter,505 Games,0.0,0.01,0.0,0.0,0.01,63.0,19.0,6.3,79.0,M,0.0
Defenders of Ardania,PC,2011.0,Strategy,Paradox Interactive,0.0,0.01,0.0,0.0,0.01,58.0,17.0,4.6,28.0,T,0.0
UFO: Extraterrestrials,PC,2007.0,Strategy,Paradox Interactive,0.0,0.01,0.0,0.0,0.01,68.0,15.0,6.9,35.0,E10+,0.0
Steel Horizon,DS,2007.0,Strategy,Konami Digital Entertainment,0.01,0.0,0.0,0.0,0.01,42.0,15.0,5.8,5.0,E10+,0.0
NHL 08,PC,2007.0,Action,Electronic Arts,0.0,0.01,0.0,0.0,0.01,65.0,8.0,4.0,18.0,E10+,0.0
MotoGP 3: Ultimate Racing Technology,X,2005.0,Racing,THQ,0.01,0.0,0.0,0.0,0.01,85.0,34.0,8.4,7.0,E,0.0
Skullgirls: 2nd Encore,PSV,2016.0,Fighting,Arc System Works,0.0,0.0,0.01,0.0,0.01,76.0,7.0,8.3,11.0,T,0.0
Bruce Lee: Return of the Legend,GBA,2003.0,Action,Universal Interactive,0.01,0.0,0.0,0.0,0.01,82.0,4.0,9.0,4.0,E,0.0
Heroes of the Storm,PC,2015.0,Strategy,Activision,0.01,0.0,0.0,0.0,0.01,86.0,57.0,6.6,1062.0,T,0.0
Two Worlds,PC,2007.0,Role-Playing,SouthPeak Games,0.0,0.0,0.0,0.01,0.01,65.0,23.0,6.8,221.0,M,0.0
Armored Core: Verdict Day,X360,2013.0,Simulation,From Software,0.0,0.0,0.01,0.0,0.01,65.0,8.0,7.6,10.0,T,0.0
Stolen,PC,2005.0,Action,Hip Interactive,0.0,0.01,0.0,0.0,0.01,48.0,10.0,7.4,7.0,T,0.0
Dawn of Fantasy,PC,2011.0,Strategy,505 Games,0.01,0.0,0.0,0.0,0.01,59.0,4.0,7.0,72.0,T,0.0
Hyperdimension Neptunia mk2,PS3,2011.0,Action,Nippon Ichi Software,0.0,0.01,0.0,0.0,0.01,53.0,16.0,7.5,112.0,M,0.0
Pro Evolution Soccer 2008,DS,2007.0,Sports,Konami Digital Entertainment,0.01,0.0,0.0,0.0,0.01,58.0,8.0,6.0,6.0,E,0.0
Winx Club: Join the Clu,PSP,2007.0,Platform,Konami Digital Entertainment,0.01,0.0,0.0,0.0,0.01,30.0,6.0,3.1,9.0,E,0.0
LEGO Marvels Avengers,PC,2016.0,Action,Warner Bros. Interactive Entertainment,0.0,0.01,0.0,0.0,0.01,64.0,4.0,6.6,16.0,E10+,0.0
S\xc3\xa9bastien Loeb Rally Evo,PC,2016.0,Racing,Milestone S.r.l,0.0,0.01,0.0,0.0,0.01,67.0,14.0,7.2,42.0,E,0.0
Space Hulk,PSV,2015.0,Strategy,Funbox Media,0.0,0.01,0.0,0.0,0.01,51.0,6.0,6.0,6.0,T,0.0
Sniper Elite 3,PC,2014.0,Shooter,505 Games,0.0,0.01,0.0,0.0,0.01,71.0,29.0,6.9,311.0,M,0.0
Tom Clancys Ghost Recon Advanced Warfighter 2,PC,2007.0,Shooter,Ubisoft,0.0,0.01,0.0,0.0,0.01,76.0,24.0,7.2,66.0,T,0.0
Darkstalkers Resurrection,X360,2013.0,Fighting,Capcom,0.0,0.0,0.01,0.0,0.01,82.0,20.0,6.4,15.0,T,0.0
Pride of Nations,PC,2011.0,Strategy,Paradox Interactive,0.0,0.01,0.0,0.0,0.01,70.0,14.0,5.6,16.0,T,0.0
The Dwarves,XOne,2016.0,Role-Playing,THQ Nordic,0.01,0.0,0.0,0.0,0.01,58.0,12.0,3.7,15.0,M,0.0
Guilty Gear 2: Overture,X360,2007.0,Fighting,505 Games,0.0,0.0,0.01,0.0,0.01,56.0,12.0,5.7,7.0,T,0.0
Harry Potter and the Goblet of Fire,PC,2005.0,Action,Electronic Arts,0.0,0.01,0.0,0.0,0.01,66.0,16.0,4.0,41.0,E10+,0.0
Generation of Chaos: Pandoras Reflection,PSP,2008.0,Strategy,Idea Factory,0.0,0.0,0.01,0.0,0.01,70.0,4.0,7.9,17.0,T,0.0
Pirates of Black Cove,PC,2011.0,Adventure,Paradox Interactive,0.0,0.01,0.0,0.0,0.01,56.0,21.0,5.8,29.0,T,0.0
X-Men Legends II: Rise of Apocalypse,PC,2005.0,Role-Playing,Activision,0.01,0.0,0.0,0.0,0.01,80.0,24.0,8.5,44.0,T,0.0
Chronicles of Mystery: The Scorpio Ritual,PC,2008.0,Adventure,City Interactive,0.0,0.01,0.0,0.0,0.01,62.0,12.0,5.6,12.0,E10+,0.0
Teenage Mutant Ninja Turtles: Out of the Shadows,X360,2013.0,Action,Activision,0.0,0.01,0.0,0.0,0.01,38.0,28.0,5.3,173.0,T,0.0
MetropolisMania 2,PS2,2006.0,Strategy,Ubisoft,0.0,0.0,0.0,0.0,0.01,37.0,4.0,6.3,4.0,E10+,0.0
D-Day,PC,2004.0,Strategy,Digital Jesters,0.0,0.01,0.0,0.0,0.01,56.0,19.0,8.2,5.0,T,0.0
Dangerous Waters,PC,2006.0,Simulation,Black Bean Games,0.0,0.01,0.0,0.0,0.01,82.0,24.0,8.8,28.0,E,0.0
SimCity 3000 Unlimited,PC,2000.0,Simulation,Electronic Arts,0.01,0.0,0.0,0.0,0.01,77.0,9.0,8.8,50.0,E,0.0
Thief: The Dark Project,PC,1997.0,Action,Eidos Interactive,0.0,0.01,0.0,0.0,0.01,92.0,18.0,9.1,321.0,M,0.0
Gurumin: A Monstrous Adventure,PSP,2006.0,Role-Playing,505 Games,0.01,0.0,0.0,0.0,0.01,78.0,41.0,7.7,20.0,E10+,0.0
City Racer,GC,2003.0,Racing,Ubisoft,0.01,0.0,0.0,0.0,0.01,58.0,4.0,6.3,4.0,E,0.0
NBA 2K10,PC,2009.0,Sports,Take-Two Interactive,0.0,0.01,0.0,0.0,0.01,85.0,5.0,7.5,40.0,E,0.0
Neverwinter Nights 2: Storm of Zehir,PC,2008.0,Role-Playing,Atari,0.0,0.01,0.0,0.0,0.01,73.0,15.0,7.2,66.0,T,0.0
Child of Light,PC,2014.0,Role-Playing,Ubisoft,0.0,0.01,0.0,0.0,0.01,77.0,16.0,8.1,483.0,E10+,0.0
Tiger Woods PGA Tour 06,PC,2005.0,Sports,Electronic Arts,0.01,0.0,0.0,0.0,0.01,81.0,14.0,8.1,11.0,E,0.0
After Burner: Black Falcon,PSP,2007.0,Simulation,Sega,0.01,0.0,0.0,0.0,0.01,73.0,30.0,6.8,8.0,T,0.0
LEGO Batman 2: DC Super Heroes,PC,2012.0,Action,Warner Bros. Interactive Entertainment,0.0,0.01,0.0,0.0,0.01,81.0,6.0,7.6,63.0,E10+,0.0
Chaos Field,GC,2005.0,Shooter,Sega,0.01,0.0,0.0,0.0,0.01,63.0,7.0,5.3,4.0,E,0.0
Spintires,PC,2014.0,Adventure,Oovee Game Studios,0.0,0.01,0.0,0.0,0.01,67.0,15.0,7.8,132.0,E,0.0
Shogun: Total War,PC,2000.0,Strategy,Electronic Arts,0.0,0.01,0.0,0.0,0.01,84.0,24.0,8.7,86.0,T,0.0
PAIN,PS3,2009.0,Action,Sony Computer Entertainment,0.0,0.01,0.0,0.0,0.01,71.0,37.0,6.2,37.0,T,0.0
MotoGP 08,PC,2008.0,Racing,Capcom,0.0,0.01,0.0,0.0,0.01,65.0,9.0,5.6,8.0,E,0.0
Disney Sports Basketball,GC,2002.0,Sports,Konami Digital Entertainment,0.01,0.0,0.0,0.0,0.01,37.0,5.0,7.8,4.0,E,0.0
Tetris Ultimate ,3DS,2014.0,Puzzle,Ubisoft,0.0,0.01,0.0,0.0,0.01,68.0,12.0,4.3,14.0,E,0.0
Curse: The Eye of Isis,X,2003.0,Adventure,Wanadoo,0.01,0.0,0.0,0.0,0.01,59.0,19.0,6.0,4.0,M,0.0
The Sims: Life Stories,PC,2007.0,Simulation,Electronic Arts,0.0,0.01,0.0,0.0,0.01,72.0,21.0,7.6,16.0,T,0.0
Magus,PS3,2014.0,Role-Playing,Aksys Games,0.01,0.0,0.0,0.0,0.01,32.0,8.0,4.7,15.0,T,0.0
Quantum Conundrum,PS3,2012.0,Action,Square Enix ,0.0,0.01,0.0,0.0,0.01,79.0,14.0,7.1,50.0,E,0.0
Burn Zombie Burn!,PC,2010.0,Shooter,P2 Games,0.0,0.01,0.0,0.0,0.01,72.0,4.0,4.4,16.0,M,0.0
AMF Xtreme Bowling,X,2006.0,Sports,Bethesda Softworks,0.01,0.0,0.0,0.0,0.01,34.0,5.0,6.8,4.0,E,0.0
Deadfall Adventures,X360,2013.0,Action,Unknown,0.0,0.01,0.0,0.0,0.01,43.0,13.0,7.9,101.0,M,0.0
Kokuga,3DS,2012.0,Action,G.Rev,0.0,0.0,0.01,0.0,0.01,77.0,14.0,7.5,19.0,E,0.0
Leisure Suit Larry: Box Office Bust,PC,2009.0,Adventure,Codemasters,0.0,0.01,0.0,0.0,0.01,20.0,17.0,2.1,36.0,M,0.0
The Ball,PC,2010.0,Shooter,Iceberg Interactive,0.0,0.01,0.0,0.0,0.01,68.0,22.0,6.4,57.0,M,0.0
Superbeat: Xonic,PSV,2015.0,Misc,PM Studios,0.0,0.01,0.0,0.0,0.01,81.0,22.0,7.6,33.0,T,0.0
Madden NFL 08,PC,2007.0,Sports,Electronic Arts,0.0,0.01,0.0,0.0,0.01,75.0,6.0,6.2,10.0,E,0.0
Invizimals: The Resistance,PSV,2014.0,Role-Playing,Sony Computer Entertainment,0.0,0.01,0.0,0.0,0.01,67.0,4.0,7.6,7.0,E10+,0.0
naild,PC,2010.0,Racing,Deep Silver,0.0,0.01,0.0,0.0,0.01,69.0,13.0,7.7,47.0,E10+,0.0
Duke Nukem Advance,GBA,2002.0,Shooter,Take-Two Interactive,0.0,0.0,0.0,0.0,0.01,81.0,15.0,8.4,11.0,T,0.0
Blood Bowl,PSP,2009.0,Sports,Focus Home Interactive,0.0,0.0,0.0,0.0,0.01,61.0,9.0,6.0,4.0,T,0.0
Scratches,PC,2006.0,Adventure,Rondomedia,0.0,0.01,0.0,0.0,0.01,67.0,18.0,8.3,52.0,T,0.0
Ultimate Spider-Man,PC,2005.0,Action,Activision,0.01,0.0,0.0,0.0,0.01,75.0,26.0,8.4,62.0,T,0.0
Age of Empires,PC,1997.0,Strategy,Microsoft Game Studios,0.01,0.0,0.0,0.0,0.01,83.0,9.0,8.7,265.0,T,0.0
Deception IV: The Nightmare Princess,PSV,2015.0,Action,Tecmo Koei,0.0,0.0,0.0,0.0,0.01,73.0,4.0,8.9,10.0,M,0.0
Disciples III: Resurrection,PC,2011.0,Strategy,Kalypso Media,0.01,0.0,0.0,0.0,0.01,63.0,6.0,4.8,42.0,T,0.0
Deep Black,PC,2012.0,Shooter,505 Games,0.0,0.0,0.0,0.0,0.01,47.0,4.0,2.0,17.0,T,0.0
Europa Universalis III,PC,2007.0,Strategy,Paradox Interactive,0.0,0.01,0.0,0.0,0.01,83.0,25.0,8.4,196.0,E,0.0
Universe at War: Earth Assault,PC,2007.0,Action,Sega,0.0,0.0,0.0,0.0,0.01,77.0,48.0,8.5,142.0,T,0.0
Ziggurat,XOne,2016.0,Action,Milkstone Studios,0.0,0.01,0.0,0.0,0.01,77.0,6.0,7.8,15.0,T,0.0
Dungeon Siege II: Broken World,PC,2006.0,Role-Playing,Take-Two Interactive,0.01,0.0,0.0,0.0,0.01,62.0,28.0,6.7,31.0,M,0.0
The Escapists: The Walking Dead,PS4,2016.0,Action,Team17 Software,0.0,0.0,0.0,0.0,0.01,63.0,5.0,7.4,5.0,T,0.0
Call of Duty,PC,2003.0,Shooter,Activision,0.0,0.0,0.0,0.0,0.01,91.0,44.0,8.5,661.0,T,0.0
The Mighty Quest for Epic Loot,PC,2013.0,Role-Playing,Ubisoft,0.0,0.0,0.0,0.0,0.01,64.0,9.0,5.5,95.0,T,0.0
Monopoly Tycoon,PC,2001.0,Simulation,Atari,0.0,0.01,0.0,0.0,0.01,85.0,10.0,7.9,31.0,E,0.0
SoulCalibur IV,X360,2008.0,Fighting,Namco Bandai Games,0.0,0.0,0.0,0.0,0.01,85.0,62.0,7.9,158.0,T,0.0
Mystery Case Files: Dire Grove,PC,2009.0,Adventure,Focus Home Interactive,0.0,0.01,0.0,0.0,0.01,82.0,4.0,8.5,8.0,E10+,0.0
Ziggurat,PS4,2016.0,Action,Milkstone Studios,0.0,0.0,0.0,0.0,0.01,80.0,8.0,7.1,19.0,T,0.0
Portal,PC,2007.0,Puzzle,Valve Software,0.0,0.0,0.0,0.0,0.01,90.0,27.0,9.3,4131.0,T,0.0
Battle B-Daman,GBA,2004.0,Action,Atlus,0.0,0.0,0.0,0.0,0.01,62.0,5.0,7.2,5.0,E,0.0
Greed Corp,PC,2010.0,Strategy,DTP Entertainment,0.0,0.0,0.0,0.0,0.01,76.0,7.0,7.1,44.0,E,0.0
Dawn of Discovery: Venice,PC,2010.0,Simulation,Ubisoft,0.0,0.0,0.0,0.0,0.01,78.0,16.0,8.3,15.0,T,0.0
Spy Hunter: Nowhere To Run,X,2006.0,Racing,Midway Games,0.0,0.0,0.0,0.0,0.01,51.0,20.0,4.0,5.0,T,0.0
Nancy Drew: The Phantom of Venice,PC,2008.0,Adventure,Her Interactive,0.0,0.0,0.0,0.0,0.01,69.0,7.0,6.6,8.0,E,0.0
Tom Clancys Splinter Cell,PC,2003.0,Action,Ubisoft,0.0,0.0,0.0,0.0,0.01,91.0,20.0,8.5,291.0,T,0.0
Blacksite: Area 51,PC,2007.0,Shooter,Midway Games,0.0,0.0,0.0,0.0,0.01,60.0,20.0,4.9,42.0,T,0.0
Virtua Tennis 2009,PC,2009.0,Sports,Sega,0.0,0.0,0.0,0.0,0.01,68.0,8.0,6.5,19.0,E,0.0
CivCity: Rome,PC,2006.0,Strategy,Take-Two Interactive,0.0,0.0,0.0,0.0,0.01,67.0,46.0,6.9,32.0,E10+,0.0
Super Meat Boy,PS4,2016.0,Platform,Team Meat,0.0,0.0,0.0,0.0,0.01,85.0,7.0,7.0,114.0,T,0.0
